K1 SFG Selbstfinanzierungsgrad;;;;;;;;;
Der Selbstfinanzierungsgrad gibt Antwort auf die Frage, wie weit die Investitionen aus
selbst erarbeiteten Mitteln bezahlt werden können. Ein Selbstfinanzierungsgrad von
unter 100 % führt zu einer Neuverschuldung, von über 100 % zu einer Entschuldung. Es handelt sich um
unbereinigte Zahlen.

BFS-Nr.;Gemeinde;Anzahl Einwohner;Verw.-Kreis ;Amtsbezirk;BFS Typ;Agglomeration BFS-Nr.;2002 [PROZ];2003 [PROZ];2004 [PROZ];2005 [PROZ];2006 [PROZ];2007 [PROZ];2008 [PROZ];2009 [PROZ];2010 [PROZ];2011 [PROZ]
301;Aarberg;4090.0;243;1;17;;50.4;621.1;86.5;199.8;364.1;353.2;247.9;135.3;302.3;833.9
321;Aarwangen;4214.0;244;2;15;;112.1;136.9;126.6;192.8;802.2;43.1;53.9;55.6;44.1;44.2
561;Adelboden;3583.0;249;10;6;;435.5;72.6;46.2;77.7;118.5;153.8;102.4;178.8;113.0;192.2
401;Aefligen;1036.0;245;6;14;404;421.2;518.6;683.0;387.7;577.3;298.9;62.6;37.1;359.9;114.1
731;Aegerten;1750.0;242;16;14;371;0.00;36.9;65.5;100.9;157.3;157.7;104.9;297.2;177.7;96.9
562;Aeschi b.Sp.;2070.0;249;10;7;;139.9;773.2;129.0;98.9;259.4;185.2;93.2;488.1;187.4;205.0
601;Aeschlen;0.0;246;12;21;;-5350.6;-303.5;2456.3;0.00;6843.2;464.3;18.0;711.1;0.00;0.00
951;Affoltern i.E.;1141.0;245;25;19;;3881.6;471.1;271.7;272.9;508.1;110.8;-276.7;121.9;22.9;27.6
851;Albligen;0.0;246;21;20;;111.3;6386.6;204.9;21.1;45.6;24.0;-19.9;126.3;178.5;0.00
402;Alchenstorf;570.0;245;6;16;;218.3;242.7;150.6;163.7;496.3;227.5;45.6;289.3;111.9;47.1
630;Allmendingen;515.0;246;12;11;351;1539.0;96.4;1038.7;344.7;-1337.9;0.00;5221.0;338.3;855.3;46.0
921;Amsoldingen;797.0;247;24;16;;915.6;275.5;1333.7;107.9;3768.4;30.2;51.7;42.3;169.9;69.6
381;Arch;1542.0;243;5;18;;0.00;416.1;697.6;457.2;421.6;232.7;577.7;153.8;86.4;132.1
602;Arni;955.0;246;12;20;;-4487.8;599.0;163.4;351.9;142.0;147.4;190.5;124.8;114.5;59.4
971;Attiswil;1298.0;244;26;16;;123.1;133.3;84.5;137.3;133.5;35.7;118.7;192.1;110.3;19.6
322;Auswil;460.0;244;2;19;;375.4;240.2;26.1;29.3;5331.7;375.0;1093.6;145.6;58.1;-17.8
531;Ballmoos;0.0;246;9;21;;-281.8;-23.3;72.4;-73.2;1293.2;-175.4;-52.5;-420.7;0.00;0.00
532;Bangerten;158.0;243;9;21;;103.2;-1261.8;85.7;1448.1;507.4;-56.4;93.8;124.7;-69.8;-1.8
323;Bannwil;676.0;244;2;15;;394.9;591.8;1127.6;437.2;274.8;72.8;591.5;503.0;174.4;355.3
302;Bargen;1005.0;243;1;16;;344.4;259.0;139.1;28.4;156.8;1004.3;146.6;148.2;115.6;292.2
571;Beatenberg;1126.0;250;11;7;;1828.7;910.5;759.2;105.5;330.4;61.0;80.2;146.7;213.1;1256.7
732;Bellmund;1490.0;242;16;14;371;110.0;10.6;8.6;129.7;3603.5;465.4;350.5;329.2;177.0;33.5
861;Belp;10356.0;246;22;9;351;0.00;124.5;108.3;179.0;201.9;215.0;150.0;182.0;131.8;289.4
862;Belpberg;418.0;246;22;21;;16.4;12.8;-20.6;-168.4;271.2;-441.5;-3296.0;-336.2;-34.5;-12853.7
681;Belprahon;300.0;241;15;15;;58.6;106.5;0.00;0.00;-37.9;228.3;45.8;-92.1;58.9;336.1
972;Berken;47.0;244;26;22;;46.4;0.00;-162.1;7.1;-1207.6;-448.2;-162.3;-1734.1;-454.7;255.4
351;Bern;126664.0;246;3;1;351;0.00;105.1;-55.2;-42.2;89.9;158.3;122.2;251.3;494.9;-124.4
973;Bettenhausen;686.0;244;26;15;;4635.2;217.7;147.0;221.3;2894.5;-112.8;61.0;-8.6;-3384.6;151.2
371;Biel;51323.0;242;4;2;371;101.0;226.7;148.8;78.3;125.9;134.3;107.8;57.3;48.4;113.8
603;Biglen;1729.0;246;12;15;;0.00;36.4;94.4;1175.1;393.2;243.1;107.8;346.5;314.1;80.3
324;Bleienbach;654.0;244;2;19;;0.00;0.00;0.00;848.9;3829.3;60.1;48.3;4.8;1995.3;583.9
604;Bleiken b.O.;385.0;246;12;16;;353.2;96.2;209.0;98.8;184.3;252.9;224.7;54.9;314.8;163.1
922;Blumenstein;1182.0;247;24;17;;300.0;277.4;375.2;286.1;270.0;180.8;527.0;171.5;142.8;-439.2
352;Bolligen;6057.0;246;3;11;351;-283.6;264.0;42.0;234.6;79.6;101.4;61.8;52.0;358.8;125.3
974;Bollodingen;0.0;244;26;19;;111.9;342.3;937.8;390.8;1765.7;6.9;678.0;252.7;119.3;0.00
791;Boltigen;1366.0;248;19;21;;0.00;150.3;147.4;108.2;80.1;208.2;179.2;252.0;122.0;125.3
605;Bowil;1381.0;246;12;19;;103.1;149.0;252.2;50.0;5.4;93.6;61.6;324.0;34.1;181.1
353;Bremgarten b.B.;4210.0;246;3;11;351;0.00;269.1;160.5;60.2;141.4;135.9;202.5;176.0;241.4;75.8
606;Brenzikofen;524.0;246;12;15;;1895.0;414.7;1886.7;362.5;587.5;850.8;462.1;628.6;532.4;966.2
573;Brienz;3014.0;250;11;7;;232.1;608.2;191.6;157.8;-5.3;89.4;81.8;18.0;39.5;45.8
574;Brienzwiler;511.0;250;11;17;;246.9;374.7;224.4;232.9;1024.8;291.5;92.7;50.0;78.0;87.3
733;Brügg;4155.0;242;16;12;371;971.3;202.6;41.5;129.4;380.1;720.3;240.5;-4.1;-14.7;173.7
491;Brüttelen;577.0;243;8;21;;-4642.1;-1004.8;3.4;777.0;314.5;1285.2;128.7;87.9;216.8;550.2
923;Buchholterberg;1531.0;247;24;19;;52.2;509.5;1069.6;139.2;201.8;123.3;286.0;110.5;118.7;109.5
404;Burgdorf;15549.0;245;6;3;404;133.6;142.7;129.7;164.7;87.1;258.9;-60.0;23.4;54.0;65.3
863;Burgistein;1026.0;247;22;16;;57.7;251.4;1602.6;479.3;85.6;279.7;42.3;97.3;204.7;591.8
384;Busswil b.B.;0.0;243;5;14;371;0.00;804.1;4819.9;-1760.7;154.2;183.9;163.9;117.1;64.8;0.00
325;Busswil b.M.;201.0;244;2;20;;57.6;450.8;-227.1;-57.8;673.7;37.5;-156.3;-128.7;-103.7;-534.2
403;Bäriswil;1005.0;246;6;11;351;164.8;339.8;78.5;205.6;105.4;292.9;80.8;676.9;13.6;40.7
533;Bätterkinden;3171.0;245;9;15;;416.4;1021.7;191.5;515.6;83.7;166.3;196.7;195.1;332.0;418.0
682;Bévilard;1681.0;241;15;18;;36.9;352.7;438.3;56.7;84.7;218.4;93.2;9.8;-2156.6;121.6
572;Bönigen;2447.0;250;11;7;;124.4;59.6;184.2;-210.0;74.4;34.7;44.0;96.3;45.7;89.4
382;Büetigen;827.0;243;5;15;;372.2;520.9;63.6;91.1;19755.2;1203.6;311.8;323.3;75.8;81.6
734;Bühl;419.0;243;16;16;;708.8;210.6;2278.8;176.9;385.4;52.2;580.5;38.7;42.3;-323.2
383;Büren a.A.;3295.0;243;5;17;;567.4;213.4;119.5;159.2;998.3;86.3;39.8;125.8;126.9;2.7
534;Büren z.H.;468.0;246;9;15;;39.2;14.0;-99.7;-1458.2;899.1;160.0;129.0;769.3;216.6;20.9
683;Champoz;162.0;241;15;21;;48.9;157.0;302.5;568.1;691.0;21147.3;102.4;89.9;185.9;96.0
684;Châtelat;113.0;241;15;21;;33.6;29.6;10.4;5.7;139.6;-36.7;0.00;500.2;57.9;160.5
661;Clavaleyres;49.0;246;14;21;;0.00;0.00;0.00;-99.8;196.0;0.00;707.9;0.00;40.8;0.00
687;Corcelles;214.0;241;15;15;;-813.9;28.8;805.0;7828.5;41.7;-269.4;271.5;-1746.0;96.2;337.4
431;Corgémont;1551.0;241;7;18;;387.5;149.3;246.8;80.9;137.0;228.0;613.4;238.8;21.5;228.0
432;Cormoret;495.0;241;7;15;;92.6;165.1;91.9;472.7;125.6;604.1;390.9;223.5;801.3;1325.4
433;Cortébert;697.0;241;7;15;;-2841.2;6381.4;33.7;202.4;377.1;101.6;101.2;38.9;39.5;137.8
690;Court;1390.0;241;15;18;;52.7;82.3;497.8;236.0;238.1;233.7;210.6;132.8;161.2;104.8
434;Courtelary;1283.0;241;7;18;;37.0;-1632.2;-7054.4;207.1;91.0;253.1;243.1;148.2;953.8;28.5
691;Crémines;550.0;241;15;18;;-25.4;73.0;276.0;261.6;-113.2;143.3;90.5;93.8;61.4;23.6
535;Deisswil b.M.;97.0;246;9;15;;-419.7;17.5;70.4;18.7;-2.6;-4.5;310.9;260.9;1022.8;-285.7
536;Diemerswil;199.0;246;9;11;351;0.00;0.00;247.7;0.00;0.00;1119.6;454.4;1987.8;69.3;809.1
762;Diemtigen;2140.0;249;17;21;;226.2;149.4;105.5;73.4;8.8;20.1;129.6;200.3;238.1;154.4
385;Diessbach b.B.;923.0;243;5;15;;759.4;511.2;818.0;2906.2;238.8;504.1;1149.4;5451.5;1140.2;410.5
721;Diesse;443.0;241;13;17;;-890.2;-191.3;202.3;73.9;370.4;127.3;150.4;207.3;199.0;263.7
386;Dotzigen;1358.0;243;5;15;;728.8;135.1;234.8;248.5;622.8;179.0;229.6;130.7;273.3;131.6
575;Därligen;416.0;250;11;15;;-226.3;1090.1;-365.0;-443.1;-71.8;523.3;1921.0;166.9;5413.5;1649.3
761;Därstetten;833.0;249;17;19;;0.00;0.00;175.0;265.5;155.9;112.8;151.1;194.4;53.2;32.1
952;Dürrenroth;1064.0;245;25;21;;137.7;59.2;1830.6;176.8;2884.4;183.8;-2.2;32.0;212.9;272.2
901;Eggiwil;2453.0;245;23;21;;136.6;124.8;163.3;135.0;233.0;169.0;188.6;690.6;171.1;-368.2
864;Englisberg;0.0;246;22;8;;-7.9;39.8;0.00;0.00;0.00;0.00;0.00;0.00;0.00;0.00
735;Epsach;341.0;243;16;16;;547.8;268.8;1723.1;393.6;563.4;1078.0;185.5;192.1;424.3;156.5
953;Eriswil;1347.0;244;25;19;;139.8;44.8;27.5;106.1;665.9;122.8;8.6;229.5;89.3;116.5
924;Eriz;496.0;247;24;21;;767.2;113.1;19.5;574.1;322.3;9300.1;5288.8;367.4;190.2;52.7
492;Erlach;1278.0;243;8;17;;61.5;120.8;58.5;88.6;78.9;147.3;242.2;1057.5;295.9;204.6
763;Erlenbach i.S.;1695.0;249;17;20;;244.2;422.3;281.0;913.6;120.4;194.2;214.7;368.0;106.7;118.2
405;Ersigen;1589.0;245;6;19;;237.1;128.2;73.6;100.0;165.2;309.8;73.1;57.1;144.5;160.9
692;Eschert;377.0;241;15;19;;-47.6;99.1;81.8;-414.0;-77.9;-263.6;43.5;-155.4;-182.2;96.7
537;Etzelkofen;289.0;246;9;18;;220.5;1083.3;83.4;236.1;113.2;165.2;325.2;81.0;-39.4;-42.8
372;Evilard;2424.0;242;4;5;371;-358.0;346.1;145.0;228.1;276.5;406.6;198.2;164.9;444.6;24.6
925;Fahrni;741.0;247;24;20;;338.4;27.6;119.6;1150.2;129.3;146.4;104.4;377.3;166.4;116.6
975;Farnern;209.0;244;26;15;;1033.7;193.5;1916.1;80.8;177.2;101.2;-33.8;-174.2;77.5;103.6
662;Ferenbalm;1270.0;246;14;15;;361.6;159.6;395.8;440.1;589.2;43.0;668.2;129.1;211.9;-83.8
493;Finsterhennen;501.0;243;8;20;;93.5;27.9;27.2;-317.6;95.4;159.0;61.0;227.0;102.2;-530.7
926;Forst;0.0;247;24;15;;4557.8;594.0;4571.2;231.6;54.6;0.00;0.00;0.00;0.00;0.00
948;Forst-Längenbühl;704.0;247;24;19;;0.00;0.00;0.00;0.00;0.00;286.2;152.3;-513.4;3537.1;195.0
538;Fraubrunnen;1791.0;246;9;11;351;302.7;586.9;-1037.4;150.9;96.9;67.0;166.1;60.4;37.4;51.0
663;Frauenkappelen;1256.0;246;14;11;351;64.6;-678.2;98.0;25.5;-7.7;114.0;362.8;165.1;241.6;220.4
607;Freimettigen;424.0;246;12;15;;49.3;450.5;37.0;25.2;44.3;77.3;578.1;127.8;51.2;25.6
563;Frutigen;6703.0;249;10;4;;207.4;442.0;439.5;484.1;214.0;375.8;169.2;168.9;111.7;43.3
781;Gadmen;229.0;250;18;22;;437.2;1447.6;-5780.6;2524.7;3544.4;612.0;64.9;243.7;26.6;19.5
494;Gals;729.0;243;8;20;;34.6;217.0;-141.5;886.7;-1865.0;-731.2;403.4;242.2;382.6;91.9
495;Gampelen;791.0;243;8;17;;53.7;2668.4;223.6;207.4;-383.9;-508.9;1930.6;1193.3;598.3;416.2
865;Gelterfingen;242.0;246;22;21;;192.6;-2085.7;199.7;892.5;184.0;-306.1;14.6;-65.6;1141.6;83.6
866;Gerzensee;1134.0;246;22;20;;41.5;90.7;222.5;194.0;319.4;160.2;399.8;40.1;144.3;142.2
664;Golaten;303.0;246;14;21;;262.2;99.0;2132.1;1400.4;-339.8;7.6;-67.1;-5.8;1121.3;-2.2
326;Gondiswil;724.0;244;2;19;;701.8;196.2;13.7;60.5;4916.7;60.1;156.1;48.8;58.8;64.4
976;Graben;291.0;244;26;15;;22.3;117.1;238.2;37.2;4990.6;2652.0;1305.2;67.5;380.0;295.8
539;Grafenried;976.0;246;9;11;351;896.3;191.7;48.9;81.0;217.4;397.4;122.1;147.0;111.8;73.2
694;Grandval;351.0;241;15;18;;-3853.4;0.00;0.00;0.00;193.8;260.6;1558.6;2679.0;2077.2;177.7
576;Grindelwald;4040.0;250;11;6;;140.2;427.0;205.8;67.0;139.8;103.8;218.4;141.5;66.7;54.0
303;Grossaffoltern;2812.0;243;1;15;;-486.2;176.0;900.8;702.1;249.7;252.6;248.7;60.7;59.2;113.0
608;Grosshöchstetten;3289.0;246;12;11;351;119.1;136.9;152.9;357.4;148.0;149.0;476.3;47.6;33.8;-538.6
841;Gsteig;986.0;248;20;20;;1691.2;99.1;70.4;40.0;96.6;164.5;254.1;234.1;387.3;311.1
577;Gsteigwiler;430.0;250;11;14;;421.9;6926.4;14150.1;483.1;483.8;110.3;376.0;169.3;70.8;20.6
852;Guggisberg;1585.0;246;21;21;;443.1;126.0;69.7;45.2;124.9;128.8;-3445.0;313.3;144.3;233.7
665;Gurbrü;245.0;246;14;21;;205.7;1477.6;46.0;14.1;28.2;461.2;150.4;1325.4;1433.9;29.9
867;Gurzelen;798.0;247;22;19;;110.1;-16.3;-16.6;238.4;52.9;67.1;138.3;25.8;4.8;167.4
327;Gutenburg;0.0;244;2;15;;7.6;116.0;28.4;1872.3;2085.2;0.00;0.00;0.00;0.00;0.00
782;Guttannen;321.0;250;18;7;;46.0;300.0;714.3;142.6;137.9;125.2;150.9;47.2;580.3;49.3
578;Gündlischwand;284.0;250;11;17;;28.9;14035.0;426.2;46.2;-55.1;-140.0;5061.7;182.0;146.2;182.3
579;Habkern;640.0;250;11;21;;95.1;69.1;187.7;37.6;111.8;47.0;46.1;161.8;746.8;106.7
736;Hagneck;415.0;243;16;15;;233.7;431.6;769.6;181.7;2653.8;1138.3;77.5;17.7;3.2;16.3
406;Hasle b.B.;3170.0;245;6;16;;0.00;93.6;157.6;324.4;152.5;186.4;116.2;70.0;68.1;706.1
783;Hasliberg;1229.0;250;18;6;;201.4;38.2;112.3;39.6;40.8;166.3;91.8;1520.2;171.8;96.6
927;Heiligenschwendi;675.0;247;24;7;;82.9;47.8;58.8;138.6;177.7;169.7;789.8;320.3;89.2;241.4
928;Heimberg;6365.0;247;24;12;942;175.1;150.8;110.7;354.1;174.9;203.6;-1412.6;125.6;179.4;458.6
977;Heimenhausen;1016.0;244;26;15;;464.2;560.0;4514.8;-189.2;4931.1;88.4;-0.9;629.8;40.6;111.3
407;Heimiswil;1636.0;245;6;21;;245.7;416.2;131.4;85.6;193.2;95.7;118.5;174.0;44.6;124.1
408;Hellsau;192.0;245;6;19;;-10414.4;1763.1;689.2;40.6;-56.6;-712.4;12.7;534.4;237.9;244.5
610;Herbligen;551.0;246;12;16;;580.4;2027.4;687.4;626.1;-242.2;-36.6;1343.5;1123.1;59.8;98.1
978;Hermiswil;96.0;244;26;20;;0.00;373.4;9.3;-1780.3;1815.0;-98.2;-29.3;-73.4;-127.9;32.8
737;Hermrigen;262.0;243;16;16;;-50.4;297.6;555.3;614.2;42.1;-285.8;347.9;53.1;80.6;66.2
979;Herzogenbuchsee;6795.0;244;26;4;;157.7;112.0;1110.2;184.3;724.0;52.1;4.0;0.4;-14.1;-13.1
929;Hilterfingen;3998.0;247;24;13;942;96.9;0.00;208.7;198.2;498.0;511.3;744.7;1748.6;466.1;142.8
409;Hindelbank;2094.0;245;6;17;;0.00;637.3;41.8;179.2;318.7;154.2;101.6;676.4;245.9;62.9
580;Hofstetten b.B.;567.0;250;11;17;;187.2;421.3;6268.7;704.0;73.6;202.0;320.1;654.8;111.1;199.8
931;Homberg;502.0;247;24;21;;66.7;178.0;735.1;795.2;2043.0;377.2;71.4;633.9;589.4;152.8
932;Horrenbach-Buchen;259.0;247;24;21;;166.0;-111.6;52.6;46.1;-46.1;1118.5;60.5;234.0;286.0;72.8
954;Huttwil;4726.0;244;25;18;;0.00;101.6;176.1;202.8;1324.2;187.8;50.4;70.0;165.0;107.3
609;Häutligen;239.0;246;12;21;;1928.7;193.8;364.7;-16.1;1992.5;76.2;-174101.0;-15.5;-775.0;94.3
410;Höchstetten;258.0;245;6;19;;0.00;0.00;0.00;0.00;53.4;136.9;116.9;-330.0;47.6;341.4
930;Höfen;441.0;247;24;16;;508.2;33.3;74.2;328.3;2213.5;575.0;131.6;393.7;819.4;16168.6
541;Iffwil;409.0;246;9;20;;-32.8;124.2;294.9;-76.2;-171.2;161.7;65.3;15.7;408.9;492.5
980;Inkwil;638.0;244;26;15;;-18128.2;62.1;648.3;165.2;-39785.3;104.3;-19.5;521.3;-132.1;224.0
784;Innertkirchen;886.0;250;18;19;;154.7;552.7;294.9;190.8;132.0;98.2;126.6;70.1;169.6;46.8
496;Ins;3260.0;243;8;20;;0.00;61.7;251.4;316.3;235.0;45.1;64.1;101.0;106.3;96.1
581;Interlaken;5481.0;250;11;6;;18.3;172.7;124.2;90.5;63.6;150.1;128.4;78.0;89.8;111.4
739;Ipsach;3913.0;242;16;13;371;627.5;144.7;-83.9;88.6;-532.0;265.3;-1213.4;3038.2;212.1;43.5
582;Iseltwald;432.0;250;11;20;;246.4;117.9;222.0;107.9;107.6;248.3;577.1;300.1;248.8;181.8
362;Ittigen;11006.0;246;3;9;351;5.1;13.6;211.7;-2597.0;102.2;118.7;666.5;459.3;213.2;71.9
868;Jaberg;258.0;246;22;15;;57.0;-0.1;342.2;987.1;221.1;107.2;-899.6;-61.5;118.0;1094.1
540;Jegenstorf;4680.0;246;9;10;351;0.00;274.4;71.8;493.8;173.5;238.6;89.4;100.9;76.1;123.3
738;Jens;681.0;243;16;15;;0.00;704.0;-414.2;394.8;851.9;2861.5;164.4;56.9;38.1;19.6
304;Kallnach;1563.0;243;1;19;;364.2;73719.8;133.1;186.1;358.6;968.5;102.3;305.3;80.1;76.2
564;Kandergrund;810.0;249;10;8;;1257.1;182.1;628.1;104.2;229.8;-56.7;-19.9;-151.5;56.7;55.6
565;Kandersteg;1261.0;249;10;6;;-187.3;-2963.6;97.6;279.7;256.6;273.4;121.2;92.0;127.4;40.4
305;Kappelen;1278.0;243;1;19;;172.4;157.3;100.2;81.0;25.5;466.5;57.4;235.8;39.1;87.7
869;Kaufdorf;1034.0;246;22;11;351;197.0;1041.4;1864.7;1460.3;132.9;370.8;28605.9;158.5;532.5;29.0
870;Kehrsatz;3964.0;246;22;10;351;249.5;1644.2;37.1;-194.2;-20.1;803.6;274.9;232.1;167.1;76.2
411;Kernenried;449.0;245;6;15;;332.3;215.4;198.3;2.6;334.4;186.7;386.3;185.0;112.4;-305.9
871;Kienersrüti;52.0;247;22;21;;0.00;0.00;0.00;-54.6;0.00;0.00;0.00;0.00;0.00;0.00
611;Kiesen;857.0;246;12;15;;734.0;0.00;-727.5;-5.7;163.1;-4819.6;0.00;0.00;241.0;52.3
412;Kirchberg;5613.0;245;6;12;404;0.00;-106.8;42.9;39.7;842.6;275.4;184.1;118.2;246.4;397.1
872;Kirchdorf;814.0;246;22;20;;33.9;51.1;109.8;138.8;153.0;22.4;76.4;712.1;1344.9;147.2
873;Kirchenthurnen;271.0;246;22;15;;53.7;101.4;7325.6;-5629.2;4911.5;8830.4;13.8;115.8;366.2;50.8
354;Kirchlindach;2815.0;246;3;11;351;86.9;40.1;138.8;351.0;-1442.1;111.5;84.5;5.2;71.9;3.1
328;Kleindietwil;0.0;244;2;19;;618.1;390.9;1839.9;1329.9;1300.5;364.7;-6.2;116.4;-17.7;0.00
612;Konolfingen;4739.0;246;12;9;351;0.00;34.5;-1349.6;-18.3;170.5;3679.7;610.5;4886.3;1744.7;341.4
413;Koppigen;2070.0;245;6;17;;149.8;249.8;144.9;787.6;462.0;214.1;64.5;106.4;152.8;65.8
566;Krattigen;989.0;249;10;17;;507.7;235.2;57.8;308.8;211.8;300.3;83.8;120.3;78.5;132.7
414;Krauchthal;2318.0;245;6;15;;522.8;8915.6;99.2;215.6;113.1;223.8;57.6;62.5;32.3;21.7
666;Kriechenwil;410.0;246;14;20;;489.1;4094.4;1017.4;135.1;198.0;1157.8;234.1;376.4;182.2;111.6
355;Köniz;38633.0;246;3;9;351;35.7;128.0;96.8;90.8;149.7;275.8;178.8;58.4;87.7;164.9
435;La Ferrière;545.0;241;7;19;;106.3;729.8;48.6;52.4;-129.1;212.6;1531.1;247.7;212.6;294.2
436;La Heutte;486.0;241;7;15;;96.7;638.6;-279.8;2413.8;281.0;1565.1;504.0;10.2;-9.8;68.6
723;La Neuveville;3559.0;241;13;17;;36.5;187.8;181.0;89.8;86.7;301.0;74.8;86.9;50.6;102.6
722;Lamboing;682.0;241;13;16;;330.2;368.1;98.1;169.9;215.9;169.8;486.2;-1427.2;63.3;229.0
613;Landiswil;628.0;246;12;21;;0.00;-1050.7;59.4;-25.1;33.0;143.1;284.3;90.8;-13.1;486.9
329;Langenthal;15017.0;244;2;3;;0.00;0.00;0.00;328.8;6914.2;-472.0;352.4;230.8;62.3;24.4
902;Langnau i.E.;9018.0;245;23;3;;101.3;73.2;122.5;87.3;225.7;122.9;85.9;116.2;123.9;75.6
842;Lauenen;810.0;248;20;21;;221.6;6.2;45.4;85.2;186.0;224.1;233.7;169.6;118.4;106.0
667;Laupen;2830.0;246;14;10;351;-18.4;31.8;619.2;-1314.9;973.6;542.4;125.6;124.0;295.1;196.1
903;Lauperswil;2680.0;245;23;19;;177.8;211.8;405.4;245.9;155.9;228.5;95.5;70.2;37.9;34.3
584;Lauterbrunnen;2741.0;250;11;6;;138.6;204.9;155.5;122.9;77.7;234.2;155.1;131.0;48.3;127.8
330;Leimiswil;0.0;244;2;19;;202.2;84.4;-57.0;7277.5;1548.7;71.6;153.9;-11.1;28.1;0.00
585;Leissigen;932.0;250;11;17;;6125.5;13.8;-200.4;23.4;74.0;64.7;321.7;192.7;549.3;304.8
387;Lengnau;4627.0;242;5;14;;325.9;183.1;105.8;248.1;243.5;419.9;155.5;114.0;83.4;265.4
792;Lenk;2419.0;248;19;6;;356.3;268.4;106.4;1017.9;721.2;195.0;162.0;73.0;168.2;205.8
388;Leuzigen;1200.0;243;5;16;;2238.6;827.8;156.8;132.4;285.2;91.5;87.4;805.3;790.3;84.6
740;Ligerz;521.0;242;16;20;;541.4;93.2;13.4;75.6;188.5;77.4;21.5;182.2;56.8;56.4
542;Limpach;359.0;246;9;20;;-300.1;1580.5;1656.7;0.00;375.0;460.4;30932.5;134.5;131.4;195.0
614;Linden;1321.0;246;12;19;;386.9;333.8;123.0;78.4;295.7;194.7;46.8;61.7;250.6;122.6
874;Lohnstorf;224.0;246;22;21;;170.0;861.7;250.0;174.4;125.1;239.5;276.1;54.5;13.8;0.7
331;Lotzwil;2462.0;244;2;15;;0.00;92.5;77.1;32.3;1547.8;193.9;83.5;115.6;218.4;33.9
696;Loveresse;317.0;241;15;19;;-236.3;1.7;-26.4;357.0;-7710.2;572.6;34.4;73.4;33.6;128.8
306;Lyss;13776.0;243;1;3;;0.00;62.1;4.3;0.00;-1039.6;243.1;221.0;113.8;150.3;59.5
415;Lyssach;1427.0;245;6;12;404;86.4;165.2;438.3;225.3;207.5;138.5;65.7;279.6;229.9;45.7
933;Längenbühl;0.0;247;24;20;;121.0;674.5;595.2;636.4;131.2;0.00;0.00;0.00;0.00;0.00
497;Lüscherz;537.0;243;8;20;;109.7;65.0;77.3;104.7;23.2;95.7;178.4;242.0;158.8;583.2
586;Lütschental;240.0;250;11;20;;537.8;28.4;25679.9;-31.5;-3.5;-8.4;-68.1;131.0;-250.6;486.0
955;Lützelflüh;4075.0;245;25;19;;66.7;143.4;192.3;247.5;352.1;316.7;121.8;195.7;52.8;335.0
332;Madiswil;3140.0;244;2;20;;260.4;302.4;65.4;249.0;810.3;129.3;52.9;173.2;161.4;74.0
697;Malleray;1970.0;241;15;18;;33.6;44.2;44.8;78.4;431.5;2268.0;356.5;179.5;225.4;47.6
587;Matten b.I.;3780.0;250;11;13;;66.6;-1338.7;166.3;239.7;110.8;-1247.7;249.4;218.8;49.2;69.8
543;Mattstetten;588.0;246;9;11;351;124.6;112.6;208.3;207.5;405.2;150.0;644.6;11.2;410.2;32.0
389;Meienried;53.0;243;5;20;;-72.5;-107.9;19.0;11.4;0.00;0.00;0.00;0.00;0.00;0.00
307;Meikirch;2344.0;246;1;11;351;85.7;158.8;149.9;918.8;522.2;295.8;147.3;172.6;177.3;481.9
390;Meinisberg;1292.0;242;5;15;;243.7;172.1;2895.2;465.0;321.7;141.4;128.3;107.4;188.5;175.7
785;Meiringen;4581.0;250;18;7;;290.8;277.6;158.3;430.0;422.0;172.6;298.9;248.0;126.7;55.9
333;Melchnau;1567.0;244;2;19;;127.6;320.2;227.0;249.2;568.6;68.9;119.8;158.3;241.2;54.0
741;Merzligen;411.0;243;16;15;;1584.1;360.9;416.2;415.5;504.7;366.6;37.3;32.4;131.5;-29.7
615;Mirchel;578.0;246;12;16;;117.6;1674.6;286.8;55.4;13.1;122.8;18.3;1914.2;52.3;-77.7
699;Monible;38.0;241;15;21;;0.00;-2.5;0.00;0.00;0.00;83.2;50.5;606.6;0.00;1895255.0
437;Mont-Tramelan;120.0;241;7;21;;0.00;0.00;0.00;0.00;0.00;0.00;0.00;0.00;-509.0;16.7
544;Moosseedorf;3620.0;246;9;9;351;1011.4;1099.8;177.2;198.7;79.6;131.8;279.7;163.3;123.5;46.2
700;Moutier;7479.0;241;15;3;;148.1;115.3;102.5;78.9;105.9;183.0;108.8;124.6;82.9;88.0
356;Muri b.B.;12369.0;246;3;5;351;31.1;51.7;52.2;734.4;167.2;372.0;158.5;64.1;-16.9;44.7
742;Mörigen;878.0;242;16;5;371;164.0;264.7;64.4;-90.1;221.4;141.2;434.8;146.5;630.2;44.9
416;Mötschwil;142.0;245;6;22;;0.00;0.00;0.00;0.00;0.00;0.00;0.00;0.00;0.00;0.00
668;Mühleberg;2668.0;246;14;20;;38.6;39.3;93.8;185.7;1924.3;596.8;63.7;109.4;784.6;188.3
875;Mühledorf;248.0;246;22;20;;425.3;263.5;80.7;338.3;0.00;89.1;185.4;135.2;-4.8;656.2
876;Mühlethurnen;1377.0;246;22;15;;234.0;212.4;94.2;76.5;207.4;565.7;150.9;60.7;296.7;83.4
545;Mülchi;234.0;246;9;16;;297.6;528.8;209.1;225.3;268.8;652.7;160.1;242.3;50.7;236.9
546;Münchenbuchsee;9703.0;246;9;9;351;85.8;218.0;140.5;34.8;42.6;68.2;8.0;707.4;269.4;418.5
669;Münchenwiler;468.0;246;14;15;;638.0;-9962.4;0.00;186.1;27.6;371.1;1491.5;286.1;250.2;348.2
547;Münchringen;593.0;246;9;15;;16.3;209.7;357.8;95.0;16.1;336.8;68.4;-143.9;155.6;0.00
616;Münsingen;10841.0;246;12;9;351;99.2;108.9;88.2;39.9;97.8;158.7;170.4;57.4;15.2;432.7
498;Müntschemier;1330.0;243;8;20;;49.6;-4326.5;142.6;152.8;467.8;806.9;183.6;117.6;389.1;218.2
670;Neuenegg;4913.0;246;14;11;351;192.3;231.2;390.0;57.2;104.7;1.8;173.7;46.0;192.6;326.7
743;Nidau;6816.0;242;16;12;371;237.7;361.7;112.1;-615.7;187.7;485.0;449.2;135.7;79.5;71.8
981;Niederbipp;4211.0;244;26;17;;1236.9;259.4;63.7;162.0;786.4;370.0;142.4;188.2;35.4;32.0
617;Niederhünigen;641.0;246;12;15;;486.4;307.3;153.0;70.6;139.7;33.7;277.3;550.4;302.9;36.0
877;Niedermuhlern;505.0;246;22;21;;30.0;-54.0;170.0;301.0;223.8;288.9;220.3;407.1;272.6;821.0
588;Niederried b.I.;338.0;250;11;15;;404.9;93.3;369.2;1430.4;591.1;105.4;39.1;43.9;101.8;3.9
308;Niederried b.K.;297.0;243;1;15;;120.9;55.8;3650.1;-241.8;154.9;-1596.2;2129.5;762.2;490.8;845.2
764;Niederstocken;257.0;247;17;15;;2201.4;966.7;322.0;197.0;347.5;504.5;61.4;129.7;966.1;478.3
618;Niederwichtrach;0.0;246;12;11;;0.00;47.0;0.00;0.00;0.00;0.00;0.00;0.00;0.00;0.00
982;Niederönz;1554.0;244;26;15;;-40554.2;0.00;-974.1;-9.5;158.8;312.0;322.5;-817.8;-304.2;-143.4
417;Niederösch;240.0;245;6;21;;810.0;497.3;399.6;966.1;11744.7;157.2;73.2;-92.7;-217.0;159.1
724;Nods;742.0;241;13;20;;178.6;454.6;96.6;1017.8;656.4;1408.4;-378.8;225.4;98.3;45.3
878;Noflen;260.0;246;22;21;;-8.5;7.1;-276.9;93.2;210.4;480.8;174.0;370.4;392.4;147.8
357;Oberbalm;869.0;246;3;21;;908.6;184.9;157.6;32.8;9.8;47.8;27.7;62.9;1609.0;827.4
983;Oberbipp;1568.0;244;26;15;;-24.0;82.6;224.0;248.5;158.1;365.5;147.7;166.9;691.5;163.9
418;Oberburg;2875.0;245;6;13;404;229.1;119.6;100.4;314.7;216.4;150.3;64.4;264.8;280.8;102.4
619;Oberdiessbach;3102.0;246;12;17;;487.8;248.0;32.1;136.4;162.9;155.5;161.5;122.9;304.0;131.9
934;Oberhofen;2354.0;247;24;14;942;59.0;45.6;0.00;128.2;182.1;108.4;62.2;74.4;87.8;116.5
629;Oberhünigen;326.0;246;12;21;;440.1;-161.0;49.7;62.1;68.4;260.9;120.4;152.3;679.1;184.8
935;Oberlangenegg;486.0;247;24;21;;1667.6;64.2;369.9;182.1;460.5;170.8;76.9;351.4;41.0;60.5
589;Oberried a.Br.-S.;479.0;250;11;17;;2249.0;1493.0;619.6;69.4;177.0;255.5;190.0;87.4;87.6;157.9
334;Obersteckholz;423.0;244;2;16;;23.2;-9.8;-120.1;-81.2;20627.4;319.7;30.0;67.3;-123.6;-164.2
765;Oberstocken;282.0;247;17;15;;-35.2;213.1;409.4;189.3;2219.7;9803.4;165.0;3675.2;388.6;-5.3
620;Oberthal;781.0;246;12;21;;114.7;167.6;13.9;89.0;95.8;101.9;119.6;229.1;69.5;82.2
621;Oberwichtrach;0.0;246;12;10;;706.5;109.6;0.00;0.00;0.00;0.00;0.00;0.00;0.00;0.00
391;Oberwil b.B.;809.0;243;5;16;;57.9;100.7;78.8;115.5;352.6;409.7;149.3;132.6;224.9;179.5
766;Oberwil i.S.;795.0;249;17;21;;123.2;467.7;109.9;110.3;152.0;102.2;40.3;77.7;631.4;86.6
984;Oberönz;0.0;244;26;15;;164.8;342.8;-399.5;68.3;298.9;110.1;0.00;0.00;0.00;0.00
419;Oberösch;112.0;245;6;21;;226.1;410.5;-7.1;0.00;0.00;973.3;18.8;-13.4;221.6;-88.2
985;Ochlenberg;586.0;244;26;21;;33.3;-1341.8;77.6;2446.5;2539.6;-37.6;48.4;96.9;-394.9;-29.7
335;Oeschenbach;237.0;244;2;21;;1076.5;307.3;136.2;95.5;238.6;13.3;55.7;222.7;72.9;-33.9
622;Oppligen;669.0;246;12;15;;480.9;491.7;79.6;30.9;138.0;66.4;482.0;144.6;473.4;204.3
744;Orpund;2637.0;242;16;13;371;6.6;167.2;155.4;65.8;361.1;224.5;70.2;862.5;666.7;406.2
438;Orvin;1196.0;241;7;17;;124.5;173.5;52.2;-13059.7;346.6;200.3;1865.8;151.8;7.4;168.8
363;Ostermundigen;15436.0;246;3;10;351;135.9;311.0;173.8;52.5;419.5;69.0;81.6;117.6;67.0;69.6
701;Perrefitte;471.0;241;15;15;;3.7;30.9;1091.5;575.6;91.1;547.6;1016.9;202.0;-413.3;245.5
392;Pieterlen;3633.0;242;5;13;371;183.4;218.9;57.0;28.7;48.3;164.7;210.8;340.4;901.1;182.5
440;Plagne;364.0;241;7;14;371;226.0;482.9;452.7;1722.2;47065.6;162.7;214.1;93.1;251.0;306.2
936;Pohlern;278.0;247;24;15;;102.9;-1245.6;-2223.9;278.7;10.3;127.5;18.3;-1995.1;961.0;45.9
702;Pontenet;216.0;241;15;15;;-38.2;-99.1;66.0;530.9;180.1;-161.1;6.2;47.3;118.9;-1799.9
745;Port;3302.0;242;16;14;371;287.7;433.6;54.8;145.0;180.9;98.8;89.1;164.3;181.2;189.2
725;Prêles;908.0;241;13;17;;-582.3;50.4;363.4;8019.5;157.5;353.4;348.1;700.7;165.9;269.7
439;Péry;1359.0;241;7;15;;0.00;241.4;189.0;452.9;62.5;147.8;61.7;77.5;329.8;1473.4
309;Radelfingen;1176.0;243;1;16;;234.4;638.4;464.8;99.0;266.0;113.8;119.9;60.9;137.8;169.4
310;Rapperswil;2129.0;243;1;20;;185.4;145.3;411.1;446.8;74.6;196.3;209.6;940.7;120.0;11.9
715;Rebévelier;47.0;241;15;22;;0.00;112.0;-16356.8;58.6;0.00;0.00;0.00;227.4;94.4;0.00
703;Reconvilier;2213.0;241;15;18;;323.4;183.5;100.2;210.4;367.4;241.1;141.6;109.5;71.2;93.4
567;Reichenbach i.K.;3452.0;249;10;19;;259.2;62.7;79.3;10.6;42.0;117.6;99.2;142.0;88.7;62.6
336;Reisiswil;191.0;244;2;21;;0.00;2723.3;204.0;145.5;16084.8;267.2;36.8;258.3;6.8;242.3
441;Renan;838.0;241;7;20;;93.5;38.8;33.4;15.9;72.4;51.0;41.4;57.0;162.2;106.1
767;Reutigen;963.0;247;17;20;;0.00;114.1;137.5;1189.6;2188.4;335.3;258.8;83.6;422.9;90.7
879;Riggisberg;2406.0;246;22;8;;103.5;1147.9;1163.6;330.3;125.7;132.8;32.8;68.3;153.2;88.2
590;Ringgenberg;2523.0;250;11;14;;667.6;387.3;4004.8;1398.0;339.6;265.1;208.1;183.4;142.1;132.1
704;Roches;228.0;241;15;22;;0.00;203.5;704.8;931.4;79.4;281.7;92.6;2115.4;314.8;215.3
337;Roggwil;3865.0;244;2;17;;0.00;201.6;375.9;355.6;2221.4;71.9;-14.7;90.9;-1.8;-66.6
338;Rohrbach;1431.0;244;2;16;;283.0;257.7;561.6;146.7;1396.0;255.4;104.9;131.2;180.5;107.9
339;Rohrbachgraben;423.0;244;2;21;;-1461.3;383.1;-33.1;161.4;1470.3;134.5;90.0;362.0;46.8;30.3
442;Romont;205.0;241;7;16;;-117.4;-16.7;9218.1;433.9;191.5;64.2;141.2;-1014.6;4007325.0;-335.0
623;Rubigen;2865.0;246;12;11;351;0.00;1265.6;0.00;373.2;455.0;350.8;83.8;986.1;303.5;274.2
421;Rumendingen;77.0;245;6;8;;0.00;15.5;6776.8;87.5;49.6;841.1;0.00;154.2;822.8;-546.5
987;Rumisberg;476.0;244;26;15;;348.1;101.0;446.3;515.5;126.8;933.1;155.6;49.1;1346.0;210.7
548;Ruppoldsried;259.0;243;9;16;;-19.6;174.4;424.8;89.0;263.4;216.2;-839.1;532.6;627.4;39655.3
986;Röthenbach b.H.;0.0;244;26;19;;-750009.6;469.7;507.6;931.9;531.9;166.8;34.2;0.00;0.00;0.00
904;Röthenbach i.E.;1272.0;245;23;21;;206.8;139.7;240.1;121.6;113.7;69.4;160.6;328.0;214.5;112.7
905;Rüderswil;2405.0;245;23;19;;15796.4;-6803.2;99.7;191.8;1760.2;367.8;56.0;308.8;302.9;614.2
420;Rüdtligen-Alchenflüh;2179.0;245;6;13;404;104.4;373.2;345.6;320236.2;158.1;128.5;698.5;483.1;389.2;96.1
880;Rüeggisberg;1855.0;246;22;21;;212.8;84.4;186.2;107.0;235.5;-249.6;59.0;132.6;136.1;113.7
956;Rüegsau;3062.0;245;25;20;;775.6;187.0;64.5;97.6;360.5;207.5;164.8;48.4;154.4;91.5
881;Rümligen;450.0;246;22;20;;250.6;176.9;580.3;713.8;357.5;-1160.4;192.4;181.6;-1.0;74.5
853;Rüschegg;1689.0;246;21;20;;332.8;-696.0;314.9;49.9;79.5;37.4;216.0;573.0;2579.2;120.6
393;Rüti b.B.;835.0;243;5;16;;335.3;174.7;89.5;41.4;76.0;287.3;962.4;640.0;199.4;235.8
422;Rüti b.L.;162.0;245;6;15;;0.00;0.00;0.00;0.00;0.00;0.00;0.00;0.00;0.00;0.00
882;Rüti b.R.;0.0;246;22;21;;99.1;73.8;400.1;229.7;-341.2;111.6;60.6;0.00;0.00;0.00
340;Rütschelen;564.0;244;2;19;;-91.6;11090.6;223.4;95.3;1252.5;73.8;7.0;511.5;66.4;141.9
843;Saanen;7240.0;248;20;6;;104.5;78.4;96.7;72.4;122.1;249.0;108.6;120.1;138.5;147.9
746;Safnern;1881.0;242;16;14;371;277.2;333.6;95.8;306.1;197.6;84.0;20.0;74.5;227.5;210.3
706;Saicourt;600.0;241;15;20;;2857.3;132.4;6.2;19.2;242.7;1695.4;189.6;301.3;56.0;202.0
443;Saint-Imier;4802.0;241;7;4;;192.5;45.6;62.5;148.1;133.7;69.5;106.5;75.1;21.3;65.3
707;Saules;153.0;241;15;19;;52.8;33.7;493.5;10409.4;0.00;89.7;-5.9;160.2;3137.5;132.1
591;Saxeten;101.0;250;11;19;;-14.4;-10.8;-13.6;-216.2;-32.7;163.6;63.0;2.1;64.0;549.8
549;Schalunen;366.0;246;9;11;351;584.1;325.6;440.2;81.9;286.8;79.0;-98.0;-601.9;0.00;20.3
906;Schangnau;925.0;245;23;21;;101.2;123.2;52.0;93.8;57.2;236.5;42.1;84.7;123.7;164.9
786;Schattenhalb;600.0;250;18;8;;203.0;25.1;4.6;158.5;-1035.7;362.8;174.2;217.1;90.6;161.7
708;Schelten;40.0;241;15;21;;-25.0;-205.7;-61.6;-364.8;-497.4;98.5;108.2;1039.9;-2962.3;438.9
550;Scheunen;84.0;246;9;21;;-1471.7;5.7;9.1;0.00;-159.3;0.00;12.7;94.7;0.00;0.00
747;Scheuren;440.0;242;16;14;371;462.8;86.6;85.6;-215.0;-14.2;55.1;35.0;46.2;682.0;288.5
624;Schlosswil;657.0;246;12;15;;0.9;525.6;122.4;148.4;-3.2;285.3;161.1;1527.7;371.7;-20413.5
748;Schwadernau;651.0;242;16;14;371;384.3;496.7;156.5;129.3;106.4;54.6;183.0;58.4;68.9;1171.9
592;Schwanden b.B.;603.0;250;11;15;;0.00;196.0;641.4;169.8;172.8;250.2;220.0;169.8;75.2;511.2
855;Schwarzenburg;6711.0;246;21;4;;0.00;0.00;0.00;0.00;0.00;0.00;0.00;0.00;0.00;93.7
341;Schwarzhäusern;485.0;244;2;15;;-0.7;81.5;531.8;-122.2;1298.4;47.4;48.9;-15.2;-57.4;28.9
937;Schwendibach;254.0;247;24;15;;3078.4;184.2;97.0;246.5;778.8;184.3;931.8;193.0;-8408.0;7561.2
311;Schüpfen;3530.0;243;1;11;351;45.8;314.8;211.9;551.2;426.6;133.6;740.6;144.9;170.8;207.5
988;Seeberg;1389.0;244;26;20;;258.4;302.2;93.1;104.6;1249.5;167.8;47.5;104.0;60.4;164.7
312;Seedorf;2987.0;243;1;20;;100.0;115.0;66.3;91.6;154.8;144.0;315.0;114.7;65.3;80.0
709;Seehof;71.0;241;15;21;;0.00;0.00;0.00;0.00;147.9;102.9;98.0;1969.7;0.00;0.00
883;Seftigen;2110.0;247;22;14;942;53.3;38.1;111.4;293.0;175.1;601.6;157.8;205.5;174.0;96.9
907;Signau;2749.0;245;23;19;;0.00;191.4;207.9;224.4;149.7;203.9;196.4;157.2;114.5;88.3
938;Sigriswil;4633.0;247;24;7;;96.1;84.1;101.3;163.3;177.5;206.0;224.6;403.3;176.8;96.2
499;Siselen;580.0;243;8;20;;339.0;251.4;379.4;114.7;1196.5;147.4;811.1;40.3;219.2;389.3
444;Sonceboz;1804.0;241;7;18;;0.00;325.2;77.6;-761236.5;109.9;164.2;198.3;131.8;-170.3;322.1
445;Sonvilier;1192.0;241;7;19;;1171.6;403.5;279.7;75.2;126.1;571.8;101.0;139.4;1241.1;48.1
710;Sornetan;131.0;241;15;21;;0.00;0.00;138.5;26.2;-133.8;-616.0;388.4;1393.2;231.2;213.7
711;Sorvilier;268.0;241;15;19;;4.9;33.8;144.0;-3092.8;691.2;115.4;123.6;-906.9;578.9;1157.2
712;Souboz;134.0;241;15;21;;20.8;58.2;5.5;-14.4;1150.8;34.7;-156.7;131.6;262.4;206.7
768;Spiez;12477.0;249;17;12;942;0.00;184.3;97.7;67.9;83.8;177.0;133.0;177.2;388.8;144.5
793;St. Stephan;1379.0;248;19;20;;196.2;311.7;219.8;242.1;473.2;403.2;151.4;192.2;108.6;61.2
939;Steffisburg;15423.0;247;24;13;942;103.2;200.4;105.5;89.0;142.6;244.4;130.2;338.2;113.9;254.0
358;Stettlen;2891.0;246;3;10;351;30.7;724.2;205.9;65.6;-34.5;-31.8;59.8;53.1;71.2;-3864.9
749;Studen;2837.0;243;16;13;371;86.6;62.6;277.9;303.7;100.1;57.7;355.9;93.6;96.8;2699.6
957;Sumiswald;5039.0;245;25;19;;357.0;103.7;421.9;651.8;343.0;237.8;148.3;176.7;171.2;122.3
750;Sutz-Lattrigen;1352.0;242;16;14;371;1038.9;233.8;101.0;29.4;171.2;741.8;148.8;329.0;195.7;47.0
713;Tavannes;3542.0;241;15;18;;270.4;242.3;151.7;338.8;122.6;197.5;201.6;327.6;101.8;98.3
940;Teuffenthal;168.0;247;24;21;;435.0;235.2;435.7;836.4;1820.6;-3491.8;-881.0;143.0;-3482.6;349.9
941;Thierachern;2302.0;247;24;14;942;305.2;413.3;28.8;74.8;632.2;263.4;27.3;127.9;932.9;193.7
942;Thun;42623.0;247;24;2;942;0.00;0.00;0.00;0.00;0.00;148.3;160.0;300.9;184.4;227.9
342;Thunstetten;3063.0;244;2;17;;64.2;59.1;9.2;-2075.0;2730.0;159.6;257.3;66.9;65.2;101.4
989;Thörigen;1027.0;244;26;15;;333.5;0.00;1462.6;8319.9;1361.1;104.4;621.5;1328.7;89.8;61.4
884;Toffen;2457.0;246;22;11;351;36.6;116.6;278.2;319.9;38.6;148.4;417.4;164.3;113.0;251.0
958;Trachselwald;1024.0;245;25;21;;639.1;597.9;1650.0;226.2;149.4;318.6;279.7;420.5;620.9;327.6
446;Tramelan;4248.0;241;7;18;;168.2;239.5;141.5;141.0;163.9;115.9;174.2;134.2;65.4;86.1
500;Treiten;441.0;243;8;21;;277.6;59.7;143.5;273.5;157.1;342.7;1246.3;575.2;84.0;50.7
631;Trimstein;508.0;246;12;11;351;-1647.4;0.00;2052.7;777.5;492.0;12627.1;274.2;56.7;646.6;244.0
908;Trub;1377.0;245;23;21;;202.1;117.3;96.0;-385.3;464.9;220.6;133.5;116.8;126.9;157.5
909;Trubschachen;1392.0;245;23;19;;407.5;1558.1;355.0;142.0;779.4;176.8;91.2;177.6;287.1;44.8
501;Tschugg;449.0;243;8;8;;181.6;279.8;1093.1;6997.4;11.5;-46.4;-173.3;76747.6;170.5;68.0
753;Twann;0.0;242;16;20;;2191.8;328.2;107.8;55.1;529.0;400.1;858.0;104.8;0.00;0.00
756;Twann-Tüscherz;1138.0;242;16;20;;0.00;0.00;0.00;0.00;0.00;0.00;0.00;0.00;50.1;153.4
625;Tägertschi;418.0;246;12;21;;759.4;52.2;782.9;210.7;-275.0;777.9;1808.5;219.7;-12997.5;51.9
751;Täuffelen;2655.0;243;16;17;;335.5;250.0;82.7;31.6;758.8;1559.3;677.1;57.8;33.7;22.3
752;Tüscherz-Alfermée;0.0;242;16;5;371;180.7;124.5;69.3;235.9;16.0;96.2;240.5;11.1;0.00;0.00
943;Uebeschi;692.0;247;24;15;;67.8;2600.6;219.4;-43.2;-177.2;175.5;127.4;7343.4;88.3;265.5
944;Uetendorf;5946.0;247;24;12;942;79.7;62.4;62.0;152.0;112.6;220.2;373.1;385.5;173.1;92.7
945;Unterlangenegg;903.0;247;24;21;;-70799.9;251.0;-994.4;118.3;275.8;520.0;328.0;175.0;58.3;197.3
593;Unterseen;5487.0;250;11;12;;123.1;448.1;584.2;893.0;240.6;209.9;208.0;86.3;110.2;144.9
343;Untersteckholz;0.0;244;2;21;;-101.1;275.7;23.8;17.5;-1160.1;33.4;388.5;61.3;0.00;0.00
344;Ursenbach;908.0;244;2;19;;27.8;275.9;310.9;141.8;1812.9;28.0;108.3;66.6;43.9;22.4
551;Urtenen;5665.0;246;9;9;351;0.00;505.5;375.2;469.4;69.4;118.4;188.4;84.3;118.6;239.9
885;Uttigen;1809.0;247;22;14;942;145.0;42.2;987.8;1186.5;26.1;37.0;16.2;361.5;7407.2;92.8
552;Utzenstorf;4123.0;245;9;17;;628.6;172.7;219.4;249.6;135.3;225.2;76.9;24.5;178.3;135.7
447;Vauffelin;411.0;241;7;14;371;-175.1;1568.3;1049.6;1016.7;86.7;-2811.8;0.00;652.2;1466.1;1816.1
359;Vechigen;4653.0;246;3;11;351;-400.0;5068.1;118.4;24.7;107.8;291.4;39.8;128.6;383.5;173.4
448;Villeret;895.0;241;7;18;;5.1;318.6;102.8;199.5;46.3;-45.8;240.5;215.4;1376.2;224.6
502;Vinelz;821.0;243;8;15;;143.4;143.8;76.8;227.8;129.1;-2724.2;119.5;214.1;262.4;63.2
946;Wachseldorn;232.0;247;24;21;;321.0;80.2;508.0;364.9;47.8;76.4;-236.7;-1611.5;118.8;612.7
854;Wahlern;0.0;246;21;4;;0.00;259.2;573.1;122.2;150.9;325.8;193.2;168.9;153.3;0.00
888;Wald;1191.0;246;22;8;;0.00;0.00;2053.7;72.1;-974.1;202.0;468.1;9809.6;96.4;30.0
626;Walkringen;1828.0;246;12;20;;-0.5;116.6;-3518.4;162.1;810.7;248.6;46.7;116.2;37.4;171.8
990;Walliswil b.N.;204.0;244;26;16;;309.0;158.7;197.3;63.8;186.3;108.1;153.5;556.6;0.00;4367.5
991;Walliswil b.W.;567.0;244;26;15;;43.6;47.0;67.4;-679.5;9125.4;-1803.3;60.4;219.0;163.5;1660.9
754;Walperswil;938.0;243;16;19;;51.3;54.4;631.3;868.6;1471.7;196.9;138.9;130.4;33.3;155.4
959;Walterswil;539.0;244;25;21;;188.9;46.3;-37.0;357.9;467.3;-29.3;-16.4;28.8;3.0;-70.1
992;Wangen a.A.;2088.0;244;26;17;;0.00;122.9;44.9;287.3;359.6;172.2;110.0;26.4;54.2;258.0
993;Wangenried;395.0;244;26;16;;2079.8;419.6;0.00;-836.6;-1545.2;278.2;1.0;480.9;181.6;303.4
994;Wanzwil;0.0;244;26;18;;154.4;2769.8;0.00;0.00;1471.2;-7936250.0;0.00;0.00;0.00;0.00
886;Wattenwil;2692.0;247;22;17;;50.2;45.8;61.0;196.3;119.4;61.4;99.0;108.9;63.5;335.6
394;Wengi;612.0;243;5;20;;172.8;1864.2;5403.6;716.8;616.4;508.6;93.2;1572.4;-391.5;21.8
632;Wichtrach;4018.0;246;12;10;351;0.00;0.00;273.4;127.0;84.8;103.2;254.0;94.3;417.9;107.0
995;Wiedlisbach;2191.0;244;26;8;;3255.0;293.1;571.8;332.6;733.1;80.4;28.2;58.2;139.0;93.8
553;Wiggiswil;100.0;246;9;21;;0.00;-357.3;0.00;582.0;50.6;417.0;35.8;0.00;-452.3;72.2
594;Wilderswil;2487.0;250;11;6;;142.6;230.6;124.4;42.4;89.0;263.8;168.8;259.9;144.8;152.3
554;Wiler b.U.;817.0;245;9;15;;69.2;177.7;222.6;60.0;74.2;110.1;889.4;3051.1;104.8;223.8
671;Wileroltigen;390.0;246;14;21;;126.9;-2702.5;108.4;176.9;-25.4;59.1;0.00;0.1;-41.0;0.00
423;Willadingen;201.0;245;6;15;;-11.3;2268.4;0.00;0.00;650.8;264.4;8.0;34.0;-39.7;83.4
769;Wimmis;2413.0;249;17;17;;335.8;102.1;29.1;253.5;164.4;204.6;128.7;88.2;310.8;107.1
360;Wohlen b.B.;8877.0;246;3;11;351;37.9;95.8;269.0;181.3;72.6;98.1;121.0;171.9;635.2;249.9
996;Wolfisberg;198.0;244;26;16;;-11.7;185.6;339.0;80.4;-16.6;97.6;78.8;95.2;-246.1;31695.2
627;Worb;11236.0;246;12;10;351;418.5;467.6;-321.6;132.6;68.2;119.6;41.9;91.6;64.7;33.8
755;Worben;2288.0;243;16;8;371;0.00;192.0;442.4;18.0;12.0;-2.3;346.0;171.7;372.4;101.2
345;Wynau;1551.0;244;2;15;;127.3;189.1;172.1;278.8;304.9;50.8;68.4;73.3;20.6;10.7
424;Wynigen;2014.0;245;6;20;;0.00;177.5;88.7;57.3;1130.0;66.6;136.1;63.2;207.7;102.7
960;Wyssachen;1161.0;244;25;19;;613.1;253.1;1017.0;75.0;-10325.6;366.3;18.9;77.1;32.8;-157.4
555;Zauggenried;316.0;246;9;20;;5299.3;75.5;61.0;33133.0;138.3;583.0;1042.6;1422.2;851.8;79.9
556;Zielebach;329.0;245;9;14;;436.8;793.7;0.00;35.1;0.00;0.00;2111.0;1446.4;138.0;834.4
887;Zimmerwald;0.0;246;22;21;;49.7;1395.8;0.00;0.00;0.00;0.00;0.00;0.00;0.00;0.00
361;Zollikofen;9792.0;246;3;9;351;64.5;167.4;220.3;128.8;151.4;145.3;173.3;77.6;207.2;728.7
557;Zuzwil;578.0;246;9;15;;2.7;18.8;274.7;253.5;176.4;233.6;252.1;48.3;101.4;93.4
794;Zweisimmen;2998.0;248;19;4;;57.6;42.6;81.0;117.5;161.3;293.7;211.3;173.5;119.0;67.2
947;Zwieselberg;280.0;247;24;16;;9886.2;791.4;190.0;322.1;161.3;-5585.8;-23.2;-288.4;653.2;181.6
628;Zäziwil;1591.0;246;12;15;;826.6;111.0;315.4;224.1;721.4;361.6;760.8;56.2;223.9;-743.2

