K29 EBPE EK / BF pro Einwohner;;;;;;;;;
Kurzbeschrieb: Eigenkapital oder Bilanzfehlbetrag dividiert durch die Einwohnerzahl.




BFS-Nr.;Gemeinde;Anzahl Einwohner;Verw.-Kreis ;Amtsbezirk;BFS Typ;Agglomeration BFS-Nr.;2002 [SFR];2003 [SFR];2004 [SFR];2005 [SFR];2006 [SFR];2007 [SFR];2008 [SFR];2009 [SFR];2010 [SFR];2011 [SFR]
301;Aarberg;4090.0;243;1;17;;630.76;537.49;613.83;603.37;837.22;1024.13;1257.55;1388.82;1539.60;1574.28
321;Aarwangen;4214.0;244;2;15;;1525.71;1518.19;1496.50;1482.78;2278.66;2137.15;1942.05;1744.99;1575.66;1416.48
561;Adelboden;3583.0;249;10;6;;333.70;367.19;401.16;433.01;471.89;553.78;745.24;831.42;906.61;984.21
401;Aefligen;1036.0;245;6;14;404;177.55;288.18;529.15;514.29;584.89;591.23;529.30;531.36;1227.58;809.96
731;Aegerten;1750.0;242;16;14;371;743.73;557.92;489.31;318.08;408.73;552.09;494.92;800.98;913.18;766.25
562;Aeschi b.Sp.;2070.0;249;10;7;;419.03;513.02;645.90;524.40;721.98;781.09;845.58;1017.71;1033.65;1161.57
601;Aeschlen;0.0;246;12;21;;-487.76;528.62;972.36;1570.90;1576.34;2492.96;2420.88;2884.26;0.00;0.00
951;Affoltern i.E.;1141.0;245;25;19;;-269.13;-3.09;249.78;396.17;1921.04;1932.29;1815.63;1921.24;1802.95;1764.93
851;Albligen;0.0;246;21;20;;499.50;676.46;1705.78;1602.70;1596.78;1311.61;1118.47;1378.95;302.16;0.00
402;Alchenstorf;570.0;245;6;16;;1003.12;1083.05;1082.93;1123.50;1302.74;1061.86;1037.54;1051.18;1095.18;1026.68
630;Allmendingen;515.0;246;12;11;351;-779.94;-948.42;-1004.13;-929.63;-502.58;100.02;1113.73;1369.59;1173.23;1250.44
921;Amsoldingen;797.0;247;24;16;;498.26;616.63;693.57;604.33;694.80;618.75;506.80;571.88;751.25;770.67
381;Arch;1542.0;243;5;18;;17.20;27.60;288.20;565.65;712.97;858.52;1093.53;1348.22;1513.31;1708.14
602;Arni;955.0;246;12;20;;620.28;627.97;705.83;694.00;729.49;792.99;910.05;1130.18;1191.89;1262.99
971;Attiswil;1298.0;244;26;16;;693.77;741.17;737.65;697.83;799.28;743.32;796.21;888.60;1015.88;960.72
322;Auswil;460.0;244;2;19;;1421.53;1560.45;1543.89;1555.90;3978.04;4229.63;4751.45;4789.56;4746.39;4508.88
531;Ballmoos;0.0;246;9;21;;902.71;685.46;-43.84;-453.63;139.57;-262.08;-558.82;-1457.67;0.00;0.00
532;Bangerten;158.0;243;9;21;;3040.91;1861.41;1705.85;1960.01;2310.64;2451.82;2590.71;2381.54;2027.89;1738.22
323;Bannwil;676.0;244;2;15;;-274.41;-50.49;518.24;769.19;980.35;1171.46;1141.01;2002.83;1976.62;2187.56
302;Bargen;1005.0;243;1;16;;1254.59;1754.24;1554.68;1344.39;1227.16;1325.21;1518.12;1491.03;1500.00;1492.54
571;Beatenberg;1126.0;250;11;7;;0.00;265.45;691.88;540.81;579.60;617.23;653.65;670.95;707.45;872.53
732;Bellmund;1490.0;242;16;14;371;584.32;359.52;56.45;241.52;769.37;994.47;1342.45;2142.13;2860.70;2663.31
861;Belp;10356.0;246;22;9;351;308.35;305.16;300.88;297.10;294.20;535.28;755.27;1192.86;1259.39;1788.64
862;Belpberg;418.0;246;22;21;;1276.68;1263.59;1266.83;1341.50;1714.62;2193.91;2538.45;3351.86;2162.08;2472.84
681;Belprahon;300.0;241;15;15;;2695.00;2797.32;2793.68;2901.81;2283.22;2568.28;2734.47;2619.09;2756.81;2782.89
972;Berken;47.0;244;26;22;;20343.10;19912.84;20909.21;18140.37;22919.14;24680.14;25275.68;34197.15;35142.64;34662.83
351;Bern;126664.0;246;3;1;351;-2050.31;-1887.36;-1721.01;-1683.14;-1519.05;-1006.10;-804.17;-403.63;139.85;447.39
973;Bettenhausen;686.0;244;26;15;;3003.43;3117.53;3095.80;3036.16;5954.35;5625.10;5712.25;5556.99;5253.89;6097.79
371;Biel;51323.0;242;4;2;371;880.04;874.66;962.40;1002.80;996.54;1028.74;1053.41;1042.58;729.51;597.09
603;Biglen;1729.0;246;12;15;;1059.44;868.42;781.22;666.79;678.25;829.75;768.19;828.33;800.84;650.01
324;Bleienbach;654.0;244;2;19;;1890.47;2184.06;2153.57;2295.81;2305.66;2386.40;2608.28;2615.41;3427.51;4382.55
604;Bleiken b.O.;385.0;246;12;16;;820.60;751.03;745.42;666.18;656.24;756.54;775.56;688.93;598.24;701.79
922;Blumenstein;1182.0;247;24;17;;127.90;189.51;712.13;775.84;789.23;949.79;1105.58;1319.97;1334.00;1210.13
352;Bolligen;6057.0;246;3;11;351;705.11;819.68;792.53;938.25;920.28;928.13;897.29;689.28;583.32;606.30
974;Bollodingen;0.0;244;26;19;;1003.18;1211.07;1388.71;1450.57;6501.55;5616.72;6365.54;6687.53;6917.62;0.00
791;Boltigen;1366.0;248;19;21;;137.92;169.45;201.59;133.51;122.24;161.22;213.74;255.02;509.45;552.66
605;Bowil;1381.0;246;12;19;;2043.37;2025.92;2004.52;1984.59;1757.43;1648.40;817.96;829.74;840.64;833.95
353;Bremgarten b.B.;4210.0;246;3;11;351;296.24;347.49;403.24;487.99;553.81;626.18;677.79;718.22;743.94;749.97
606;Brenzikofen;524.0;246;12;15;;367.39;555.13;597.05;583.05;602.55;709.07;697.61;731.95;849.22;1069.93
573;Brienz;3014.0;250;11;7;;724.18;817.83;992.60;1014.23;1036.26;1047.59;1084.66;1073.60;1050.82;986.98
574;Brienzwiler;511.0;250;11;17;;241.83;247.92;285.52;304.00;312.16;500.59;553.85;582.43;607.77;665.75
733;Brügg;4155.0;242;16;12;371;1606.23;1808.84;1843.88;1630.42;1815.49;2094.08;2276.50;2005.06;1475.48;1810.88
491;Brüttelen;577.0;243;8;21;;738.99;781.76;499.01;115.97;101.81;580.83;646.96;738.04;873.56;1018.62
923;Buchholterberg;1531.0;247;24;19;;3034.55;3047.79;3022.14;2949.47;2918.09;3054.79;2959.49;2853.95;2837.13;2803.26
404;Burgdorf;15549.0;245;6;3;404;445.95;663.43;710.86;740.76;747.72;686.89;531.24;423.71;400.58;526.20
863;Burgistein;1026.0;247;22;16;;788.58;760.10;1004.98;1175.10;1168.04;1180.33;1145.98;1176.97;1527.10;1706.81
384;Busswil b.B.;0.0;243;5;14;371;209.46;432.26;654.49;834.39;953.15;1068.27;1286.48;1361.61;1383.31;0.00
325;Busswil b.M.;201.0;244;2;20;;5168.08;5528.58;5853.58;5873.16;9415.52;8499.77;8281.07;7940.77;7037.98;6291.45
403;Bäriswil;1005.0;246;6;11;351;411.35;700.10;841.36;1041.61;972.38;1058.06;1126.32;1256.93;1177.00;1152.40
533;Bätterkinden;3171.0;245;9;15;;1513.78;1213.10;1092.73;1380.08;1479.83;1456.94;1505.03;1588.93;1764.02;1786.83
682;Bévilard;1681.0;241;15;18;;-280.20;-252.76;224.81;216.67;375.43;588.38;598.39;307.58;184.50;316.81
572;Bönigen;2447.0;250;11;7;;1372.84;1377.74;1419.36;1438.18;1388.48;1373.83;1245.48;1245.48;1223.67;1227.67
382;Büetigen;827.0;243;5;15;;1877.53;2328.61;1525.99;1163.64;1169.62;1150.40;1143.17;1150.40;1164.30;1068.06
734;Bühl;419.0;243;16;16;;285.27;715.29;1365.34;1372.62;1308.23;1249.08;1229.93;1250.76;1281.85;1340.95
383;Büren a.A.;3295.0;243;5;17;;1731.69;1932.42;1924.08;1933.54;2615.63;2618.89;2579.22;2614.32;2616.43;2442.00
534;Büren z.H.;468.0;246;9;15;;2808.35;2275.11;1641.87;1315.65;1307.14;1130.22;869.47;1150.52;1166.37;969.02
683;Champoz;162.0;241;15;21;;14679.73;14455.70;14043.56;14107.75;13002.98;14291.58;14867.23;14508.88;16089.49;15297.11
684;Châtelat;113.0;241;15;21;;11561.71;11771.16;10881.69;10888.91;10690.40;10802.92;11496.82;11434.87;12163.92;12520.74
661;Clavaleyres;49.0;246;14;21;;4252.19;4642.03;5318.06;4989.32;5123.00;5036.27;5501.81;5858.32;6112.07;5926.56
687;Corcelles;214.0;241;15;15;;3107.11;2989.05;2902.23;2945.88;1109.84;1490.76;1466.06;1903.77;2149.32;2468.58
431;Corgémont;1551.0;241;7;18;;1127.71;1161.11;1285.88;1448.18;1465.07;1793.74;2102.59;2218.27;2162.67;2272.60
432;Cormoret;495.0;241;7;15;;202.95;191.81;-67.30;171.63;300.15;697.11;1171.73;1425.58;1664.97;1776.42
433;Cortébert;697.0;241;7;15;;-71.84;232.09;299.76;302.75;412.37;847.56;1193.63;1473.30;1465.95;1610.95
690;Court;1390.0;241;15;18;;198.60;134.58;139.39;199.25;498.96;955.72;1341.20;1522.78;1586.77;1906.70
434;Courtelary;1283.0;241;7;18;;-520.80;-648.32;-426.81;-233.23;-198.71;180.75;650.45;1156.99;1047.24;863.28
691;Crémines;550.0;241;15;18;;3976.08;3813.16;3995.02;4051.17;3201.08;3278.09;3073.26;3001.28;2734.04;2309.72
535;Deisswil b.M.;97.0;246;9;15;;7979.35;8016.15;7275.39;6762.20;6169.65;5539.10;5303.51;5625.06;6117.12;4844.99
536;Diemerswil;199.0;246;9;11;351;1340.43;993.17;1419.05;1441.45;1563.93;1594.69;1945.14;2161.65;2274.60;3017.81
762;Diemtigen;2140.0;249;17;21;;108.92;171.70;170.22;189.79;48.40;118.10;226.57;401.72;473.63;528.84
385;Diessbach b.B.;923.0;243;5;15;;111.14;-145.39;-299.00;-120.04;318.55;511.78;731.87;990.08;1215.28;1257.99
721;Diesse;443.0;241;13;17;;791.76;190.53;517.96;554.76;709.73;655.24;733.62;1124.57;1329.53;1542.41
386;Dotzigen;1358.0;243;5;15;;552.20;473.09;599.45;644.67;870.96;1173.02;1344.81;1453.47;1694.80;1989.08
575;Därligen;416.0;250;11;15;;1596.80;2144.16;1154.27;-279.62;-693.59;-348.03;94.73;171.08;485.10;1017.28
761;Därstetten;833.0;249;17;19;;1112.63;1061.62;1323.98;1362.63;1389.23;1413.34;1370.11;1530.83;1431.58;1372.22
952;Dürrenroth;1064.0;245;25;21;;857.96;787.49;712.15;771.92;4565.30;4858.79;4415.29;1618.82;1909.17;2004.54
901;Eggiwil;2453.0;245;23;21;;272.69;278.19;524.84;546.28;643.37;709.82;815.58;912.39;1013.81;1120.24
864;Englisberg;0.0;246;22;8;;2709.70;2380.34;0.00;0.00;0.00;0.00;0.00;0.00;0.00;0.00
735;Epsach;341.0;243;16;16;;-735.97;-206.67;260.56;414.33;695.33;1372.29;1495.42;1540.88;1555.22;1999.87
953;Eriswil;1347.0;244;25;19;;867.27;884.68;1036.07;1104.43;4319.05;4061.10;3123.46;3417.56;3614.35;3624.87
924;Eriz;496.0;247;24;21;;1628.68;1803.34;1670.25;1371.74;1413.52;1417.45;1431.87;1578.54;1603.80;1665.84
492;Erlach;1278.0;243;8;17;;338.84;323.74;337.19;347.51;432.39;468.44;569.49;577.07;568.02;566.33
763;Erlenbach i.S.;1695.0;249;17;20;;896.18;1020.37;1076.54;1091.89;1105.90;1159.39;798.50;869.43;878.82;938.54
405;Ersigen;1589.0;245;6;19;;393.20;710.20;604.71;723.93;806.38;921.00;1041.79;1137.40;1353.61;1379.12
692;Eschert;377.0;241;15;19;;3267.29;3046.73;3052.91;2767.28;1351.41;1395.12;1172.58;1106.78;1097.35;1136.26
537;Etzelkofen;289.0;246;9;18;;1007.79;1561.77;2095.05;2213.82;2314.17;2354.67;2708.69;2892.67;2521.91;2026.29
372;Evilard;2424.0;242;4;5;371;1540.64;1364.28;1287.66;1343.41;1957.19;2594.42;2864.06;2944.63;3266.98;3040.06
925;Fahrni;741.0;247;24;20;;1299.35;1010.72;1020.07;1072.31;1083.92;990.88;915.65;928.68;981.26;1076.65
975;Farnern;209.0;244;26;15;;323.46;557.33;768.30;796.27;1102.77;2389.99;2341.80;1985.72;2395.65;2303.95
662;Ferenbalm;1270.0;246;14;15;;404.16;251.33;317.19;456.16;653.08;656.65;607.38;796.29;993.38;833.45
493;Finsterhennen;501.0;243;8;20;;526.15;658.70;902.30;840.38;511.36;880.94;1204.27;2130.49;2272.03;2247.12
926;Forst;0.0;247;24;15;;1614.00;1541.27;1860.11;2061.24;2220.28;0.00;0.00;0.00;0.00;0.00
948;Forst-Längenbühl;704.0;247;24;19;;0.00;0.00;0.00;0.00;0.00;2285.96;2226.33;2234.73;2190.47;2237.38
538;Fraubrunnen;1791.0;246;9;11;351;1103.93;1187.50;1217.80;1303.26;1276.39;1221.93;1184.90;1021.92;936.52;727.79
663;Frauenkappelen;1256.0;246;14;11;351;377.25;587.74;598.49;555.17;342.11;370.29;500.94;782.63;996.24;1096.62
607;Freimettigen;424.0;246;12;15;;1684.79;1615.30;1619.68;1476.15;1372.46;1366.02;1306.91;1256.25;1261.96;1311.40
563;Frutigen;6703.0;249;10;4;;-333.36;-143.46;36.62;258.57;321.52;386.41;435.92;453.04;465.79;478.26
781;Gadmen;229.0;250;18;22;;-174.74;932.23;1490.11;1973.14;2908.87;2873.47;3076.59;3126.71;2946.68;2771.27
494;Gals;729.0;243;8;20;;1118.06;1068.99;1139.97;1144.67;1180.40;1204.72;1393.53;1532.19;2031.63;2279.94
495;Gampelen;791.0;243;8;17;;1001.87;1068.98;1063.93;758.00;764.66;1146.44;1424.37;1539.88;1619.11;1580.25
865;Gelterfingen;242.0;246;22;21;;529.80;1057.96;1541.81;1640.38;1605.42;1845.32;1960.08;2358.47;2391.98;2808.55
866;Gerzensee;1134.0;246;22;20;;1141.08;1102.14;1111.00;1095.33;1171.95;1260.08;1613.86;1374.44;1340.23;1536.64
664;Golaten;303.0;246;14;21;;2708.53;2667.77;3285.50;4622.50;4306.94;3762.03;3066.59;2755.06;3050.25;2784.30
326;Gondiswil;724.0;244;2;19;;1294.30;1428.14;1271.19;1171.38;2803.70;2774.65;2905.63;3025.05;3113.53;3149.50
976;Graben;291.0;244;26;15;;1222.57;1311.09;1492.69;1516.32;1523.36;2680.00;3341.37;3721.47;3787.95;3864.55
539;Grafenried;976.0;246;9;11;351;837.12;853.13;899.56;939.77;767.76;786.31;835.91;910.09;930.60;935.14
694;Grandval;351.0;241;15;18;;993.32;1033.49;926.75;942.51;1006.01;1091.90;1168.73;1136.58;1065.89;1118.28
576;Grindelwald;4040.0;250;11;6;;616.40;696.47;713.17;765.85;808.90;852.01;888.93;1171.98;1196.66;1288.92
303;Grossaffoltern;2812.0;243;1;15;;276.22;363.41;352.97;630.11;799.14;945.34;1244.33;1365.76;1413.39;1387.11
608;Grosshöchstetten;3289.0;246;12;11;351;516.15;533.80;603.60;778.44;906.42;1033.90;1690.17;1722.79;996.78;1023.81
841;Gsteig;986.0;248;20;20;;2241.54;2211.59;2332.85;2323.42;2347.15;2388.63;2359.20;2594.04;2962.35;3173.69
577;Gsteigwiler;430.0;250;11;14;;-207.85;0.02;175.85;300.47;746.08;874.52;1006.22;1207.20;1319.64;1273.48
852;Guggisberg;1585.0;246;21;21;;123.39;186.75;204.28;158.21;268.28;382.77;554.27;667.28;584.21;776.06
665;Gurbrü;245.0;246;14;21;;1158.18;1176.74;1154.55;1137.21;869.69;872.59;695.27;734.27;1098.07;829.51
867;Gurzelen;798.0;247;22;19;;3515.77;3134.15;2730.03;2492.41;2323.59;1456.22;1504.32;1260.45;1112.24;1055.59
327;Gutenburg;0.0;244;2;15;;4045.34;4055.98;3847.70;3560.81;9339.49;0.00;0.00;0.00;0.00;0.00
782;Guttannen;321.0;250;18;7;;1275.96;1360.66;1612.48;1566.75;1746.35;1904.27;2199.64;2241.41;2262.31;2287.86
578;Gündlischwand;284.0;250;11;17;;1510.75;1594.86;2275.16;2225.72;1546.74;1475.63;2114.29;2151.23;2226.25;2261.66
579;Habkern;640.0;250;11;21;;3719.01;3560.84;2352.26;2385.34;2464.70;2556.00;2555.04;2592.62;2610.42;2645.25
736;Hagneck;415.0;243;16;15;;88.08;414.17;1754.00;1743.63;1824.33;1841.43;1899.26;1944.83;1926.07;1904.92
406;Hasle b.B.;3170.0;245;6;16;;-128.04;-115.43;12.78;335.09;633.19;940.61;1411.44;1833.41;1874.64;1748.03
783;Hasliberg;1229.0;250;18;6;;827.03;836.53;884.54;605.73;481.52;749.35;620.35;695.14;773.23;422.09
927;Heiligenschwendi;675.0;247;24;7;;3540.29;3326.77;3473.88;3051.77;3261.75;3343.55;3367.84;3087.55;2372.80;2306.16
928;Heimberg;6365.0;247;24;12;942;682.62;736.78;763.70;758.55;740.25;765.09;1013.73;1094.29;1307.57;1449.78
977;Heimenhausen;1016.0;244;26;15;;1657.38;1844.54;2008.04;2369.80;2376.83;2663.66;2130.53;2858.78;2762.43;2706.98
407;Heimiswil;1636.0;245;6;21;;721.99;755.70;771.89;892.19;898.23;894.35;914.75;943.78;924.23;956.15
408;Hellsau;192.0;245;6;19;;1865.07;2252.08;2967.46;3132.24;3197.53;3147.05;3084.73;3034.54;3114.05;3010.84
610;Herbligen;551.0;246;12;16;;104.49;252.99;446.33;936.15;368.45;232.87;220.97;1313.87;1565.87;2108.21
978;Hermiswil;96.0;244;26;20;;4175.11;4407.05;4306.77;4197.53;7362.30;7229.01;6372.52;6007.56;5626.00;5313.76
737;Hermrigen;262.0;243;16;16;;1664.13;1646.04;1817.39;2076.03;2086.00;2300.73;2492.44;2611.38;3024.15;2918.83
979;Herzogenbuchsee;6795.0;244;26;4;;1767.04;1616.35;1491.40;1601.72;1410.03;1378.11;1156.58;993.23;839.98;665.64
929;Hilterfingen;3998.0;247;24;13;942;0.00;0.00;403.96;484.48;569.01;923.11;970.51;1247.60;1950.25;1961.15
409;Hindelbank;2094.0;245;6;17;;1484.08;1432.35;1397.67;1421.67;1452.70;1442.40;1312.17;1305.11;1375.91;1297.65
580;Hofstetten b.B.;567.0;250;11;17;;921.13;960.24;847.19;703.84;662.07;648.99;661.30;852.45;993.08;1070.73
931;Homberg;502.0;247;24;21;;156.07;-36.23;110.76;336.00;685.22;743.42;692.93;1046.57;1370.90;1586.97
932;Horrenbach-Buchen;259.0;247;24;21;;1215.47;1241.80;1236.21;1309.62;1401.88;1536.60;1838.90;1893.19;1991.85;2140.86
954;Huttwil;4726.0;244;25;18;;264.01;424.34;611.09;1027.47;5854.42;6227.46;6025.01;6221.09;6476.58;6572.51
609;Häutligen;239.0;246;12;21;;5392.82;6102.42;5535.08;4926.96;4584.92;4306.69;4365.26;4040.53;3758.08;3447.05
410;Höchstetten;258.0;245;6;19;;204.04;302.19;767.29;1111.35;1124.84;1503.29;1764.49;1482.63;1509.59;1642.22
930;Höfen;441.0;247;24;16;;-477.25;-571.19;-785.20;-265.03;201.44;264.06;154.68;169.54;538.70;587.36
541;Iffwil;409.0;246;9;20;;2459.89;2546.56;2583.26;2346.87;1922.43;1784.06;1913.39;1846.62;1709.53;1964.77
980;Inkwil;638.0;244;26;15;;1164.45;1356.13;1484.91;1565.33;3634.90;3695.00;3528.57;3807.80;3417.00;3150.51
784;Innertkirchen;886.0;250;18;19;;1633.22;1832.29;1762.01;1793.28;1850.01;1799.44;1860.90;1949.70;2099.86;1790.41
496;Ins;3260.0;243;8;20;;679.62;667.69;875.37;1105.22;1310.34;1285.39;1274.09;1244.92;1221.24;1201.01
581;Interlaken;5481.0;250;11;6;;438.00;441.88;431.16;222.05;277.57;392.68;767.20;799.55;826.64;982.84
739;Ipsach;3913.0;242;16;13;371;801.94;752.77;344.43;253.30;269.83;385.03;498.88;679.83;779.56;726.82
582;Iseltwald;432.0;250;11;20;;451.57;474.55;540.81;626.29;777.79;1022.38;1341.29;1370.99;1266.25;1614.28
362;Ittigen;11006.0;246;3;9;351;640.55;350.04;337.66;793.54;801.42;803.83;1095.29;1253.14;1521.96;1492.87
868;Jaberg;258.0;246;22;15;;1519.29;1358.13;1419.05;1512.72;1578.50;2013.03;1957.18;1452.78;1527.17;1853.48
540;Jegenstorf;4680.0;246;9;10;351;1203.76;1178.84;1161.21;1168.98;1170.10;1143.29;1085.93;1061.15;1034.03;1027.18
738;Jens;681.0;243;16;15;;158.42;103.42;43.91;68.12;337.91;663.31;998.15;1013.77;997.47;1021.73
304;Kallnach;1563.0;243;1;19;;476.93;497.48;611.68;588.79;691.90;1124.19;1314.67;1561.58;1776.92;2146.81
564;Kandergrund;810.0;249;10;8;;830.64;1155.52;1584.54;1865.87;2402.73;2244.95;2159.92;1735.27;1733.14;1741.70
565;Kandersteg;1261.0;249;10;6;;404.06;440.71;492.98;512.11;548.45;555.83;592.95;622.37;915.61;1196.34
305;Kappelen;1278.0;243;1;19;;1017.87;1414.08;1468.77;1550.72;1370.50;1321.80;1310.45;1314.15;1360.27;1594.43
869;Kaufdorf;1034.0;246;22;11;351;-1402.02;-848.61;130.83;566.45;567.33;696.98;839.53;878.67;964.06;926.28
870;Kehrsatz;3964.0;246;22;10;351;822.83;1625.09;1596.99;713.67;250.37;567.39;913.83;971.53;983.80;1017.62
411;Kernenried;449.0;245;6;15;;7277.89;7557.07;7467.48;7475.12;7683.41;7857.11;8104.44;8079.82;8084.12;7512.49
871;Kienersrüti;52.0;247;22;21;;3739.76;3606.76;3786.89;3190.71;3347.09;3165.94;2862.58;2971.36;3016.27;2550.19
611;Kiesen;857.0;246;12;15;;1111.43;1614.43;1657.82;1609.01;1748.38;2002.90;2182.43;2506.52;2907.84;2788.66
412;Kirchberg;5613.0;245;6;12;404;390.29;384.84;297.97;342.82;400.52;323.73;354.33;398.09;474.41;520.04
872;Kirchdorf;814.0;246;22;20;;498.74;462.32;485.90;532.22;755.76;640.34;583.40;636.52;738.42;1102.44
873;Kirchenthurnen;271.0;246;22;15;;1344.91;1675.26;1919.50;2024.16;2167.73;2648.14;1705.03;1762.51;1780.65;1760.72
354;Kirchlindach;2815.0;246;3;11;351;1372.88;1345.09;1408.44;1716.45;2190.84;2179.98;1838.85;1566.89;1514.75;1300.79
328;Kleindietwil;0.0;244;2;19;;-453.21;94.23;326.80;604.11;4081.45;4186.08;4061.15;4188.60;2972.96;0.00
612;Konolfingen;4739.0;246;12;9;351;1159.96;844.87;793.30;526.99;407.80;414.26;448.55;569.79;605.17;788.33
413;Koppigen;2070.0;245;6;17;;85.72;70.01;99.48;251.01;425.21;639.25;821.79;851.55;778.20;708.77
566;Krattigen;989.0;249;10;17;;701.97;768.74;786.18;794.68;941.81;1060.45;1145.83;1240.95;1289.99;1314.46
414;Krauchthal;2318.0;245;6;15;;34.26;406.84;544.50;627.76;729.25;820.89;829.16;834.64;779.75;554.21
666;Kriechenwil;410.0;246;14;20;;328.69;367.43;452.72;561.74;592.95;879.36;1126.14;1843.76;1938.82;1870.73
355;Köniz;38633.0;246;3;9;351;-354.62;-264.84;-212.71;-188.20;-10.34;330.50;440.49;408.28;399.95;433.42
435;La Ferrière;545.0;241;7;19;;1941.47;2426.49;2590.49;2535.43;2861.38;2884.36;3220.69;3369.57;3510.49;3622.46
436;La Heutte;486.0;241;7;15;;1267.20;2169.97;1313.71;1331.72;1348.17;1824.96;1863.75;1666.98;1108.04;1240.64
723;La Neuveville;3559.0;241;13;17;;1035.10;1200.85;1246.79;1230.98;1363.48;1602.79;1734.35;1784.82;1641.19;1498.30
722;Lamboing;682.0;241;13;16;;-451.97;-326.60;-260.22;-181.86;27.82;386.24;460.08;578.63;632.89;694.75
613;Landiswil;628.0;246;12;21;;1359.63;1695.55;1695.89;1280.61;1160.97;1362.80;1109.61;675.67;358.23;523.61
329;Langenthal;15017.0;244;2;3;;-102.89;-444.82;-275.55;115.85;7190.45;7430.99;8011.86;8243.40;8054.25;7426.73
902;Langnau i.E.;9018.0;245;23;3;;597.81;336.64;470.97;467.33;553.97;659.31;670.88;704.08;919.22;904.79
842;Lauenen;810.0;248;20;21;;619.45;389.71;343.15;372.79;407.04;424.34;547.63;1193.23;1345.25;1381.79
667;Laupen;2830.0;246;14;10;351;-58.75;-358.19;-103.49;193.18;338.57;515.80;691.69;699.98;834.32;860.13
903;Lauperswil;2680.0;245;23;19;;685.83;687.87;770.27;770.55;890.72;942.99;922.82;928.68;925.56;959.09
584;Lauterbrunnen;2741.0;250;11;6;;130.14;296.58;330.16;367.86;516.72;1645.40;2328.28;2948.39;1764.33;1767.41
330;Leimiswil;0.0;244;2;19;;769.58;766.32;887.04;918.02;5054.32;5252.61;5443.43;5209.17;3204.31;0.00
585;Leissigen;932.0;250;11;17;;1035.67;655.44;621.16;497.33;438.78;347.61;267.92;293.88;337.41;387.32
387;Lengnau;4627.0;242;5;14;;0.00;96.66;563.01;1001.18;2485.52;2810.38;2846.77;2837.39;2694.27;2684.39
792;Lenk;2419.0;248;19;6;;-191.16;52.57;288.73;510.03;775.22;1108.43;1256.74;1455.52;1577.43;1962.64
388;Leuzigen;1200.0;243;5;16;;282.29;665.74;704.96;710.44;938.42;983.12;915.59;1023.01;1604.48;2173.12
740;Ligerz;521.0;242;16;20;;1089.68;1847.84;1684.60;1674.02;1790.98;1862.83;1709.53;1942.48;1941.64;1592.73
542;Limpach;359.0;246;9;20;;359.05;1038.62;1344.56;1191.24;1231.55;1310.51;1515.72;1581.98;1524.99;1470.15
614;Linden;1321.0;246;12;19;;370.30;524.57;631.49;703.35;801.01;1172.65;1213.09;1229.50;1235.08;1237.88
874;Lohnstorf;224.0;246;22;21;;1984.97;2186.75;2694.80;2698.48;2383.51;2320.73;2388.97;2472.07;2353.87;2015.90
331;Lotzwil;2462.0;244;2;15;;653.20;662.38;656.23;381.89;379.51;503.71;736.13;840.15;832.76;856.61
696;Loveresse;317.0;241;15;19;;1194.82;793.64;698.29;1114.06;908.48;932.77;1221.49;1441.89;1527.52;1694.88
306;Lyss;13776.0;243;1;3;;731.80;721.38;379.28;363.18;627.07;830.27;1026.95;1233.42;1192.96;1315.13
415;Lyssach;1427.0;245;6;12;404;2377.78;2467.62;2245.11;2302.85;2343.64;2281.81;2125.24;2363.99;2598.61;2652.97
933;Längenbühl;0.0;247;24;20;;2272.26;2168.55;2283.45;2248.74;2467.96;0.00;0.00;0.00;0.00;0.00
497;Lüscherz;537.0;243;8;20;;1600.05;1603.09;1558.64;1567.76;1387.08;1381.97;1409.83;1428.38;1431.07;1611.05
586;Lütschental;240.0;250;11;20;;5124.47;4935.87;6237.33;5193.42;4309.75;3540.90;3913.28;4170.86;4438.14;4657.90
955;Lützelflüh;4075.0;245;25;19;;399.02;391.42;376.70;410.11;666.51;888.96;887.72;1027.89;923.89;974.90
332;Madiswil;3140.0;244;2;20;;377.77;441.87;486.68;611.93;4034.63;4598.62;4427.97;3564.90;3169.29;3361.52
697;Malleray;1970.0;241;15;18;;-388.16;-487.25;-673.49;-1005.21;-502.58;115.71;580.69;727.25;729.82;804.90
587;Matten b.I.;3780.0;250;11;13;;-78.02;-143.43;109.05;291.10;326.08;479.42;470.51;484.42;433.58;428.92
543;Mattstetten;588.0;246;9;11;351;772.21;769.55;781.20;897.47;1060.69;1050.08;1041.53;987.32;1367.79;1317.15
389;Meienried;53.0;243;5;20;;7782.94;7012.56;7954.14;7591.89;8048.64;7976.07;8934.44;9160.66;9996.00;8468.42
307;Meikirch;2344.0;246;1;11;351;684.93;689.38;698.15;943.40;1069.75;1156.81;1127.35;1134.45;1150.90;1151.88
390;Meinisberg;1292.0;242;5;15;;546.01;554.06;541.06;599.10;635.51;641.75;644.76;649.25;717.73;710.20
785;Meiringen;4581.0;250;18;7;;90.01;286.87;300.89;313.80;414.15;580.49;675.13;835.51;1001.13;921.13
333;Melchnau;1567.0;244;2;19;;-141.97;197.10;467.80;837.62;1478.66;1067.57;1057.82;1127.38;1139.01;985.43
741;Merzligen;411.0;243;16;15;;730.74;1133.86;1061.90;1352.45;1611.89;2040.25;2045.32;2071.01;2050.41;1719.28
615;Mirchel;578.0;246;12;16;;828.86;1777.44;2105.11;2048.10;2041.12;2017.74;1596.65;1555.68;1257.64;652.36
699;Monible;38.0;241;15;21;;13724.27;13577.61;13651.50;14363.73;10417.90;10797.04;10789.14;10908.39;10275.76;10123.96
437;Mont-Tramelan;120.0;241;7;21;;3966.82;3523.46;3242.10;3482.05;4146.48;4859.53;4729.76;5133.14;4822.39;4615.80
544;Moosseedorf;3620.0;246;9;9;351;579.26;1091.90;944.78;1116.92;1240.13;1505.95;1864.82;2016.13;2057.82;2152.16
700;Moutier;7479.0;241;15;3;;97.28;126.05;68.37;-66.19;6.31;384.75;632.92;763.91;675.92;660.90
356;Muri b.B.;12369.0;246;3;5;351;1013.92;762.72;883.50;1193.75;1314.28;1909.64;2060.24;1944.23;1503.80;1470.26
742;Mörigen;878.0;242;16;5;371;1131.43;1104.93;1089.73;28.38;183.22;765.48;1477.90;2162.79;1632.57;1536.02
416;Mötschwil;142.0;245;6;22;;4301.51;3364.70;3022.55;2667.08;2277.45;1786.45;1324.07;1738.78;1181.93;776.22
668;Mühleberg;2668.0;246;14;20;;1140.48;1151.85;1168.36;734.40;1260.88;1713.56;1777.99;1769.79;2033.02;1766.20
875;Mühledorf;248.0;246;22;20;;3041.17;2700.77;2763.04;2709.29;3651.73;3756.95;3695.84;3663.71;3525.50;3558.12
876;Mühlethurnen;1377.0;246;22;15;;333.04;350.27;339.51;341.30;648.84;873.32;1051.87;1134.97;1228.97;1307.98
545;Mülchi;234.0;246;9;16;;21.41;325.90;275.82;222.83;287.78;409.31;388.31;425.13;325.94;422.18
546;Münchenbuchsee;9703.0;246;9;9;351;172.57;264.17;356.47;135.31;15.88;30.81;-412.36;-244.70;-180.18;-167.37
669;Münchenwiler;468.0;246;14;15;;983.83;1367.61;1381.93;1199.24;1142.10;1362.54;2025.44;2093.61;2499.86;3021.68
547;Münchringen;593.0;246;9;15;;618.51;805.87;1183.14;961.09;729.01;584.85;481.09;120.77;85.07;483.43
616;Münsingen;10841.0;246;12;9;351;1237.76;1236.67;1225.30;1089.72;1007.59;966.32;930.97;845.43;626.72;633.60
498;Müntschemier;1330.0;243;8;20;;29.34;230.85;484.00;632.51;910.80;1149.55;1340.29;1548.88;1574.33;1568.41
670;Neuenegg;4913.0;246;14;11;351;1613.90;1452.86;1238.31;1099.10;1252.44;948.31;1174.56;1049.87;1119.89;1203.51
743;Nidau;6816.0;242;16;12;371;380.45;389.86;446.35;464.28;513.35;658.59;861.61;1067.29;1153.69;1213.36
981;Niederbipp;4211.0;244;26;17;;464.43;670.39;686.68;734.07;973.51;1495.40;1470.75;1444.14;1334.08;1261.36
617;Niederhünigen;641.0;246;12;15;;601.84;824.77;893.33;889.12;856.13;804.16;888.30;1103.05;1181.42;1196.31
877;Niedermuhlern;505.0;246;22;21;;1311.38;1328.29;1359.33;1409.94;1422.07;1704.77;1744.21;1757.56;1833.67;1942.35
588;Niederried b.I.;338.0;250;11;15;;498.21;280.32;319.26;425.16;799.30;1117.39;1331.80;1519.76;1490.68;1062.00
308;Niederried b.K.;297.0;243;1;15;;1681.21;1712.88;1884.51;2107.52;2143.10;2607.73;2997.16;3232.31;3570.09;3601.11
764;Niederstocken;257.0;247;17;15;;1043.24;1155.79;1236.78;1253.99;1426.51;1601.96;1672.13;1801.24;1866.80;1912.52
618;Niederwichtrach;0.0;246;12;11;;384.38;381.32;0.00;0.00;0.00;0.00;0.00;0.00;0.00;0.00
982;Niederönz;1554.0;244;26;15;;4618.77;4073.51;3368.22;3201.75;3671.33;4522.27;5295.40;2518.79;1587.12;1148.69
417;Niederösch;240.0;245;6;21;;708.32;972.94;900.45;1397.03;1829.48;2109.29;2092.95;1780.60;1301.20;1511.59
724;Nods;742.0;241;13;20;;4589.52;4452.33;4215.72;4221.29;3138.09;3385.75;3549.69;3818.47;3788.44;3970.97
878;Noflen;260.0;246;22;21;;540.58;468.40;490.24;562.47;813.15;813.15;819.98;1152.29;2055.45;2036.21
357;Oberbalm;869.0;246;3;21;;1994.24;2275.83;2136.73;1820.62;1505.63;1242.47;1019.01;820.01;1601.94;1610.84
983;Oberbipp;1568.0;244;26;15;;1273.74;1315.82;1402.64;1421.56;1323.32;1327.65;1328.54;1363.43;2053.45;2195.42
418;Oberburg;2875.0;245;6;13;404;155.19;47.32;58.32;81.93;87.45;100.13;143.59;261.38;344.24;372.21
619;Oberdiessbach;3102.0;246;12;17;;1201.58;1397.34;1269.00;1326.08;1530.51;1615.68;2368.48;2543.44;2573.70;2650.08
934;Oberhofen;2354.0;247;24;14;942;764.65;565.72;526.56;565.91;578.58;589.00;493.61;416.80;188.17;167.39
629;Oberhünigen;326.0;246;12;21;;2042.64;2469.56;2783.21;2610.89;2488.32;2718.28;2805.29;2825.79;2901.91;3059.46
935;Oberlangenegg;486.0;247;24;21;;3035.87;3021.00;3099.73;3114.09;3177.60;3341.11;3429.69;3623.63;3642.47;3708.24
589;Oberried a.Br.-S.;479.0;250;11;17;;430.62;583.64;773.95;917.50;955.00;1009.42;1201.28;1106.24;1139.97;936.90
334;Obersteckholz;423.0;244;2;16;;2129.78;1881.55;1964.55;1687.67;3336.58;4351.05;4117.26;4068.26;3663.18;3248.27
765;Oberstocken;282.0;247;17;15;;-260.99;-132.08;-54.32;25.49;87.80;224.26;14.00;793.74;968.75;774.61
620;Oberthal;781.0;246;12;21;;638.57;647.35;573.08;585.91;474.11;487.40;611.58;754.02;840.50;888.85
621;Oberwichtrach;0.0;246;12;10;;675.21;662.41;0.00;0.00;0.00;0.00;0.00;0.00;0.00;0.00
391;Oberwil b.B.;809.0;243;5;16;;949.76;886.78;782.43;756.24;686.23;923.25;854.53;965.01;1204.06;1280.37
766;Oberwil i.S.;795.0;249;17;21;;635.17;633.67;633.67;593.91;626.96;747.26;803.27;925.68;961.27;1093.94
984;Oberönz;0.0;244;26;15;;986.23;995.25;991.85;984.00;1514.02;1461.15;0.00;0.00;0.00;0.00
419;Oberösch;112.0;245;6;21;;2177.97;2532.72;2426.39;2344.69;2648.92;4204.90;3832.45;3182.46;3049.36;2378.78
985;Ochlenberg;586.0;244;26;21;;2279.49;2291.69;2363.45;2394.28;6166.58;5981.03;6069.14;5792.11;4821.77;4300.15
335;Oeschenbach;237.0;244;2;21;;1402.03;1704.30;1714.45;1730.54;2366.07;2270.83;2263.04;2366.67;2465.23;2470.90
622;Oppligen;669.0;246;12;15;;1492.89;2334.60;2086.11;1918.67;1912.56;1881.68;1808.61;1749.30;1832.77;2010.08
744;Orpund;2637.0;242;16;13;371;-186.35;214.97;450.74;452.43;496.09;583.00;598.75;669.57;683.93;713.78
438;Orvin;1196.0;241;7;17;;1277.87;1067.26;990.58;1170.80;1406.21;1511.07;1811.04;1798.11;1516.51;1645.06
363;Ostermundigen;15436.0;246;3;10;351;481.55;698.96;804.02;822.92;861.30;914.09;994.86;1006.31;765.58;637.52
701;Perrefitte;471.0;241;15;15;;252.58;109.55;128.43;-30.45;18.15;694.83;1023.62;1114.02;1378.93;1411.84
392;Pieterlen;3633.0;242;5;13;371;629.91;632.41;541.67;450.11;510.83;510.17;626.80;634.17;631.22;621.11
440;Plagne;364.0;241;7;14;371;908.82;998.32;1145.42;1620.33;2021.64;2255.66;2493.93;2619.44;2735.50;3784.76
936;Pohlern;278.0;247;24;15;;2710.79;2886.87;3158.14;3004.86;2570.30;2347.08;1918.07;2065.27;1917.63;1748.73
702;Pontenet;216.0;241;15;15;;2298.70;2454.06;2781.09;2987.24;3155.40;3189.12;2829.87;2921.04;2776.61;2918.93
745;Port;3302.0;242;16;14;371;427.62;429.01;159.53;137.35;114.79;416.98;549.04;606.23;675.68;683.24
725;Prêles;908.0;241;13;17;;151.71;21.69;45.90;13.15;158.19;496.23;797.65;1213.72;1642.08;2194.37
439;Péry;1359.0;241;7;15;;434.38;623.85;680.06;1144.90;1249.72;1254.50;1360.79;1372.99;1390.50;1339.31
309;Radelfingen;1176.0;243;1;16;;394.28;545.40;736.05;651.44;861.47;1044.91;1345.29;1511.79;1755.40;1858.44
310;Rapperswil;2129.0;243;1;20;;474.15;328.77;458.27;946.33;1187.14;1494.12;1618.37;1884.74;2149.92;1972.50
715;Rebévelier;47.0;241;15;22;;6100.43;6739.97;7177.19;7456.52;5584.32;6025.95;6865.97;8065.80;8834.90;9301.45
703;Reconvilier;2213.0;241;15;18;;631.81;757.89;934.95;967.00;945.37;1012.53;1023.97;1037.24;970.67;945.52
567;Reichenbach i.K.;3452.0;249;10;19;;758.67;886.94;2124.44;1895.69;1947.80;2095.67;1997.45;2022.64;2132.26;2063.34
336;Reisiswil;191.0;244;2;21;;1046.33;1104.12;1114.27;1131.13;3038.33;3298.06;3072.53;2863.75;2563.43;2514.33
441;Renan;838.0;241;7;20;;417.58;229.77;289.43;292.15;289.28;307.64;319.78;325.05;325.25;340.67
767;Reutigen;963.0;247;17;20;;208.03;239.66;544.70;726.34;955.73;1095.63;1137.78;1157.44;1191.80;1195.65
879;Riggisberg;2406.0;246;22;8;;530.99;498.30;743.10;909.83;1025.08;1532.35;1526.71;1611.79;1747.87;1593.57
590;Ringgenberg;2523.0;250;11;14;;32.58;95.84;200.64;315.92;505.17;691.95;832.41;1014.97;1545.96;1877.83
704;Roches;228.0;241;15;22;;6637.74;6224.25;5858.86;6329.53;2247.89;1158.95;1043.90;1230.12;2014.83;2868.41
337;Roggwil;3865.0;244;2;17;;244.70;251.48;313.93;379.21;406.00;411.04;159.32;97.92;66.67;490.47
338;Rohrbach;1431.0;244;2;16;;625.25;670.69;837.17;888.61;5202.65;6613.43;6547.66;6437.54;6614.34;6664.36
339;Rohrbachgraben;423.0;244;2;21;;1120.41;1119.73;966.34;900.17;2409.84;2497.25;2543.00;2704.43;2616.46;2650.68
442;Romont;205.0;241;7;16;;6997.86;6127.87;6267.45;6622.19;6968.90;6500.31;6318.50;5781.28;5446.21;5105.75
623;Rubigen;2865.0;246;12;11;351;272.61;408.29;343.95;598.94;766.90;765.79;823.85;1037.65;1192.67;1282.82
421;Rumendingen;77.0;245;6;8;;14527.94;14988.19;16582.61;18156.46;17143.08;17845.68;18822.74;19632.69;20274.59;19551.86
987;Rumisberg;476.0;244;26;15;;485.86;292.81;383.38;362.36;369.70;486.54;489.54;487.54;482.60;500.85
548;Ruppoldsried;259.0;243;9;16;;495.53;747.39;738.46;712.95;607.97;657.52;33.02;144.75;791.99;1115.25
986;Röthenbach b.H.;0.0;244;26;19;;1891.86;2139.66;2160.60;2186.51;2538.36;2766.09;2802.73;0.00;0.00;0.00
904;Röthenbach i.E.;1272.0;245;23;21;;530.77;688.94;699.06;698.53;709.53;719.98;722.78;799.46;908.36;978.57
905;Rüderswil;2405.0;245;23;19;;963.59;1022.23;1015.32;1021.25;1068.63;1302.23;1264.52;1129.85;1305.99;1495.94
420;Rüdtligen-Alchenflüh;2179.0;245;6;13;404;1229.12;1274.11;1372.76;1358.95;1367.82;1532.49;1549.13;1619.61;1786.14;1774.08
880;Rüeggisberg;1855.0;246;22;21;;1021.92;1084.20;1132.40;1295.10;1295.10;1330.34;1326.80;1339.63;1336.04;1343.97
956;Rüegsau;3062.0;245;25;20;;580.56;658.87;680.24;723.01;897.76;1034.64;1142.53;1409.53;1524.71;1561.50
881;Rümligen;450.0;246;22;20;;-134.57;-139.11;365.10;748.90;861.50;1073.24;1059.19;1140.84;1131.28;1172.52
853;Rüschegg;1689.0;246;21;20;;1380.05;1310.85;1372.69;1333.66;1339.48;1334.80;1334.80;1348.15;1356.93;1356.93
393;Rüti b.B.;835.0;243;5;16;;668.36;755.96;472.65;286.65;117.08;248.60;607.01;866.47;969.75;1024.26
422;Rüti b.L.;162.0;245;6;15;;2320.37;2153.53;2313.99;2187.12;2123.04;2350.06;2461.29;2923.62;2850.89;2655.27
882;Rüti b.R.;0.0;246;22;21;;50.66;95.97;545.98;722.97;1100.56;1123.24;628.06;0.00;0.00;0.00
340;Rütschelen;564.0;244;2;19;;1630.25;2487.54;2480.75;2258.27;4337.57;4074.01;4757.88;4934.98;4488.51;4557.59
843;Saanen;7240.0;248;20;6;;565.02;660.92;696.08;759.02;859.83;1794.02;1685.22;1807.05;2231.24;3044.58
746;Safnern;1881.0;242;16;14;371;1163.37;1610.63;1461.39;1439.13;1512.34;1290.75;931.91;846.05;818.72;742.46
706;Saicourt;600.0;241;15;20;;239.32;262.77;206.63;58.93;166.80;336.06;456.64;535.39;615.59;659.30
443;Saint-Imier;4802.0;241;7;4;;2120.37;2021.37;1926.91;1942.19;1949.30;1940.71;2070.51;2121.01;1974.01;2062.64
707;Saules;153.0;241;15;19;;4042.28;3893.63;4140.89;4437.24;4129.20;4421.71;4095.85;4196.33;4322.24;4193.42
591;Saxeten;101.0;250;11;19;;6348.14;6065.76;5635.26;6102.94;5515.48;5751.62;5379.10;5210.85;4787.97;4476.89
549;Schalunen;366.0;246;9;11;351;1076.72;1366.50;1278.79;1255.83;1295.09;1196.62;938.47;514.66;326.63;230.65
906;Schangnau;925.0;245;23;21;;616.09;611.46;606.25;603.68;610.81;617.43;619.74;630.71;769.93;778.72
786;Schattenhalb;600.0;250;18;8;;773.44;1101.54;650.83;729.98;853.49;1114.11;1005.93;1172.07;1181.18;1203.27
708;Schelten;40.0;241;15;21;;7779.19;5951.75;7065.88;7113.35;7635.53;8097.15;8851.66;9190.79;11917.62;12545.75
550;Scheunen;84.0;246;9;21;;7709.54;8009.61;7473.43;7661.02;7452.96;7490.19;7426.39;6634.13;5865.92;5299.37
747;Scheuren;440.0;242;16;14;371;1848.26;1863.20;1835.51;1654.44;1483.93;1438.47;1122.08;892.38;798.33;772.00
624;Schlosswil;657.0;246;12;15;;1306.39;1179.79;1108.46;1122.43;1052.31;1038.40;1091.48;1146.74;1203.34;1347.49
748;Schwadernau;651.0;242;16;14;371;817.70;1296.82;1705.99;1780.27;1784.66;1819.57;2085.56;2207.59;2106.46;2503.82
592;Schwanden b.B.;603.0;250;11;15;;997.92;1023.77;1061.20;1069.01;1068.35;1087.38;1076.02;1270.77;1294.93;1343.92
855;Schwarzenburg;6711.0;246;21;4;;0.00;0.00;0.00;0.00;0.00;0.00;0.00;0.00;0.00;739.02
341;Schwarzhäusern;485.0;244;2;15;;2544.52;2579.28;2422.49;2207.80;4447.78;4406.90;4507.47;4264.39;4020.30;3797.31
937;Schwendibach;254.0;247;24;15;;813.74;898.31;1053.40;1134.03;1284.39;1582.87;1833.33;2154.22;2487.01;2626.18
311;Schüpfen;3530.0;243;1;11;351;75.72;218.54;187.48;303.63;408.91;388.41;584.67;723.41;840.35;1077.75
988;Seeberg;1389.0;244;26;20;;670.05;816.34;896.25;883.68;934.63;975.15;886.48;1004.47;1012.89;1015.69
312;Seedorf;2987.0;243;1;20;;864.33;663.42;359.01;301.21;403.42;631.79;1026.74;1041.06;1065.72;1136.28
709;Seehof;71.0;241;15;21;;10414.48;10346.69;11186.92;12043.20;11656.14;12391.58;13404.37;17273.24;17706.57;19632.69
883;Seftigen;2110.0;247;22;14;942;482.04;284.76;193.92;190.37;353.91;351.86;366.69;393.63;429.04;472.89
907;Signau;2749.0;245;23;19;;-135.04;-41.24;81.15;175.94;242.82;296.39;310.92;508.13;635.72;719.67
938;Sigriswil;4633.0;247;24;7;;452.90;395.36;390.78;374.99;369.35;441.79;436.87;590.31;589.16;587.38
499;Siselen;580.0;243;8;20;;503.74;554.71;733.69;901.95;984.47;1225.20;1349.49;1504.44;2163.57;2391.33
444;Sonceboz;1804.0;241;7;18;;381.03;370.90;652.97;833.32;853.20;933.59;1119.85;1460.63;1354.55;1366.56
445;Sonvilier;1192.0;241;7;19;;33.32;75.35;167.12;179.25;240.45;386.08;469.76;577.97;756.21;1053.57
710;Sornetan;131.0;241;15;21;;3281.83;3088.43;3504.40;3734.78;2486.20;2967.83;3292.89;4005.48;4328.59;4487.79
711;Sorvilier;268.0;241;15;19;;103.46;134.12;171.76;203.79;262.93;268.34;289.52;309.36;327.04;522.92
712;Souboz;134.0;241;15;21;;4612.64;4513.01;4534.90;4651.55;4304.61;4224.62;4182.18;4855.27;5250.09;5139.66
768;Spiez;12477.0;249;17;12;942;552.00;552.16;550.49;547.60;549.47;556.81;562.87;586.64;614.60;653.26
793;St. Stephan;1379.0;248;19;20;;329.45;328.27;348.26;389.37;764.99;1142.33;1169.16;1296.41;1431.97;1600.33
939;Steffisburg;15423.0;247;24;13;942;2.71;170.67;147.25;194.46;253.43;540.25;697.72;1199.16;1207.83;1356.56
358;Stettlen;2891.0;246;3;10;351;1699.12;1945.65;2254.59;2301.72;1846.17;1537.66;1358.21;1370.24;1191.58;1100.01
749;Studen;2837.0;243;16;13;371;1216.65;1267.27;1235.35;1254.15;1228.60;1173.12;1159.93;1056.14;833.85;701.49
957;Sumiswald;5039.0;245;25;19;;-304.93;-266.12;-7.58;171.23;316.37;449.12;475.29;561.26;678.45;761.50
750;Sutz-Lattrigen;1352.0;242;16;14;371;618.47;612.05;596.74;438.78;425.45;736.29;1116.06;1639.29;2072.53;2081.60
713;Tavannes;3542.0;241;15;18;;-747.13;-556.62;-634.90;-278.95;-75.38;3.10;3.09;62.18;189.02;288.60
940;Teuffenthal;168.0;247;24;21;;-276.76;16.92;-52.94;376.58;557.54;759.20;1208.04;1277.97;1983.29;2277.08
941;Thierachern;2302.0;247;24;14;942;1496.67;1412.24;1343.67;1266.67;1335.59;1478.74;1286.76;1308.66;1228.68;1189.29
942;Thun;42623.0;247;24;2;942;151.76;151.20;150.58;149.55;149.21;130.71;214.60;213.53;212.20;265.61
342;Thunstetten;3063.0;244;2;17;;946.84;737.24;414.68;269.18;2492.02;2498.96;2327.49;2349.97;2097.11;2050.56
989;Thörigen;1027.0;244;26;15;;416.72;523.85;549.03;599.76;2814.15;2885.09;2877.59;3066.51;3132.18;3166.92
884;Toffen;2457.0;246;22;11;351;1161.83;1118.63;1671.22;1658.19;1527.15;1610.98;1780.07;1807.19;1922.98;2208.10
958;Trachselwald;1024.0;245;25;21;;437.57;507.59;755.98;879.18;1143.96;1357.25;1450.51;1485.78;1521.08;1522.26
446;Tramelan;4248.0;241;7;18;;3.24;32.08;70.04;126.18;165.20;332.06;503.10;555.78;531.39;564.40
500;Treiten;441.0;243;8;21;;6078.68;6099.23;6197.21;6299.89;6510.28;6807.30;7374.93;7481.75;7929.11;8336.95
631;Trimstein;508.0;246;12;11;351;1810.66;1518.72;1758.71;2573.80;2555.80;2658.79;2691.46;2703.40;2702.26;2972.73
908;Trub;1377.0;245;23;21;;227.26;470.67;583.17;611.18;711.79;764.90;794.31;1008.58;1038.67;1062.05
909;Trubschachen;1392.0;245;23;19;;18.55;22.17;191.14;417.04;674.21;836.32;782.89;953.30;1091.50;899.33
501;Tschugg;449.0;243;8;8;;75.71;141.61;281.83;690.46;516.34;233.12;608.69;909.38;927.58;921.50
753;Twann;0.0;242;16;20;;866.19;810.37;386.98;241.32;32.25;1229.58;1430.40;1498.04;0.00;0.00
756;Twann-Tüscherz;1138.0;242;16;20;;0.00;0.00;0.00;0.00;0.00;0.00;0.00;0.00;1196.93;1304.82
625;Tägertschi;418.0;246;12;21;;876.87;973.50;1239.06;1416.55;1241.21;1166.39;1180.78;1162.34;1427.64;1387.42
751;Täuffelen;2655.0;243;16;17;;801.95;812.31;599.71;615.39;910.19;1214.78;1321.17;1421.02;1340.95;1272.68
752;Tüscherz-Alfermée;0.0;242;16;5;371;1112.69;1280.80;1217.32;1213.44;1094.74;1066.45;1229.93;1007.69;0.00;0.00
943;Uebeschi;692.0;247;24;15;;626.93;630.57;617.15;403.88;132.68;336.87;412.71;717.28;799.41;887.46
944;Uetendorf;5946.0;247;24;12;942;945.86;1099.76;1023.63;1027.53;1038.23;1062.57;1075.59;1128.17;1082.01;1101.48
945;Unterlangenegg;903.0;247;24;21;;368.86;312.97;333.11;347.34;597.01;644.50;844.60;898.04;1047.15;1068.85
593;Unterseen;5487.0;250;11;12;;-223.06;-140.69;53.43;188.67;378.78;525.46;557.09;658.32;765.33;837.14
343;Untersteckholz;0.0;244;2;21;;2250.14;2398.97;2530.66;2530.69;7290.03;7153.90;10295.05;11605.95;0.00;0.00
344;Ursenbach;908.0;244;2;19;;2053.32;2053.32;2041.95;2026.24;9462.62;9320.06;9199.28;9120.49;9081.59;9238.97
551;Urtenen;5665.0;246;9;9;351;583.45;807.37;1066.09;1321.43;1239.85;1175.65;1123.62;1006.59;1087.31;1178.73
885;Uttigen;1809.0;247;22;14;942;575.31;516.10;697.13;806.34;791.24;763.73;552.65;605.98;656.61;704.98
552;Utzenstorf;4123.0;245;9;17;;475.05;568.10;770.23;993.44;1059.71;1504.43;1588.22;1418.92;1576.10;1569.05
447;Vauffelin;411.0;241;7;14;371;157.10;199.93;422.16;820.66;960.24;1355.70;1654.11;1995.60;2217.93;2640.74
359;Vechigen;4653.0;246;3;11;351;392.94;427.48;530.79;411.44;426.17;602.14;572.51;632.81;779.73;850.99
448;Villeret;895.0;241;7;18;;470.75;794.30;1030.31;1074.17;1067.66;193.55;214.24;345.05;1161.92;1211.22
502;Vinelz;821.0;243;8;15;;513.96;499.96;448.20;465.47;430.99;521.58;515.87;514.00;661.20;964.17
946;Wachseldorn;232.0;247;24;21;;1125.29;1110.82;1313.27;1424.71;1562.44;1550.47;1643.77;1865.78;1956.64;2568.96
854;Wahlern;0.0;246;21;4;;310.17;244.70;321.44;359.24;392.67;545.32;599.08;778.50;777.24;0.00
888;Wald;1191.0;246;22;8;;0.00;0.00;2055.10;1856.78;2272.45;2320.49;2398.66;2450.58;2444.28;2383.82
626;Walkringen;1828.0;246;12;20;;670.81;724.39;766.62;794.85;831.57;842.21;720.26;963.59;1029.14;770.36
990;Walliswil b.N.;204.0;244;26;16;;3660.90;3645.05;3676.88;3775.81;3676.88;3809.98;3916.31;4088.90;4895.85;6766.31
991;Walliswil b.W.;567.0;244;26;15;;773.60;680.92;711.92;761.28;812.18;833.41;743.95;744.06;748.25;894.15
754;Walperswil;938.0;243;16;19;;783.47;670.63;1022.00;1523.80;1855.42;1997.49;2246.36;2547.02;2421.95;2725.09
959;Walterswil;539.0;244;25;21;;1491.62;1564.81;1154.21;1116.73;2238.59;2106.04;1987.71;2037.63;1993.27;1451.86
992;Wangen a.A.;2088.0;244;26;17;;829.23;771.08;809.88;1022.88;2255.68;1374.22;1246.95;1139.70;1228.30;1342.59
993;Wangenried;395.0;244;26;16;;679.78;814.74;926.26;885.75;997.57;1822.36;1337.14;942.71;846.47;841.53
994;Wanzwil;0.0;244;26;18;;1547.66;2067.68;2531.79;2681.98;2400.32;2507.71;2631.49;0.00;0.00;0.00
886;Wattenwil;2692.0;247;22;17;;888.49;850.72;701.03;549.67;558.70;620.51;672.08;803.33;816.48;877.54
394;Wengi;612.0;243;5;20;;902.14;967.84;986.14;1252.74;1390.77;1472.92;1486.36;3040.26;2665.99;2457.89
632;Wichtrach;4018.0;246;12;10;351;0.00;0.00;564.93;563.63;559.77;549.46;549.46;641.36;923.21;1050.91
995;Wiedlisbach;2191.0;244;26;8;;39.84;114.66;330.55;550.84;1655.57;1429.27;1280.66;1296.38;1307.23;1343.23
553;Wiggiswil;100.0;246;9;21;;7799.13;7150.18;7256.23;7473.22;7275.27;6961.87;6915.09;6933.19;6354.77;6402.05
594;Wilderswil;2487.0;250;11;6;;886.25;1123.21;1111.14;1088.11;964.88;959.94;1026.04;1062.45;1062.88;1127.43
554;Wiler b.U.;817.0;245;9;15;;1319.31;1427.08;1427.33;1413.25;1400.48;1404.63;1408.33;1485.46;1484.29;1443.24
671;Wileroltigen;390.0;246;14;21;;4116.99;4264.11;4346.76;4333.03;4188.81;4199.51;4297.57;4022.76;3806.42;2048.17
423;Willadingen;201.0;245;6;15;;1998.25;2015.28;2243.48;2521.50;2603.35;2516.18;2328.33;2227.17;1841.28;1708.19
769;Wimmis;2413.0;249;17;17;;1086.30;1024.39;785.36;787.92;918.12;1020.30;1215.72;1343.57;1603.31;1579.99
360;Wohlen b.B.;8877.0;246;3;11;351;715.25;604.24;689.31;751.12;726.44;650.48;587.88;602.17;802.50;909.45
996;Wolfisberg;198.0;244;26;16;;1819.78;1830.36;1853.98;1659.78;1282.20;1417.95;1215.08;924.90;123.00;1945.87
627;Worb;11236.0;246;12;10;351;612.80;641.52;672.70;692.91;709.44;720.66;725.80;728.05;729.21;731.23
755;Worben;2288.0;243;16;8;371;592.19;715.19;775.36;596.76;336.06;109.93;424.97;532.63;846.43;804.97
345;Wynau;1551.0;244;2;15;;4.30;86.68;556.67;930.38;4071.17;2056.38;2260.86;2280.09;2269.52;2112.23
424;Wynigen;2014.0;245;6;20;;31.36;151.08;417.14;356.21;1591.54;1544.03;1578.75;1586.63;1668.83;1658.01
960;Wyssachen;1161.0;244;25;19;;0.79;44.31;122.29;12.75;2195.43;2264.88;2129.79;2142.99;2088.27;2306.38
555;Zauggenried;316.0;246;9;20;;2901.69;2775.19;2482.78;2601.59;2793.37;2922.32;2821.42;3087.04;3185.19;3173.44
556;Zielebach;329.0;245;9;14;;1206.53;1054.01;590.69;307.56;472.96;1046.51;1961.21;1964.51;1996.88;2045.07
887;Zimmerwald;0.0;246;22;21;;736.26;794.82;0.00;0.00;0.00;0.00;0.00;0.00;0.00;0.00
361;Zollikofen;9792.0;246;3;9;351;1822.22;1727.37;1680.07;1508.70;1548.48;1528.58;1514.61;1518.98;1522.74;1506.57
557;Zuzwil;578.0;246;9;15;;1464.44;776.35;831.96;1114.50;1186.62;1398.69;1604.12;1761.36;1777.59;1707.28
794;Zweisimmen;2998.0;248;19;4;;446.53;328.94;399.51;518.57;512.74;798.76;991.16;989.82;1167.99;1234.97
947;Zwieselberg;280.0;247;24;16;;2317.00;2717.71;3188.74;2847.49;3104.16;3085.12;2926.42;2246.14;1892.05;1656.44
628;Zäziwil;1591.0;246;12;15;;873.03;942.41;1073.43;1128.56;1152.28;1315.10;1193.67;1204.97;1372.66;1307.20

