K31 BAPE Bereinigter Aufwand / Einwohner;;;;;;;;;
Kurzbeschrieb: Total Aufwand Laufende Rechnung ohne Abschreibungen (33), Durchlaufende Bei-
träge (37), Einlagen in Spezialfinanzierungen (38) und interne Verrechnungen (39)
dividiert durch die Einwohnerzahl.


BFS-Nr.;Gemeinde;Anzahl Einwohner;Verw.-Kreis ;Amtsbezirk;BFS Typ;Agglomeration BFS-Nr.;2002 [SFR];2003 [SFR];2004 [SFR];2005 [SFR];2006 [SFR];2007 [SFR];2008 [SFR];2009 [SFR];2010 [SFR];2011 [SFR]
301;Aarberg;4090.0;243;1;17;;4907.78;5222.14;5445.00;5529.16;5859.85;5789.97;6003.12;7031.23;7122.34;4408.26
321;Aarwangen;4214.0;244;2;15;;3393.33;3787.14;3981.84;4060.89;4162.90;4467.55;4673.46;6062.02;6619.57;6234.49
561;Adelboden;3583.0;249;10;6;;3616.04;3599.66;3638.89;3510.76;3596.53;3684.52;3819.58;3706.30;3853.02;4031.01
401;Aefligen;1036.0;245;6;14;404;2572.48;2621.66;2384.26;2788.61;2792.40;2859.13;2952.66;2777.07;2815.46;2830.91
731;Aegerten;1750.0;242;16;14;371;3662.77;3455.61;3460.56;3523.74;3420.79;3543.75;3775.21;3556.89;3592.94;3612.38
562;Aeschi b.Sp.;2070.0;249;10;7;;3317.93;3184.62;3022.19;2998.94;2828.45;2803.33;2998.40;2931.66;2948.53;2787.32
601;Aeschlen;0.0;246;12;21;;2249.77;2223.12;2208.08;2534.09;2542.85;2513.20;2686.01;2419.79;0.00;0.00
951;Affoltern i.E.;1141.0;245;25;19;;3736.42;3865.88;4181.35;4064.35;3159.56;3190.08;3840.82;3436.42;3554.06;3359.85
851;Albligen;0.0;246;21;20;;3144.87;2988.51;3060.52;2637.73;2645.30;2768.26;2960.59;2700.25;2582.18;0.00
402;Alchenstorf;570.0;245;6;16;;2175.21;2599.00;2415.60;2284.28;2468.41;2443.55;2583.62;2538.11;2560.80;2675.34
630;Allmendingen;515.0;246;12;11;351;2972.16;3114.52;2997.90;3048.45;2961.08;2896.48;3085.45;3126.72;3141.57;3146.84
921;Amsoldingen;797.0;247;24;16;;2323.74;2284.85;2272.16;2394.25;2364.38;2668.34;2976.48;2812.22;3287.08;3157.17
381;Arch;1542.0;243;5;18;;3826.68;3784.13;3906.97;3581.86;3727.69;3834.21;4211.43;3861.15;4018.00;4147.97
602;Arni;955.0;246;12;20;;3359.82;3336.07;3379.13;3256.26;3347.64;3090.76;3245.53;3194.20;3353.34;3492.46
971;Attiswil;1298.0;244;26;16;;2485.11;2466.21;2272.01;2368.43;2341.37;2436.49;2542.30;2405.56;2473.45;2534.48
322;Auswil;460.0;244;2;19;;2577.60;2770.71;2863.95;3071.59;2415.33;2605.03;2918.93;2937.70;2793.46;2873.74
531;Ballmoos;0.0;246;9;21;;2829.03;2618.13;3313.14;3401.56;3097.25;2976.54;3079.54;3194.03;0.00;0.00
532;Bangerten;158.0;243;9;21;;2545.26;3075.31;2589.37;2895.57;2727.34;3296.73;2982.99;2935.17;3173.38;3144.08
323;Bannwil;676.0;244;2;15;;2930.66;2541.84;2777.85;2894.48;3065.30;3039.24;3241.16;2904.40;3010.23;2930.57
302;Bargen;1005.0;243;1;16;;3608.77;3569.32;3441.74;3665.38;3568.14;3460.02;3617.34;3495.55;3760.02;3773.20
571;Beatenberg;1126.0;250;11;7;;3399.68;3529.85;3678.53;3560.17;3598.85;3673.38;3797.01;3478.65;3638.54;3711.32
732;Bellmund;1490.0;242;16;14;371;3647.07;3274.56;3130.56;3078.14;3150.56;3393.25;3473.36;3480.41;3780.62;3852.73
861;Belp;10356.0;246;22;9;351;4020.34;4309.83;4699.16;5020.90;5129.20;5166.82;5476.32;5179.10;5202.94;5204.75
862;Belpberg;418.0;246;22;21;;2199.95;2206.01;2306.79;2291.08;2271.26;2400.78;2630.89;2333.53;2665.91;2828.63
681;Belprahon;300.0;241;15;15;;2682.39;2751.96;2484.29;2688.71;3289.62;2904.54;3387.94;3217.01;3258.71;3179.79
972;Berken;47.0;244;26;22;;2177.12;3139.99;2407.89;2536.10;2711.51;2644.99;2591.58;2447.62;2802.23;3626.26
351;Bern;126664.0;246;3;1;351;6223.43;6463.55;6234.99;6452.53;6762.02;6907.17;6794.83;6977.47;7614.58;7612.73
973;Bettenhausen;686.0;244;26;15;;2968.08;3091.37;3154.84;3276.47;2775.35;3173.35;3158.14;2768.87;2572.24;2646.79
371;Biel;51323.0;242;4;2;371;5223.35;5287.62;5223.57;5973.42;5972.88;6279.88;6123.61;5925.56;6088.23;5772.50
603;Biglen;1729.0;246;12;15;;3724.86;3888.08;4066.44;3364.63;3326.25;3364.27;3530.26;3480.11;3561.21;3732.32
324;Bleienbach;654.0;244;2;19;;3275.77;3201.83;3571.07;3680.83;3245.79;2900.75;3030.47;3199.04;3101.86;2883.84
604;Bleiken b.O.;385.0;246;12;16;;2305.56;2388.12;2266.51;2586.07;2515.94;2556.41;2735.32;2586.65;2615.71;2659.34
922;Blumenstein;1182.0;247;24;17;;3135.47;3083.02;2886.54;3035.35;3024.48;3083.69;3279.73;3314.99;3389.37;2706.76
352;Bolligen;6057.0;246;3;11;351;3407.62;3444.07;3527.52;3652.28;3806.58;3893.80;4057.59;4075.73;4093.14;3974.46
974;Bollodingen;0.0;244;26;19;;3591.55;3612.45;3320.33;3324.71;2674.31;2592.92;3085.06;2591.02;2708.78;0.00
791;Boltigen;1366.0;248;19;21;;3039.67;3110.42;3055.80;3270.55;3190.75;3172.90;3263.83;3162.27;3124.97;3270.12
605;Bowil;1381.0;246;12;19;;2564.82;2582.58;2542.38;2686.13;2660.77;2657.14;2878.37;2852.18;2932.59;2752.20
353;Bremgarten b.B.;4210.0;246;3;11;351;3988.48;4231.66;4135.87;4221.20;4054.65;4148.44;4071.91;4039.02;4086.62;3810.50
606;Brenzikofen;524.0;246;12;15;;2623.58;2371.45;2150.52;2323.75;2317.13;2413.96;2479.13;2405.76;2483.34;2553.95
573;Brienz;3014.0;250;11;7;;4870.53;4739.40;4778.06;4466.31;5194.64;4816.95;4992.33;5105.24;5145.71;5528.74
574;Brienzwiler;511.0;250;11;17;;3829.43;4058.26;4408.00;3771.99;3917.24;3795.14;4045.68;4255.27;3990.39;4425.24
733;Brügg;4155.0;242;16;12;371;6264.56;6492.83;8009.66;7649.41;7770.43;7741.85;8580.10;8752.31;8257.39;7854.23
491;Brüttelen;577.0;243;8;21;;2915.20;2919.01;2904.08;2783.68;2815.02;2768.39;2910.76;3035.87;2838.17;2958.76
923;Buchholterberg;1531.0;247;24;19;;2307.26;2308.31;2193.38;2410.10;2450.24;2503.50;2712.30;2759.31;2563.82;2669.21
404;Burgdorf;15549.0;245;6;3;404;4067.55;4087.03;4153.96;4412.14;4593.13;4615.41;4847.47;4966.49;5026.10;5130.91
863;Burgistein;1026.0;247;22;16;;2792.08;2692.61;2869.57;2958.24;3080.99;3123.46;3700.46;3957.49;4069.36;3179.39
384;Busswil b.B.;0.0;243;5;14;371;2730.37;2564.12;2646.50;2279.47;2265.88;2344.86;2515.52;2521.32;2417.26;0.00
325;Busswil b.M.;201.0;244;2;20;;2803.78;3171.63;2949.65;3359.59;2694.33;2577.91;2967.97;3109.76;2734.37;3291.85
403;Bäriswil;1005.0;246;6;11;351;2933.25;3122.64;2903.52;2826.35;2907.39;2690.75;2949.49;2802.72;2886.08;2899.43
533;Bätterkinden;3171.0;245;9;15;;3069.20;3142.62;2527.88;2582.77;2676.33;2608.01;2753.50;2673.15;2693.22;2696.42
682;Bévilard;1681.0;241;15;18;;3251.98;2894.89;2969.80;2717.32;2646.73;2832.17;2836.15;2609.57;2673.93;2961.68
572;Bönigen;2447.0;250;11;7;;2524.07;2536.59;2556.50;2592.33;2568.10;2558.71;2796.10;2639.51;2710.60;2686.58
382;Büetigen;827.0;243;5;15;;2987.57;2743.09;2962.45;2802.63;2925.20;2765.82;3039.63;2836.46;2876.90;2880.60
734;Bühl;419.0;243;16;16;;2850.37;2818.82;2693.60;2783.94;2773.74;2716.60;2859.01;2803.46;2740.83;3021.09
383;Büren a.A.;3295.0;243;5;17;;2972.75;3033.55;3126.48;4329.49;4581.69;4972.22;5205.60;5611.26;5965.20;5306.81
534;Büren z.H.;468.0;246;9;15;;2277.46;3015.50;3234.60;3297.24;3266.36;3065.77;3283.22;2920.73;3175.63;3196.90
683;Champoz;162.0;241;15;21;;3426.43;3551.93;3611.82;3158.71;3625.33;3398.72;4036.04;3750.63;3550.00;3501.71
684;Châtelat;113.0;241;15;21;;2910.57;2932.48;3009.95;3008.35;3556.54;3613.43;3399.89;3375.67;3555.45;3876.61
661;Clavaleyres;49.0;246;14;21;;2509.94;2839.40;2321.35;2728.28;2600.72;3667.68;2920.58;2829.51;3520.92;3694.22
687;Corcelles;214.0;241;15;15;;3067.71;2840.93;3043.65;2759.72;2906.20;2845.62;3328.26;3363.90;3174.34;3471.24
431;Corgémont;1551.0;241;7;18;;3018.48;3039.70;3121.41;3060.67;2923.37;3031.95;3138.82;3103.97;3143.74;3149.37
432;Cormoret;495.0;241;7;15;;3492.61;3377.79;3258.06;3470.03;3099.05;3116.24;3227.60;3145.43;3358.45;3261.32
433;Cortébert;697.0;241;7;15;;2930.49;2953.98;3253.60;3262.30;2850.48;2964.15;3101.52;2986.74;3066.45;3224.16
690;Court;1390.0;241;15;18;;2750.78;2736.67;2690.27;2734.25;2520.22;2469.24;2894.98;2826.13;2758.96;2785.01
434;Courtelary;1283.0;241;7;18;;3759.22;3582.64;3417.00;3671.10;3390.67;3574.34;3578.65;3561.64;3643.81;3716.59
691;Crémines;550.0;241;15;18;;2566.36;2676.72;2600.59;2886.10;3349.26;3157.55;3405.58;3197.31;3117.33;3370.40
535;Deisswil b.M.;97.0;246;9;15;;2150.25;2175.64;2480.80;2326.45;2458.79;2549.83;2615.37;2779.20;2867.56;2925.35
536;Diemerswil;199.0;246;9;11;351;2400.35;2490.97;2596.03;2736.82;2475.27;2383.94;2781.23;2786.68;2805.42;2958.96
762;Diemtigen;2140.0;249;17;21;;2309.55;2329.14;2342.51;2349.27;2415.75;2480.27;2553.97;2466.79;3066.94;3195.77
385;Diessbach b.B.;923.0;243;5;15;;3331.14;3240.10;3317.90;3268.66;3164.23;3170.19;3531.50;3601.94;3419.69;3299.26
721;Diesse;443.0;241;13;17;;4241.23;4049.53;3792.20;3817.96;3746.55;4119.33;4011.41;4072.11;3863.21;3802.27
386;Dotzigen;1358.0;243;5;15;;3025.69;3004.20;3075.54;2669.20;2697.80;2644.00;2761.90;2832.18;2737.97;2766.95
575;Därligen;416.0;250;11;15;;2923.64;2683.52;3125.93;2861.14;3101.65;3255.38;3257.00;3092.61;3094.01;3274.67
761;Därstetten;833.0;249;17;19;;2485.28;2846.69;2758.02;2587.03;2613.96;2557.36;2836.62;2715.07;2796.61;2782.07
952;Dürrenroth;1064.0;245;25;21;;3590.70;3638.66;3876.72;3978.46;2899.83;3026.50;3057.30;3005.85;3196.40;3191.90
901;Eggiwil;2453.0;245;23;21;;3107.31;3320.12;3124.49;3272.90;3227.41;3180.12;3410.16;3600.44;3632.92;3778.81
864;Englisberg;0.0;246;22;8;;2305.01;2579.60;0.00;0.00;0.00;0.00;0.00;0.00;0.00;0.00
735;Epsach;341.0;243;16;16;;2796.28;2784.24;2818.18;2633.18;2589.28;2587.14;2621.65;2621.35;2649.50;2526.74
953;Eriswil;1347.0;244;25;19;;4191.72;4408.86;4707.01;4888.66;4920.02;3239.37;3785.35;3929.38;3727.44;4260.35
924;Eriz;496.0;247;24;21;;3151.79;2690.41;2658.17;2984.72;2901.35;2826.88;3129.41;3268.35;3184.53;2927.01
492;Erlach;1278.0;243;8;17;;4779.23;4853.23;4808.97;9489.90;9734.46;9749.14;10609.30;9646.39;9631.89;9483.09
763;Erlenbach i.S.;1695.0;249;17;20;;2616.87;2732.89;2591.60;2727.54;2715.86;2838.78;2748.88;2687.03;2701.20;2715.39
405;Ersigen;1589.0;245;6;19;;2474.99;2514.75;2532.75;2518.11;2627.18;2621.70;2736.64;2707.71;2745.07;2800.45
692;Eschert;377.0;241;15;19;;2662.27;2403.52;2360.03;2593.15;2383.57;2687.09;2768.80;2968.43;2819.74;2791.84
537;Etzelkofen;289.0;246;9;18;;2320.08;2605.15;2654.37;2777.17;3017.61;3099.94;3068.20;3302.56;3275.84;3450.31
372;Evilard;2424.0;242;4;5;371;3629.77;3369.82;3302.29;3324.66;3204.94;3578.11;3791.83;3992.47;4020.02;4135.43
925;Fahrni;741.0;247;24;20;;2477.34;2461.85;2423.52;2507.63;2440.53;2587.21;2636.57;2558.33;2549.46;2496.40
975;Farnern;209.0;244;26;15;;2474.86;2715.00;2780.01;2716.39;2739.35;3165.71;3268.86;3281.11;3186.91;3199.54
662;Ferenbalm;1270.0;246;14;15;;2194.98;2235.88;2195.56;2406.86;2284.88;2478.32;2648.38;2374.52;2461.30;2585.26
493;Finsterhennen;501.0;243;8;20;;2906.87;2758.01;2780.69;2824.88;2850.08;2785.42;3105.43;3025.47;3080.37;3209.21
926;Forst;0.0;247;24;15;;2367.11;2539.06;2579.43;2339.40;2570.41;0.00;0.00;0.00;0.00;0.00
948;Forst-Längenbühl;704.0;247;24;19;;0.00;0.00;0.00;0.00;0.00;2521.25;2837.41;2722.68;2566.06;2645.30
538;Fraubrunnen;1791.0;246;9;11;351;3223.86;3059.51;2778.18;2844.41;2850.27;2965.66;3087.13;3072.90;3121.93;3136.76
663;Frauenkappelen;1256.0;246;14;11;351;2758.80;2716.58;2965.33;2935.76;3198.70;3146.65;3142.25;3020.02;3049.45;3134.83
607;Freimettigen;424.0;246;12;15;;2446.88;2466.49;2378.26;2495.86;2472.36;2627.08;2573.89;2495.49;2616.91;2683.07
563;Frutigen;6703.0;249;10;4;;2767.72;2746.42;2837.07;3119.25;3167.74;3170.08;3389.19;3515.29;3797.69;3594.57
781;Gadmen;229.0;250;18;22;;4526.90;3968.09;4562.81;4838.81;4587.54;4603.87;4941.27;4946.16;5465.58;5519.84
494;Gals;729.0;243;8;20;;2850.38;3249.56;3067.86;2856.73;2697.07;3182.24;3044.09;2998.78;3087.65;3301.39
495;Gampelen;791.0;243;8;17;;3241.97;3218.44;3378.04;3199.62;3190.89;2919.32;3147.99;3046.00;3185.78;3017.33
865;Gelterfingen;242.0;246;22;21;;2570.76;2740.32;2199.85;2271.49;2438.60;2625.39;2559.60;2274.76;2473.68;2280.12
866;Gerzensee;1134.0;246;22;20;;3029.76;3178.80;3013.96;3135.66;3153.46;3139.28;3232.68;3167.49;3168.14;3136.57
664;Golaten;303.0;246;14;21;;2665.60;2890.52;2863.45;3169.56;3098.59;2961.58;3503.16;3144.46;2958.15;3402.02
326;Gondiswil;724.0;244;2;19;;3170.38;3307.76;3472.99;3759.19;3286.06;3060.90;2981.37;2928.11;3124.67;3317.19
976;Graben;291.0;244;26;15;;2368.43;2363.19;2319.72;2450.91;2610.01;2814.79;3472.26;2727.49;2442.90;2652.59
539;Grafenried;976.0;246;9;11;351;2501.39;2600.88;2541.24;2668.81;2755.20;2734.02;2798.01;2664.07;2684.07;2655.74
694;Grandval;351.0;241;15;18;;2609.35;2540.15;2690.06;2844.03;2732.11;2999.69;3086.45;2959.90;2894.02;2916.69
576;Grindelwald;4040.0;250;11;6;;3857.53;3757.98;4042.89;4141.71;4234.73;4381.83;4505.84;4258.12;4278.57;4112.85
303;Grossaffoltern;2812.0;243;1;15;;2604.30;2608.40;2608.62;2544.06;2469.96;2544.01;2636.76;2593.49;2633.78;2663.99
608;Grosshöchstetten;3289.0;246;12;11;351;3581.90;3507.24;3621.41;3195.27;3395.19;3366.28;4193.68;3541.30;3751.47;3804.66
841;Gsteig;986.0;248;20;20;;2907.55;2985.28;3127.78;3114.49;3138.50;3142.96;3334.21;3200.67;3225.26;3312.89
577;Gsteigwiler;430.0;250;11;14;;3380.61;3126.19;3184.53;3104.08;3169.18;3062.87;2894.61;2885.85;2893.58;2950.10
852;Guggisberg;1585.0;246;21;21;;3114.02;3102.38;3121.40;3266.31;3309.11;3329.84;3437.65;3401.68;3552.81;3411.87
665;Gurbrü;245.0;246;14;21;;2464.68;2324.23;2497.81;2535.12;2431.00;2625.56;2840.19;2728.48;2911.68;3278.77
867;Gurzelen;798.0;247;22;19;;2464.99;2519.83;2589.38;2536.76;2926.11;2786.80;2780.69;2791.31;2997.07;2833.01
327;Gutenburg;0.0;244;2;15;;3479.51;3772.98;4153.83;3958.53;3283.93;0.00;0.00;0.00;0.00;0.00
782;Guttannen;321.0;250;18;7;;4796.80;4675.09;4429.30;4914.28;5784.91;5497.75;5740.45;6291.60;5888.88;6025.21
578;Gündlischwand;284.0;250;11;17;;3727.15;3386.58;3696.01;3438.93;3784.11;3351.55;3388.67;3137.58;3166.64;3189.56
579;Habkern;640.0;250;11;21;;3073.84;3482.85;3238.95;3268.37;3389.70;3489.73;3588.08;3514.57;3624.67;3520.26
736;Hagneck;415.0;243;16;15;;2532.24;2831.39;2788.32;2511.23;2529.28;2775.72;3020.01;2716.67;2740.53;2783.53
406;Hasle b.B.;3170.0;245;6;16;;2546.28;2682.31;2693.25;2305.14;2304.12;2331.39;2986.10;3195.17;3309.89;2403.33
783;Hasliberg;1229.0;250;18;6;;3058.43;3303.96;3238.12;3712.90;3415.07;3651.06;3712.24;3756.42;3416.71;3611.15
927;Heiligenschwendi;675.0;247;24;7;;3063.52;3078.94;3199.36;2767.47;2564.56;2972.33;3124.01;3209.98;3225.09;3200.34
928;Heimberg;6365.0;247;24;12;942;2567.73;2722.59;2747.73;2963.29;2900.98;2882.74;2981.51;3004.29;2999.70;3047.92
977;Heimenhausen;1016.0;244;26;15;;3355.47;3544.61;3725.27;3955.58;3199.80;3086.34;3381.87;2238.27;2304.95;2361.68
407;Heimiswil;1636.0;245;6;21;;2610.92;2694.36;2586.86;2705.04;2635.08;2805.17;2764.77;2858.37;2943.95;2892.50
408;Hellsau;192.0;245;6;19;;2065.58;2389.59;2581.68;2817.10;2822.21;3029.22;2876.42;2581.34;2790.20;2702.95
610;Herbligen;551.0;246;12;16;;2685.60;2574.76;2404.81;2400.60;2443.21;2506.12;2594.96;2544.92;2388.19;2504.86
978;Hermiswil;96.0;244;26;20;;3406.38;3849.38;3871.03;3906.94;3301.09;3519.98;3152.42;3211.67;3449.61;3002.98
737;Hermrigen;262.0;243;16;16;;2785.93;2921.05;2809.79;3116.11;3058.23;3026.82;3255.41;3303.15;3334.88;3174.00
979;Herzogenbuchsee;6795.0;244;26;4;;3374.85;3517.23;3855.77;4070.87;4091.88;4080.90;4189.02;4104.14;4324.38;4259.60
929;Hilterfingen;3998.0;247;24;13;942;3833.18;3803.23;3691.65;3285.92;3176.50;3314.04;3522.37;3503.04;3530.66;3576.60
409;Hindelbank;2094.0;245;6;17;;3604.41;4040.05;4840.98;4935.39;5096.19;5044.08;4902.98;4748.37;4644.05;4606.49
580;Hofstetten b.B.;567.0;250;11;17;;2762.30;3073.30;2965.98;2845.03;3184.53;3232.57;3345.50;3152.20;3507.43;3487.85
931;Homberg;502.0;247;24;21;;2511.33;2490.65;2455.04;2778.91;2666.08;2604.96;3055.04;2975.32;3142.83;3095.53
932;Horrenbach-Buchen;259.0;247;24;21;;3178.21;2976.27;3224.07;3257.75;3074.77;3039.41;3399.98;3253.55;2787.07;3082.32
954;Huttwil;4726.0;244;25;18;;4120.78;3637.00;3293.76;3464.53;3607.19;3684.78;3887.72;3872.81;4155.25;4034.56
609;Häutligen;239.0;246;12;21;;2794.63;3162.60;2908.20;3309.04;3239.58;3212.61;3496.04;3350.71;3884.05;3502.18
410;Höchstetten;258.0;245;6;19;;2288.05;2307.13;2346.60;2448.27;2674.83;2567.03;2725.51;2692.23;2707.27;2853.51
930;Höfen;441.0;247;24;16;;2719.33;2757.17;2709.71;2793.93;3123.95;3116.59;3142.60;3003.11;2878.35;2707.28
541;Iffwil;409.0;246;9;20;;2217.61;2316.07;2106.99;2331.46;2512.63;2421.51;2548.76;2564.53;2449.14;2464.46
980;Inkwil;638.0;244;26;15;;3368.80;3198.02;3446.32;3333.62;3095.59;2813.45;2924.57;2427.72;2827.43;2690.33
784;Innertkirchen;886.0;250;18;19;;3355.38;3286.49;3241.27;3289.69;3495.24;3687.03;3904.81;3740.49;3687.92;3586.93
496;Ins;3260.0;243;8;20;;4109.37;4153.02;4183.81;3794.92;3885.03;3808.25;4109.48;4020.25;4067.62;4055.16
581;Interlaken;5481.0;250;11;6;;4831.03;4458.74;4534.51;4379.73;4314.42;4397.33;4374.25;4317.49;4631.14;4305.06
739;Ipsach;3913.0;242;16;13;371;3118.15;3012.84;3000.42;3080.06;3183.06;3356.11;3565.03;3410.11;3547.91;3552.08
582;Iseltwald;432.0;250;11;20;;3332.41;3467.14;3396.16;3312.04;3332.42;3496.12;3863.85;3742.22;3586.01;3674.33
362;Ittigen;11006.0;246;3;9;351;4041.31;3852.43;3704.55;3968.14;4206.99;4325.68;4428.22;4504.13;4804.24;5053.74
868;Jaberg;258.0;246;22;15;;3132.25;3073.35;3297.11;3127.82;3136.33;3235.35;3624.13;3294.77;3243.01;3306.02
540;Jegenstorf;4680.0;246;9;10;351;3041.56;3047.73;3967.06;4560.10;2719.56;2592.09;2751.80;2708.40;2696.08;2757.29
738;Jens;681.0;243;16;15;;2823.30;2687.90;2739.74;2750.45;2862.37;2779.18;2825.10;2690.63;2690.74;2985.82
304;Kallnach;1563.0;243;1;19;;2791.50;2864.15;2933.53;2946.36;2942.19;2989.25;3310.57;3151.38;3209.40;3248.75
564;Kandergrund;810.0;249;10;8;;1924.85;1854.41;1741.24;2085.97;2517.15;2783.31;2571.31;2619.82;2667.85;2684.98
565;Kandersteg;1261.0;249;10;6;;3317.35;3377.35;3291.70;3480.08;3348.62;3221.36;3368.03;3423.46;3446.10;3663.53
305;Kappelen;1278.0;243;1;19;;2347.72;2231.64;2313.89;2381.95;2428.24;2558.50;2769.27;2571.25;2545.87;2582.05
869;Kaufdorf;1034.0;246;22;11;351;2675.09;2602.80;2217.39;2377.70;2445.06;2475.48;2685.47;2511.55;2615.03;2608.02
870;Kehrsatz;3964.0;246;22;10;351;3080.46;3267.36;2794.03;2889.60;2795.69;2538.96;2631.44;2592.02;2682.99;2667.96
411;Kernenried;449.0;245;6;15;;2399.72;2312.53;2245.55;2459.94;2358.12;2434.91;2586.57;2731.03;2631.36;3026.13
871;Kienersrüti;52.0;247;22;21;;2476.96;2138.16;2106.37;2443.54;2587.32;2925.26;3167.78;2808.70;3405.52;3188.15
611;Kiesen;857.0;246;12;15;;3049.95;3339.95;3445.83;3838.12;3608.32;3700.88;3552.25;3329.35;3371.21;3386.05
412;Kirchberg;5613.0;245;6;12;404;2931.71;3039.91;3009.46;3083.87;3227.21;3371.68;3722.86;3663.66;3798.13;3242.85
872;Kirchdorf;814.0;246;22;20;;2572.38;2623.37;2470.60;2678.83;2787.16;2721.66;3028.97;3039.80;3090.04;3373.94
873;Kirchenthurnen;271.0;246;22;15;;2360.00;2517.81;2606.96;2546.68;2653.18;2805.06;3082.04;2959.96;2863.54;2779.45
354;Kirchlindach;2815.0;246;3;11;351;3201.26;3084.51;3203.70;3293.01;3266.10;3366.11;3494.72;3388.26;3338.74;3377.22
328;Kleindietwil;0.0;244;2;19;;3707.87;3882.80;4023.42;4229.95;3611.92;3859.34;4042.85;3743.26;4499.33;0.00
612;Konolfingen;4739.0;246;12;9;351;3495.33;3301.89;3334.06;4515.02;4594.44;4370.37;4682.54;5000.77;5569.33;5056.37
413;Koppigen;2070.0;245;6;17;;2721.90;2878.97;2724.22;2792.53;3066.16;2929.59;3108.62;2983.96;3108.27;3160.41
566;Krattigen;989.0;249;10;17;;2697.56;2704.07;2706.20;2892.11;3054.40;2965.51;3446.35;3173.26;3282.76;3267.51
414;Krauchthal;2318.0;245;6;15;;2842.86;3364.80;2614.90;2664.76;2627.91;2677.29;2804.67;2727.96;2728.42;2692.44
666;Kriechenwil;410.0;246;14;20;;2414.68;2692.98;2642.69;2861.61;2586.97;2709.51;2696.68;2449.36;2612.84;2682.97
355;Köniz;38633.0;246;3;9;351;4052.62;4135.31;4145.10;4300.19;4332.44;4297.92;4473.75;4484.15;4656.82;4607.53
435;La Ferrière;545.0;241;7;19;;3070.06;2942.89;3264.62;3444.71;3292.32;3233.37;3546.33;3480.73;3610.74;3760.51
436;La Heutte;486.0;241;7;15;;3300.57;3310.97;3131.92;3365.82;3532.42;3639.57;4193.13;4314.25;4545.43;3282.32
723;La Neuveville;3559.0;241;13;17;;5269.59;5324.00;5318.32;5518.38;5538.66;5764.01;5957.59;5817.07;6277.59;6267.74
722;Lamboing;682.0;241;13;16;;4074.21;4137.99;3830.01;3802.45;3774.64;3854.37;4003.49;4303.70;4178.81;3844.82
613;Landiswil;628.0;246;12;21;;2892.00;2764.39;2865.68;2712.43;2702.95;2839.22;2908.90;3147.09;3172.49;2932.03
329;Langenthal;15017.0;244;2;3;;4394.33;4454.61;4606.67;4869.98;4927.94;4951.50;5240.91;5299.21;5463.76;5487.04
902;Langnau i.E.;9018.0;245;23;3;;3296.69;3488.73;3473.99;3492.47;3552.03;3681.76;3971.56;3850.61;3953.03;3742.15
842;Lauenen;810.0;248;20;21;;3077.48;3143.44;3135.25;3414.14;3380.03;3464.90;3718.08;3429.20;3345.64;3565.78
667;Laupen;2830.0;246;14;10;351;3213.74;3212.60;3199.62;3343.83;2928.80;2905.81;3038.40;2934.65;2883.11;2950.94
903;Lauperswil;2680.0;245;23;19;;2563.59;2707.81;2288.78;2392.12;2447.68;2531.09;2575.98;2557.76;2556.93;2589.31
584;Lauterbrunnen;2741.0;250;11;6;;4094.22;4008.11;4144.40;4089.54;4034.57;4362.98;4913.95;4836.28;4794.67;5023.54
330;Leimiswil;0.0;244;2;19;;3329.42;3198.66;3441.21;3658.16;2694.31;2818.72;3042.28;2936.92;2950.85;0.00
585;Leissigen;932.0;250;11;17;;2901.75;2861.81;2893.12;2905.64;2969.90;2876.95;2869.24;2769.01;3266.74;3197.61
387;Lengnau;4627.0;242;5;14;;3736.45;3622.95;3763.92;3873.88;3957.77;4066.91;4338.50;4753.06;4536.26;4488.47
792;Lenk;2419.0;248;19;6;;4133.50;4251.37;4351.28;4505.59;4396.06;4475.74;4810.63;4788.90;5142.21;5101.54
388;Leuzigen;1200.0;243;5;16;;3371.19;3364.32;3368.41;3300.98;3277.53;3282.06;3506.30;3379.72;3511.17;2797.58
740;Ligerz;521.0;242;16;20;;4528.49;4954.32;4694.22;5076.60;5507.79;5116.44;5063.02;4224.30;4175.54;4252.38
542;Limpach;359.0;246;9;20;;3166.04;3226.53;3218.85;3316.83;3143.35;3131.78;3421.57;3309.59;3148.29;3063.72
614;Linden;1321.0;246;12;19;;2406.97;2481.80;2323.52;2479.93;2431.70;2440.29;2638.84;2724.40;2762.17;2813.81
874;Lohnstorf;224.0;246;22;21;;2718.50;2476.33;2485.29;2359.38;2231.30;2269.69;2357.19;2883.84;3294.11;2727.09
331;Lotzwil;2462.0;244;2;15;;3298.24;3451.52;3717.98;3900.33;3811.86;3729.89;4156.08;4195.77;4071.03;4097.20
696;Loveresse;317.0;241;15;19;;2366.84;3119.59;2477.46;2656.21;2680.83;2851.04;3030.17;2708.36;2852.30;2637.64
306;Lyss;13776.0;243;1;3;;3629.66;3718.02;3933.21;3961.59;4189.16;4172.14;4403.42;4449.63;4568.08;4413.30
415;Lyssach;1427.0;245;6;12;404;2930.34;2770.50;3193.32;3468.48;3394.49;3626.73;3630.84;3298.80;3304.03;3539.69
933;Längenbühl;0.0;247;24;20;;3050.84;3082.63;3067.11;2938.71;3509.32;0.00;0.00;0.00;0.00;0.00
497;Lüscherz;537.0;243;8;20;;3923.30;4263.93;4348.01;4150.64;4378.22;4269.83;4531.07;4315.35;4323.16;4288.92
586;Lütschental;240.0;250;11;20;;3726.85;3307.95;3143.47;4578.66;3011.68;3157.91;3385.84;3661.19;3968.76;4035.11
955;Lützelflüh;4075.0;245;25;19;;2809.88;2868.23;2856.85;2948.92;2947.38;3039.96;3179.34;3090.66;3257.08;3317.86
332;Madiswil;3140.0;244;2;20;;3293.92;3645.72;3466.04;3774.32;3896.32;3783.60;4005.18;3916.04;3863.24;3728.44
697;Malleray;1970.0;241;15;18;;2708.51;2904.98;2989.21;3232.63;3113.07;3063.16;3219.88;3519.10;3855.49;3882.20
587;Matten b.I.;3780.0;250;11;13;;2551.03;2683.38;2739.88;2424.57;2497.63;2535.43;2980.42;3115.02;3226.01;2547.84
543;Mattstetten;588.0;246;9;11;351;2839.28;2917.72;2683.35;2607.89;2402.31;2508.20;2718.89;2772.41;2746.24;2800.80
389;Meienried;53.0;243;5;20;;2725.36;2676.15;2180.42;2574.68;3172.22;3016.17;2264.78;3031.62;2313.67;2802.99
307;Meikirch;2344.0;246;1;11;351;2884.14;2982.22;2890.79;2825.31;2684.06;2745.62;3219.58;3918.57;3949.71;2707.54
390;Meinisberg;1292.0;242;5;15;;2776.45;2826.77;2488.29;2649.71;2512.88;2579.66;2829.03;2658.89;2637.46;2686.30
785;Meiringen;4581.0;250;18;7;;3103.02;3140.65;3157.00;3865.36;3779.61;3843.10;3929.14;3480.07;3486.58;3048.18
333;Melchnau;1567.0;244;2;19;;3679.98;3635.61;3583.17;3761.83;3925.62;4177.42;4058.99;4080.11;4318.55;4163.64
741;Merzligen;411.0;243;16;15;;2766.62;2726.64;2635.65;2646.57;2866.77;2872.68;3137.42;3291.73;3309.97;3307.35
615;Mirchel;578.0;246;12;16;;2121.99;2197.06;2322.16;2094.33;2208.79;2302.76;2462.04;2453.19;2410.92;2431.25
699;Monible;38.0;241;15;21;;3973.13;4235.83;4283.98;5575.46;4509.96;5137.13;5661.43;4947.16;5112.24;5964.89
437;Mont-Tramelan;120.0;241;7;21;;2341.77;1974.86;2026.26;2031.66;2379.97;2359.85;2523.99;2439.69;3219.69;2941.41
544;Moosseedorf;3620.0;246;9;9;351;2985.05;3086.48;3102.16;3134.45;3356.20;3305.63;3504.47;3609.81;3354.46;3663.27
700;Moutier;7479.0;241;15;3;;5051.83;4644.44;4870.27;5243.00;5221.42;5284.48;5590.97;5466.27;6059.57;6118.44
356;Muri b.B.;12369.0;246;3;5;351;4841.51;4871.36;4858.29;4737.81;4681.71;4838.74;4988.70;4911.73;5106.39;5001.48
742;Mörigen;878.0;242;16;5;371;3880.10;4240.55;3429.05;3563.10;3366.73;3434.79;3693.11;3896.03;4143.87;3971.15
416;Mötschwil;142.0;245;6;22;;2700.42;2404.51;2518.43;2670.69;2546.33;2830.87;2446.69;2855.94;2586.82;2717.17
668;Mühleberg;2668.0;246;14;20;;3085.80;2914.35;2843.72;3064.72;3024.96;3141.36;3454.71;3440.95;3599.42;3853.48
875;Mühledorf;248.0;246;22;20;;2984.05;3045.91;2966.20;3031.18;3199.27;3515.83;3362.31;3350.39;3409.29;3219.61
876;Mühlethurnen;1377.0;246;22;15;;2387.75;2445.76;2458.39;2634.89;2689.70;2949.34;3483.54;3426.85;3535.60;2520.13
545;Mülchi;234.0;246;9;16;;2727.48;2868.29;2650.28;2869.96;2727.45;2935.78;3137.28;3003.06;3297.92;2889.38
546;Münchenbuchsee;9703.0;246;9;9;351;3625.52;3792.40;4017.06;4192.13;4101.77;4044.14;4028.51;3882.89;4021.14;3984.33
669;Münchenwiler;468.0;246;14;15;;2564.94;2520.16;2603.73;2680.65;2447.90;2401.81;2415.41;2308.49;2354.41;2264.33
547;Münchringen;593.0;246;9;15;;2352.28;2190.82;2356.23;2427.14;2411.60;2361.15;2501.76;2548.25;2469.59;2590.62
616;Münsingen;10841.0;246;12;9;351;3534.60;4473.32;4816.18;5160.64;4903.20;4916.88;5411.46;5717.18;5972.51;5446.33
498;Müntschemier;1330.0;243;8;20;;3024.12;2880.10;3001.45;2674.70;2771.68;2831.19;3076.80;2796.36;2808.62;2969.08
670;Neuenegg;4913.0;246;14;11;351;3032.69;3013.84;3191.23;3058.60;2765.37;3019.60;2840.94;2789.52;2738.62;2752.37
743;Nidau;6816.0;242;16;12;371;4908.88;5098.83;5366.00;6023.65;5935.44;5888.23;6019.90;6061.90;6508.63;6278.97
981;Niederbipp;4211.0;244;26;17;;3499.73;3544.25;3232.61;3355.77;3459.15;3515.48;3795.40;3719.29;3931.64;3769.49
617;Niederhünigen;641.0;246;12;15;;2187.96;2234.39;2184.01;2417.38;2440.55;2441.81;2509.27;2446.23;2564.91;2587.47
877;Niedermuhlern;505.0;246;22;21;;2421.93;2468.81;2563.15;2678.23;2708.42;2664.53;2998.11;2994.99;2943.92;2897.68
588;Niederried b.I.;338.0;250;11;15;;3215.04;3152.51;3144.24;2723.61;2743.39;2893.88;3149.83;3150.59;3117.89;3394.17
308;Niederried b.K.;297.0;243;1;15;;2897.85;2893.60;3030.29;3183.76;3083.68;3011.92;3159.63;3241.10;3265.18;3486.43
764;Niederstocken;257.0;247;17;15;;2331.98;2667.49;2627.36;2712.35;2862.19;3076.97;3282.64;2966.50;2828.06;2919.31
618;Niederwichtrach;0.0;246;12;11;;3169.16;3490.59;0.00;0.00;0.00;0.00;0.00;0.00;0.00;0.00
982;Niederönz;1554.0;244;26;15;;3432.58;3250.58;3237.95;3435.69;3093.25;3051.66;3622.60;5221.37;5015.47;4712.82
417;Niederösch;240.0;245;6;21;;2520.88;2427.38;2245.16;2215.32;2449.01;2670.43;2627.64;3048.69;2719.67;2726.19
724;Nods;742.0;241;13;20;;4694.81;4230.20;4483.30;4477.27;4390.34;4496.97;4789.15;4641.93;5001.16;4895.02
878;Noflen;260.0;246;22;21;;2421.90;2346.49;2832.59;2877.48;3149.62;2798.94;2739.36;2562.11;2857.29;2990.22
357;Oberbalm;869.0;246;3;21;;2547.06;2449.36;2466.46;2471.96;2512.24;2697.83;2674.72;2656.94;2864.36;2612.98
983;Oberbipp;1568.0;244;26;15;;2879.85;2887.43;2791.42;2798.11;2756.25;2749.82;2997.39;2913.79;3017.78;3000.11
418;Oberburg;2875.0;245;6;13;404;3930.02;4000.11;3399.94;3112.17;3100.97;3076.36;2490.62;2384.79;2574.83;2568.21
619;Oberdiessbach;3102.0;246;12;17;;4053.34;4238.89;4324.77;4476.86;4462.66;4772.81;5039.45;5128.35;4832.18;5063.33
934;Oberhofen;2354.0;247;24;14;942;3685.19;3818.28;3819.33;3790.58;3923.22;3894.91;4094.25;4124.66;4276.61;4114.50
629;Oberhünigen;326.0;246;12;21;;2328.41;2604.84;2647.70;2675.78;2671.77;2703.79;2893.72;2789.77;2923.64;3037.50
935;Oberlangenegg;486.0;247;24;21;;2884.90;2676.70;2549.64;2748.60;2622.74;2791.94;3306.15;3038.36;3045.94;3199.81
589;Oberried a.Br.-S.;479.0;250;11;17;;3851.60;4004.50;4067.50;3855.17;3671.60;4225.02;4128.22;4122.08;4028.47;4152.36
334;Obersteckholz;423.0;244;2;16;;3495.59;3789.13;3839.40;3991.05;3579.81;3169.06;3640.21;3392.90;3452.89;3046.03
765;Oberstocken;282.0;247;17;15;;2857.68;2735.51;2607.78;2654.40;2568.05;2721.78;2725.33;3085.30;3095.65;3149.84
620;Oberthal;781.0;246;12;21;;2269.65;2395.89;2494.85;2302.37;2435.35;2471.11;2616.08;2584.80;2802.07;2736.29
621;Oberwichtrach;0.0;246;12;10;;2389.48;2485.41;0.00;0.00;0.00;0.00;0.00;0.00;0.00;0.00
391;Oberwil b.B.;809.0;243;5;16;;3208.86;3093.59;3019.00;3031.47;3031.42;3135.95;3395.50;3148.50;3317.19;3284.58
766;Oberwil i.S.;795.0;249;17;21;;2578.28;2691.94;2702.78;2660.34;2777.60;2448.51;2536.92;2453.29;2582.32;2476.61
984;Oberönz;0.0;244;26;15;;2958.63;2844.45;2925.59;2927.24;2729.81;2754.99;0.00;0.00;0.00;0.00
419;Oberösch;112.0;245;6;21;;2007.74;2008.99;2184.47;2458.72;2067.70;2582.17;2803.10;2839.48;2706.68;3165.78
985;Ochlenberg;586.0;244;26;21;;3242.33;3392.12;3527.56;3499.23;2820.91;3025.05;3007.08;2908.70;3823.97;3120.49
335;Oeschenbach;237.0;244;2;21;;3013.04;3197.59;3279.97;3821.76;3007.37;3466.76;3159.53;3112.84;3114.49;3131.28
622;Oppligen;669.0;246;12;15;;2780.58;2554.07;2534.90;2496.98;2542.40;2668.85;2859.36;2989.70;2882.54;2604.39
744;Orpund;2637.0;242;16;13;371;3539.30;3206.90;4130.10;4518.43;4121.07;4050.71;4137.82;4040.54;4209.78;4600.21
438;Orvin;1196.0;241;7;17;;4010.70;3730.47;3700.61;3810.86;3138.83;3304.62;3175.46;2916.34;2936.48;2813.68
363;Ostermundigen;15436.0;246;3;10;351;3712.05;4128.09;4403.37;4605.38;4829.44;4989.99;5212.77;5076.74;5238.32;5119.66
701;Perrefitte;471.0;241;15;15;;2792.08;2774.33;2474.90;2255.93;2308.73;2428.67;2523.62;2462.83;2379.80;2361.33
392;Pieterlen;3633.0;242;5;13;371;3686.32;3966.25;4260.25;4275.90;4080.96;4277.91;4245.33;4254.42;4632.96;4853.37
440;Plagne;364.0;241;7;14;371;2376.07;2625.06;2585.29;2843.29;2644.20;2549.59;2764.75;2713.93;3032.70;2952.36
936;Pohlern;278.0;247;24;15;;2934.33;2834.37;3090.22;2925.71;2939.47;2741.86;2970.42;2864.97;2876.98;3228.38
702;Pontenet;216.0;241;15;15;;2769.21;2538.96;2648.25;3210.67;3389.55;3660.02;3603.40;3484.47;3222.10;3114.31
745;Port;3302.0;242;16;14;371;4038.80;3962.94;4153.70;3569.90;3388.65;3364.04;3789.37;3566.35;3617.31;3616.06
725;Prêles;908.0;241;13;17;;2730.60;2913.08;2879.67;3063.89;3062.97;3385.46;3192.89;3207.54;3221.14;3154.17
439;Péry;1359.0;241;7;15;;3424.03;3726.24;3484.35;3879.63;3305.68;3340.28;3471.25;3386.42;3429.90;3368.88
309;Radelfingen;1176.0;243;1;16;;2677.38;2803.62;2789.85;2899.60;2830.20;2928.76;3120.39;3132.57;3000.05;3270.85
310;Rapperswil;2129.0;243;1;20;;2766.03;2800.70;2720.19;2664.92;2710.68;3008.49;3133.81;2825.92;2976.61;3148.25
715;Rebévelier;47.0;241;15;22;;3637.04;3832.09;5110.23;3312.67;3535.76;3869.95;3153.81;4188.79;3997.80;3675.58
703;Reconvilier;2213.0;241;15;18;;3420.65;3582.60;3516.73;4169.74;4318.32;4061.44;3820.08;3705.12;3937.65;4140.90
567;Reichenbach i.K.;3452.0;249;10;19;;2273.82;2333.55;2533.47;3385.76;2801.21;2554.43;2829.85;2722.77;2935.76;2866.71
336;Reisiswil;191.0;244;2;21;;3005.44;3116.91;3113.98;3352.75;2750.01;2852.60;2759.23;3080.47;3120.22;3346.39
441;Renan;838.0;241;7;20;;3461.66;3464.51;3618.38;3544.81;3238.04;3011.89;3135.39;3305.27;3338.00;3383.59
767;Reutigen;963.0;247;17;20;;2573.21;2609.41;2384.22;2574.49;2834.36;2904.02;2579.62;2987.00;2970.26;3009.22
879;Riggisberg;2406.0;246;22;8;;3942.92;4095.14;3825.27;4044.54;4110.98;4134.57;4385.23;4509.32;4587.21;5471.99
590;Ringgenberg;2523.0;250;11;14;;2892.35;2660.65;2732.87;2542.77;2476.82;2589.57;2712.36;2555.91;2671.30;2832.37
704;Roches;228.0;241;15;22;;3623.67;3481.24;3625.57;4265.69;4217.40;4451.14;4571.42;4307.23;4522.15;4187.36
337;Roggwil;3865.0;244;2;17;;4196.13;4483.86;4280.81;4297.98;4593.00;4662.53;4940.15;4850.83;5029.61;4872.41
338;Rohrbach;1431.0;244;2;16;;3792.96;3915.65;4099.69;4143.30;4210.12;4179.46;3670.44;3844.78;3417.50;3256.87
339;Rohrbachgraben;423.0;244;2;21;;2317.58;2421.63;2386.44;2538.92;2644.85;2554.16;2828.48;2845.83;3246.47;3355.56
442;Romont;205.0;241;7;16;;3022.70;2881.27;2693.56;3214.59;3041.79;3254.50;3309.96;3637.70;3421.07;3210.95
623;Rubigen;2865.0;246;12;11;351;2806.42;2869.75;2936.27;3103.91;3100.71;3134.18;3180.72;2921.84;3073.94;3068.37
421;Rumendingen;77.0;245;6;8;;4002.40;3696.38;3828.07;3902.73;3493.77;3477.93;3600.95;3501.09;3422.45;4512.67
987;Rumisberg;476.0;244;26;15;;3023.92;3201.62;2767.30;2934.39;3112.10;3036.98;3104.35;3027.83;3049.24;3191.87
548;Ruppoldsried;259.0;243;9;16;;2667.23;2405.01;2677.50;2752.43;2808.42;2519.91;3069.55;2786.04;2831.36;2687.50
986;Röthenbach b.H.;0.0;244;26;19;;2578.95;3134.77;2882.24;3113.73;2571.47;2737.33;2598.03;0.00;0.00;0.00
904;Röthenbach i.E.;1272.0;245;23;21;;2368.07;2473.60;2471.73;2566.96;2456.95;2450.44;2707.28;2708.43;2696.05;2752.51
905;Rüderswil;2405.0;245;23;19;;2455.08;2482.29;2210.01;2390.63;2361.43;2221.87;2433.02;2459.67;2403.57;2416.14
420;Rüdtligen-Alchenflüh;2179.0;245;6;13;404;2797.19;2938.45;2969.73;3198.98;3149.10;3100.32;3236.37;3368.90;3669.93;3759.49
880;Rüeggisberg;1855.0;246;22;21;;2718.13;2750.59;2841.74;2909.95;2929.66;3075.47;3261.52;3162.03;3477.85;2928.20
956;Rüegsau;3062.0;245;25;20;;2589.56;2620.16;2579.82;2769.51;2671.21;2704.04;2808.95;2987.90;3023.47;2886.83
881;Rümligen;450.0;246;22;20;;2237.58;2458.73;2225.13;2256.40;2388.40;2481.23;2481.50;2371.21;2597.42;2565.36
853;Rüschegg;1689.0;246;21;20;;3292.35;3390.70;3495.55;3364.24;3307.61;3316.86;3718.13;3928.05;4189.43;3188.08
393;Rüti b.B.;835.0;243;5;16;;4336.87;4375.08;4250.35;4134.92;4329.57;4599.94;5145.67;5358.03;4801.62;4328.63
422;Rüti b.L.;162.0;245;6;15;;2152.90;2275.90;2367.20;2292.43;2522.45;2687.89;2770.43;2764.67;3120.62;3367.82
882;Rüti b.R.;0.0;246;22;21;;2676.20;2869.02;2707.41;3123.17;3134.65;3064.26;3744.15;0.00;0.00;0.00
340;Rütschelen;564.0;244;2;19;;3149.59;3192.15;3323.72;3195.14;2612.57;2901.83;2997.24;2871.87;2821.07;2872.47
843;Saanen;7240.0;248;20;6;;4693.60;4889.26;4981.56;5365.61;5398.49;5627.44;5826.03;6175.08;6480.15;6951.60
746;Safnern;1881.0;242;16;14;371;3895.62;4047.67;3696.36;3296.60;3454.00;3521.10;3894.28;3641.75;3458.00;3438.47
706;Saicourt;600.0;241;15;20;;2960.38;2716.01;2812.30;2642.03;2661.86;2829.90;3006.79;2978.16;2926.97;3051.96
443;Saint-Imier;4802.0;241;7;4;;5288.18;5388.48;5522.83;5828.26;6002.25;5922.34;6392.72;6523.33;6892.80;6565.19
707;Saules;153.0;241;15;19;;2624.62;2854.25;2889.73;2913.93;3112.16;3372.19;3511.44;3195.28;3361.64;3203.55
591;Saxeten;101.0;250;11;19;;3295.36;4244.36;4832.00;4436.79;5351.26;4180.95;4467.37;4339.99;4177.26;4411.76
549;Schalunen;366.0;246;9;11;351;2784.84;2742.96;2406.81;2479.72;2729.41;2747.17;2892.92;2808.72;2723.24;2810.45
906;Schangnau;925.0;245;23;21;;2606.31;2744.73;2500.21;2677.45;2734.68;2708.05;2973.20;2816.75;2797.97;2851.00
786;Schattenhalb;600.0;250;18;8;;3668.17;3737.61;3626.27;3647.61;3739.53;3736.18;4156.71;4427.04;3934.14;4124.41
708;Schelten;40.0;241;15;21;;3259.81;3619.49;3047.32;3445.24;3675.36;3289.64;3829.38;3546.07;4832.60;4521.36
550;Scheunen;84.0;246;9;21;;2464.76;1533.45;1996.99;2069.47;1873.19;2195.73;2118.75;1963.16;2234.78;2433.40
747;Scheuren;440.0;242;16;14;371;2286.13;2187.72;2169.78;2341.16;2334.20;2347.36;2543.01;2590.12;2665.83;2645.77
624;Schlosswil;657.0;246;12;15;;2661.04;2416.55;2506.25;2650.44;2769.48;2748.03;2971.27;2839.60;3004.49;2782.17
748;Schwadernau;651.0;242;16;14;371;2729.77;2695.53;2591.16;2800.34;2702.93;2945.38;2302.08;2692.39;2660.21;2618.19
592;Schwanden b.B.;603.0;250;11;15;;2788.18;2978.56;2867.13;2564.47;2703.11;2684.84;2785.34;2728.23;2744.73;2880.43
855;Schwarzenburg;6711.0;246;21;4;;0.00;0.00;0.00;0.00;0.00;0.00;0.00;0.00;0.00;3781.93
341;Schwarzhäusern;485.0;244;2;15;;3114.80;3202.53;3370.53;3364.13;3018.24;2737.94;2873.57;2532.66;2610.14;2740.55
937;Schwendibach;254.0;247;24;15;;2255.05;2343.82;2565.22;2551.36;2393.06;2516.47;2977.84;2710.15;2405.76;2558.15
311;Schüpfen;3530.0;243;1;11;351;2695.59;2688.70;2752.29;2703.84;2687.33;2742.60;2727.16;2604.84;2650.96;2477.29
988;Seeberg;1389.0;244;26;20;;2315.59;2434.65;2584.94;2897.81;2938.01;3152.75;3239.78;2883.52;2980.12;2782.55
312;Seedorf;2987.0;243;1;20;;3203.94;3206.94;3214.42;3097.21;3077.17;3076.65;3329.38;3277.08;3306.92;3378.40
709;Seehof;71.0;241;15;21;;2752.29;3367.03;2643.74;2125.98;2754.75;2774.68;2475.69;2937.72;2907.45;2843.17
883;Seftigen;2110.0;247;22;14;942;2970.35;2968.15;3020.76;2586.01;2637.45;2579.83;2753.44;2538.65;2627.88;2674.73
907;Signau;2749.0;245;23;19;;2597.32;2545.01;2248.95;2370.00;2348.74;2329.81;2558.82;2444.41;2530.88;2576.00
938;Sigriswil;4633.0;247;24;7;;3910.59;4016.95;4134.36;3933.17;3888.07;4010.96;4270.59;4103.63;4156.59;4294.92
499;Siselen;580.0;243;8;20;;3538.38;3697.83;3693.35;3583.82;3677.80;3585.37;4014.84;4043.28;4419.69;4224.62
444;Sonceboz;1804.0;241;7;18;;3046.33;3021.60;3033.61;3110.82;2830.86;3004.99;2907.18;2884.51;4197.34;2982.50
445;Sonvilier;1192.0;241;7;19;;3075.44;2923.42;3108.48;3199.95;2827.23;2920.09;3129.33;3152.52;2980.03;3297.94
710;Sornetan;131.0;241;15;21;;3130.91;3371.18;3092.70;3351.24;3111.60;3067.60;3270.24;3197.17;3160.08;3098.99
711;Sorvilier;268.0;241;15;19;;2671.32;2356.88;2260.54;2512.87;2446.72;2359.43;2633.46;2582.98;2653.64;2666.06
712;Souboz;134.0;241;15;21;;5630.53;4611.34;4862.34;4908.60;4634.47;5962.09;4898.17;5513.54;5123.92;4788.56
768;Spiez;12477.0;249;17;12;942;3712.58;4009.35;4312.86;4517.51;4638.43;4259.75;4176.56;4099.29;4121.21;4131.60
793;St. Stephan;1379.0;248;19;20;;2766.69;2789.78;2719.81;2902.46;2856.15;3010.73;3108.94;3135.68;3126.85;3134.83
939;Steffisburg;15423.0;247;24;13;942;3703.11;3045.78;3040.36;3223.37;3245.63;3302.64;3336.84;3271.57;3415.93;3307.80
358;Stettlen;2891.0;246;3;10;351;4279.79;3598.95;3445.07;3838.27;3668.82;3792.90;3715.06;3620.41;3374.74;3258.93
749;Studen;2837.0;243;16;13;371;3360.51;3344.46;3160.78;3148.94;3149.93;3200.30;3420.87;3200.04;3312.70;3254.34
957;Sumiswald;5039.0;245;25;19;;3215.35;2874.03;3389.64;3664.75;3678.27;3647.07;3527.64;3476.33;3320.88;3353.29
750;Sutz-Lattrigen;1352.0;242;16;14;371;2899.77;2815.81;2934.02;2832.22;2650.17;2721.66;3026.10;2767.63;2879.63;3017.29
713;Tavannes;3542.0;241;15;18;;3267.22;3283.13;3495.75;3915.05;4055.02;4101.09;4583.50;4989.98;5318.99;5132.56
940;Teuffenthal;168.0;247;24;21;;2563.63;2473.93;2578.24;2392.23;2646.28;2450.33;2999.83;2804.36;2751.76;2700.39
941;Thierachern;2302.0;247;24;14;942;2591.93;2374.01;2370.56;2498.08;2566.65;2557.94;2748.37;2589.33;2548.01;2817.63
942;Thun;42623.0;247;24;2;942;4251.31;4449.45;4515.21;4607.16;4679.96;4892.47;4796.93;4812.02;5119.99;5114.76
342;Thunstetten;3063.0;244;2;17;;3913.79;3922.76;4231.18;4375.15;4077.25;4029.24;4255.17;2945.17;2864.21;2805.79
989;Thörigen;1027.0;244;26;15;;3402.63;3397.69;3576.87;3755.54;3011.25;2862.72;3076.42;3552.73;3378.44;2776.56
884;Toffen;2457.0;246;22;11;351;2617.56;2584.99;2337.50;2365.96;2430.34;2392.34;2514.40;2404.43;2597.87;2501.36
958;Trachselwald;1024.0;245;25;21;;2855.65;2635.79;2745.67;2828.82;3081.05;3069.12;3172.22;3122.95;3154.46;3044.48
446;Tramelan;4248.0;241;7;18;;4163.51;4150.21;4469.94;4514.57;4538.20;4422.65;4586.60;4541.87;4774.55;4634.08
500;Treiten;441.0;243;8;21;;3046.04;3249.73;3206.60;3177.77;3381.47;3351.32;3486.35;4265.91;4128.69;3674.76
631;Trimstein;508.0;246;12;11;351;2860.41;2561.10;2692.54;2741.19;2887.17;2658.70;3043.94;3100.20;3368.21;3122.83
908;Trub;1377.0;245;23;21;;2688.24;2859.02;2496.31;2594.13;2699.84;2701.24;3026.00;2810.12;3007.10;2922.90
909;Trubschachen;1392.0;245;23;19;;2490.80;2574.59;2471.26;2611.10;2631.81;2553.68;2815.33;2659.96;2872.68;2776.08
501;Tschugg;449.0;243;8;8;;3769.23;4037.66;4403.98;3868.19;4077.57;3980.56;3710.11;3609.77;3633.27;3554.02
753;Twann;0.0;242;16;20;;5034.54;5066.04;5097.32;5288.44;4900.49;5714.59;5158.19;4954.27;0.00;0.00
756;Twann-Tüscherz;1138.0;242;16;20;;0.00;0.00;0.00;0.00;0.00;0.00;0.00;0.00;4736.46;4732.17
625;Tägertschi;418.0;246;12;21;;2588.14;2604.64;2394.95;2596.67;2898.69;2499.16;2630.56;2567.82;2919.67;2767.91
751;Täuffelen;2655.0;243;16;17;;2804.44;2808.28;2859.93;2733.44;2672.88;2784.35;2953.39;3004.23;2981.41;3023.43
752;Tüscherz-Alfermée;0.0;242;16;5;371;4671.07;4454.85;4378.39;4184.65;4640.45;4685.06;5166.02;4767.76;0.00;0.00
943;Uebeschi;692.0;247;24;15;;2687.13;2805.61;2890.23;2612.85;2568.84;2578.25;2722.11;2662.51;2765.38;2837.26
944;Uetendorf;5946.0;247;24;12;942;3011.50;3021.68;3217.84;3274.55;3437.93;3536.12;3466.68;3368.40;3674.10;3400.84
945;Unterlangenegg;903.0;247;24;21;;3119.31;3025.16;3069.95;3195.62;3013.74;3202.29;3536.15;3515.86;3070.14;3080.54
593;Unterseen;5487.0;250;11;12;;2947.58;2968.13;3087.67;2668.28;2845.16;2791.38;2894.57;2788.81;2816.03;2894.61
343;Untersteckholz;0.0;244;2;21;;2808.30;2573.78;2498.39;2663.22;3142.27;2637.43;2067.79;3175.34;0.00;0.00
344;Ursenbach;908.0;244;2;19;;3578.53;3848.56;4041.63;3858.74;4042.41;4800.59;4383.91;4178.28;4105.05;4526.68
551;Urtenen;5665.0;246;9;9;351;3707.35;3724.38;3805.73;4017.61;4228.24;4379.78;4677.00;4499.39;4394.31;3786.55
885;Uttigen;1809.0;247;22;14;942;2368.17;2335.83;2234.31;2355.90;2395.77;2426.91;2499.05;2483.39;2452.51;2459.54
552;Utzenstorf;4123.0;245;9;17;;2713.15;2808.80;2435.49;2541.05;2499.27;2495.25;2599.03;2492.58;2516.25;2467.25
447;Vauffelin;411.0;241;7;14;371;2845.34;3060.39;3219.68;3375.86;3112.33;2788.09;3297.42;3090.02;3328.26;3195.50
359;Vechigen;4653.0;246;3;11;351;3003.91;3244.14;3397.61;3466.73;3412.23;3535.15;3866.89;3813.48;3859.73;3637.48
448;Villeret;895.0;241;7;18;;3953.02;3806.46;4224.39;4087.09;4253.05;4653.66;4066.85;4018.12;3806.85;3755.49
502;Vinelz;821.0;243;8;15;;3377.52;3514.23;3465.35;3235.30;3186.11;3158.57;3252.20;3078.04;3086.94;3126.65
946;Wachseldorn;232.0;247;24;21;;2588.36;2723.79;2619.04;2696.88;2610.98;2591.88;2712.93;2793.11;2763.93;2869.16
854;Wahlern;0.0;246;21;4;;2785.27;3090.77;3095.18;3282.58;3574.81;3552.52;3722.98;3780.72;3958.37;0.00
888;Wald;1191.0;246;22;8;;0.00;0.00;2791.81;2777.37;2745.52;2769.54;2925.69;2739.34;2846.30;2811.00
626;Walkringen;1828.0;246;12;20;;2981.06;2888.65;3059.29;2742.94;2724.59;2773.98;3121.25;2880.85;2931.61;2982.79
990;Walliswil b.N.;204.0;244;26;16;;2789.39;2741.51;2607.21;2780.35;2744.30;2852.01;3522.39;2667.57;3473.11;3090.05
991;Walliswil b.W.;567.0;244;26;15;;2721.11;2810.88;2596.19;2584.68;2600.60;2548.56;2583.93;2771.57;2593.94;2801.28
754;Walperswil;938.0;243;16;19;;2982.99;2854.46;2808.13;2954.03;3058.31;3064.62;3160.26;3136.07;3086.93;2883.89
959;Walterswil;539.0;244;25;21;;3475.58;3377.40;3499.39;4207.11;3496.18;3521.99;3386.87;3430.36;3475.37;3485.98
992;Wangen a.A.;2088.0;244;26;17;;3406.60;3573.93;2980.09;3016.27;3124.75;3290.80;3613.55;3556.36;3606.67;3416.68
993;Wangenried;395.0;244;26;16;;2511.43;2597.51;2440.95;2494.75;2538.94;2587.29;2772.77;2623.44;2720.37;2779.83
994;Wanzwil;0.0;244;26;18;;2958.64;3118.24;3370.90;3402.89;2905.72;2652.41;2770.51;0.00;0.00;0.00
886;Wattenwil;2692.0;247;22;17;;3001.13;3029.16;3129.36;3685.67;3640.73;3964.01;3763.48;3781.93;4012.85;4154.20
394;Wengi;612.0;243;5;20;;2711.56;2681.81;2697.61;2731.70;2660.24;2758.74;2843.06;2876.35;3068.08;3053.78
632;Wichtrach;4018.0;246;12;10;351;0.00;0.00;2823.06;2965.40;2977.00;2972.05;2943.57;2917.70;2996.35;3061.80
995;Wiedlisbach;2191.0;244;26;8;;3337.56;3253.25;2787.99;2934.28;2896.33;2988.99;3270.26;3292.16;3326.01;3217.64
553;Wiggiswil;100.0;246;9;21;;1992.06;1869.42;2174.69;2237.05;2283.87;2118.12;2208.28;2492.96;2683.25;2474.93
594;Wilderswil;2487.0;250;11;6;;3322.19;3192.45;3241.90;3094.99;3125.40;3024.82;3183.85;3130.36;3080.62;3232.56
554;Wiler b.U.;817.0;245;9;15;;2831.34;2820.69;2734.27;2695.41;2601.78;2765.84;2770.80;2762.03;2823.26;2865.45
671;Wileroltigen;390.0;246;14;21;;2676.01;2465.99;2535.79;2795.00;2819.50;2789.97;2978.99;3130.41;3281.34;3280.82
423;Willadingen;201.0;245;6;15;;2216.51;2080.30;2117.95;2202.16;2173.31;2156.98;2403.38;2385.35;2267.98;2469.74
769;Wimmis;2413.0;249;17;17;;3044.74;3252.22;2870.37;2673.40;2678.24;2665.20;2885.63;2715.21;2827.57;2723.16
360;Wohlen b.B.;8877.0;246;3;11;351;3412.55;3500.68;3529.56;3701.38;4008.15;4004.10;4143.29;4011.45;4122.51;4236.36
996;Wolfisberg;198.0;244;26;16;;2849.16;3076.21;2864.26;3023.91;3150.97;3358.02;3067.86;3060.48;3056.65;2972.20
627;Worb;11236.0;246;12;10;351;3116.92;3096.33;3236.42;3377.17;3401.50;3512.72;3677.11;3667.85;3824.39;3646.13
755;Worben;2288.0;243;16;8;371;2737.55;2351.02;2353.60;2547.16;2461.35;2607.80;2699.60;2529.95;2607.78;2591.01
345;Wynau;1551.0;244;2;15;;4539.99;4368.09;4542.37;4835.53;4837.65;4730.01;4964.45;3544.62;2875.72;2903.79
424;Wynigen;2014.0;245;6;20;;2594.64;2791.65;4340.73;4850.63;5102.99;5192.72;3909.81;3899.17;4580.22;4758.99
960;Wyssachen;1161.0;244;25;19;;3069.47;3129.70;3317.26;3296.78;2662.59;2866.41;2987.96;2902.63;3043.13;3162.03
555;Zauggenried;316.0;246;9;20;;2350.91;2504.07;2645.61;2419.44;2572.67;2862.10;3016.58;2854.02;2878.10;2899.78
556;Zielebach;329.0;245;9;14;;2715.12;2616.29;2456.95;2557.53;2341.44;2276.79;2363.36;2259.36;2241.28;2538.56
887;Zimmerwald;0.0;246;22;21;;1966.14;2030.99;0.00;0.00;0.00;0.00;0.00;0.00;0.00;0.00
361;Zollikofen;9792.0;246;3;9;351;3488.72;3500.57;3506.89;3640.68;3739.50;3718.40;3731.83;3642.86;3613.04;3731.16
557;Zuzwil;578.0;246;9;15;;2495.14;2475.46;2470.78;2527.41;2592.33;2452.57;2668.18;2505.06;2469.70;2508.60
794;Zweisimmen;2998.0;248;19;4;;3291.23;3351.20;3272.30;3353.97;3533.64;3459.84;3732.99;3809.08;3975.43;3820.68
947;Zwieselberg;280.0;247;24;16;;3096.12;2743.20;2683.24;2942.23;2812.03;4044.55;3379.35;3110.00;3219.72;3013.01
628;Zäziwil;1591.0;246;12;15;;3339.79;3466.84;3490.47;2832.35;2918.67;2824.94;2979.70;2595.55;2536.29;2676.61

