K32 SPE Selbstfinanzierung pro Einwohner;;;;;;;;;
Kurzbeschrieb: Selbstfinanzierung = Ertragsüberschuss Laufende Rechnung minus Aufwandüberschuss
Laufende Rechnung plus harmonisierte Abschreibungen Verwaltungsvermögen (331) plus übrige
Abschreibungen Verwaltungsvermögen (332) plus Abschreibungen Bilanzfehlbetrag (333) plus Einlagen
in Spezialfinanzierungen (38) minus Entnahmen aus Spezialfinanzierungen (48) dividiert durch die
Einwohnerzahl.
BFS-Nr.;Gemeinde;Anzahl Einwohner;Verw.-Kreis ;Amtsbezirk;BFS Typ;Agglomeration BFS-Nr.;2002 [SFR];2003 [SFR];2004 [SFR];2005 [SFR];2006 [SFR];2007 [SFR];2008 [SFR];2009 [SFR];2010 [SFR];2011 [SFR]
301;Aarberg;4090.0;243;1;17;;193.11;239.74;377.14;545.73;907.29;843.87;890.38;806.48;1177.58;3455.54
321;Aarwangen;4214.0;244;2;15;;707.12;417.57;233.39;400.06;2404.21;292.59;306.93;362.00;346.73;320.35
561;Adelboden;3583.0;249;10;6;;536.18;611.17;473.67;396.47;397.08;578.62;836.79;892.03;820.90;701.68
401;Aefligen;1036.0;245;6;14;404;351.16;557.08;1060.85;295.00;471.93;563.14;174.67;283.64;1415.83;245.71
731;Aegerten;1750.0;242;16;14;371;224.45;151.13;385.68;307.55;561.59;730.28;406.47;795.67;575.86;274.09
562;Aeschi b.Sp.;2070.0;249;10;7;;560.54;349.31;387.95;172.17;646.65;489.82;534.42;753.92;502.34;689.64
601;Aeschlen;0.0;246;12;21;;696.55;1216.84;549.41;711.84;161.45;1004.24;82.78;907.51;0.00;0.00
951;Affoltern i.E.;1141.0;245;25;19;;415.18;606.02;654.35;526.61;4118.03;561.16;-564.00;517.49;94.53;121.63
851;Albligen;0.0;246;21;20;;532.22;311.88;1140.86;122.99;161.91;91.46;-43.62;502.18;855.86;0.00
402;Alchenstorf;570.0;245;6;16;;463.26;522.28;365.40;615.42;1262.07;297.55;173.59;249.17;360.71;121.59
630;Allmendingen;515.0;246;12;11;351;1007.97;188.24;452.35;385.45;873.94;930.66;1513.48;634.02;425.55;583.20
921;Amsoldingen;797.0;247;24;16;;259.08;356.15;396.66;147.94;1068.09;95.37;104.28;368.81;682.22;287.87
381;Arch;1542.0;243;5;18;;475.41;362.24;487.22;440.95;558.98;444.30;565.92;509.06;412.08;402.46
602;Arni;955.0;246;12;20;;447.37;725.29;403.34;370.12;315.15;526.44;612.10;739.32;523.25;430.49
971;Attiswil;1298.0;244;26;16;;281.16;321.02;283.23;239.49;535.10;248.01;364.70;542.40;515.72;201.59
322;Auswil;460.0;244;2;19;;410.88;370.87;109.35;173.32;2912.98;614.74;683.60;175.84;349.01;-28.82
531;Ballmoos;0.0;246;9;21;;-919.82;-62.72;-198.67;-142.31;854.00;-113.67;-64.70;-1324.83;0.00;0.00
532;Bangerten;158.0;243;9;21;;190.32;-994.95;92.16;350.99;850.75;25.49;382.04;254.08;-195.24;-27.08
323;Bannwil;676.0;244;2;15;;560.83;695.12;985.43;705.13;1822.40;539.76;222.20;1276.84;313.58;543.48
302;Bargen;1005.0;243;1;16;;92.51;1328.06;350.99;177.23;413.19;752.88;716.44;826.29;1103.58;694.44
571;Beatenberg;1126.0;250;11;7;;1373.02;919.74;1053.97;435.47;681.91;767.27;844.93;862.88;1036.85;1190.54
732;Bellmund;1490.0;242;16;14;371;179.68;33.83;34.35;491.28;1173.72;890.55;983.15;1366.91;1555.03;108.87
861;Belp;10356.0;246;22;9;351;521.09;657.93;608.60;556.07;599.49;971.73;1163.71;1290.23;958.54;1101.30
862;Belpberg;418.0;246;22;21;;224.68;476.38;315.23;446.92;547.89;624.51;476.49;973.25;-120.36;769.86
681;Belprahon;300.0;241;15;15;;1060.41;516.27;392.95;397.77;-213.12;539.99;534.27;358.73;364.63;478.86
972;Berken;47.0;244;26;22;;1786.31;12.55;623.39;244.14;4830.19;1792.72;649.35;7379.26;1894.44;-1086.81
351;Bern;126664.0;246;3;1;351;1148.78;336.19;395.46;215.06;341.49;719.80;488.92;756.33;1188.48;779.79
973;Bettenhausen;686.0;244;26;15;;344.65;415.07;429.04;394.34;3167.95;-216.96;58.14;-27.51;-173.21;347.87
371;Biel;51323.0;242;4;2;371;971.63;920.05;503.10;458.86;721.18;862.14;1115.04;622.42;468.19;427.78
603;Biglen;1729.0;246;12;15;;770.10;313.87;615.62;430.31;557.91;577.88;412.10;777.47;489.23;268.55
324;Bleienbach;654.0;244;2;19;;406.34;921.62;244.93;389.82;4430.88;178.42;287.63;44.33;-427.45;2707.86
604;Bleiken b.O.;385.0;246;12;16;;515.20;377.61;524.51;244.62;271.87;353.21;311.21;273.72;258.26;490.46
922;Blumenstein;1182.0;247;24;17;;947.61;467.76;967.78;515.34;431.59;673.54;654.46;875.02;604.11;2439.68
352;Bolligen;6057.0;246;3;11;351;408.26;490.78;290.06;438.69;409.56;1745.57;397.03;193.71;258.14;345.58
974;Bollodingen;0.0;244;26;19;;-13.44;382.08;586.52;582.29;4918.60;71.10;310.08;319.60;108.29;0.00
791;Boltigen;1366.0;248;19;21;;385.83;271.02;455.35;237.61;195.76;480.50;475.20;622.01;716.33;695.81
605;Bowil;1381.0;246;12;19;;304.59;529.69;590.00;255.68;47.48;167.75;118.20;222.61;270.50;343.65
353;Bremgarten b.B.;4210.0;246;3;11;351;732.94;594.44;586.66;485.43;685.62;828.31;831.92;799.26;690.70;446.88
606;Brenzikofen;524.0;246;12;15;;1133.20;564.62;442.45;510.00;532.03;1498.21;489.86;415.90;301.19;607.90
573;Brienz;3014.0;250;11;7;;873.40;912.96;923.14;724.50;-17.54;763.95;384.32;317.30;644.23;593.15
574;Brienzwiler;511.0;250;11;17;;1268.54;1018.86;1063.35;1144.61;697.05;903.66;1098.70;1076.06;1169.08;770.04
733;Brügg;4155.0;242;16;12;371;1726.88;666.49;165.71;280.61;733.54;891.23;333.33;-25.66;-211.11;677.42
491;Brüttelen;577.0;243;8;21;;831.18;391.70;2.76;-122.32;276.09;789.12;296.71;734.71;819.39;636.11
923;Buchholterberg;1531.0;247;24;19;;369.10;438.16;545.19;369.40;511.71;550.61;424.44;298.27;415.90;393.74
404;Burgdorf;15549.0;245;6;3;404;378.75;631.80;428.99;347.81;300.11;244.27;214.12;217.64;383.32;433.85
863;Burgistein;1026.0;247;22;16;;265.68;219.70;511.85;392.74;143.65;217.75;32.34;205.65;458.91;340.15
384;Busswil b.B.;0.0;243;5;14;371;218.22;543.93;856.86;551.61;732.42;583.81;681.30;573.35;581.32;0.00
325;Busswil b.M.;201.0;244;2;20;;591.60;428.23;641.42;124.12;3277.24;230.77;-202.88;-502.79;-423.35;-592.25
403;Bäriswil;1005.0;246;6;11;351;373.81;642.72;482.35;561.97;183.45;400.19;466.36;2245.02;90.30;318.59
533;Bätterkinden;3171.0;245;9;15;;377.92;432.60;95.80;408.14;405.83;492.46;486.81;532.54;665.05;325.01
682;Bévilard;1681.0;241;15;18;;168.85;345.46;885.95;325.08;525.09;593.57;423.29;127.67;482.77;608.90
572;Bönigen;2447.0;250;11;7;;296.78;369.67;616.64;209.28;396.32;304.51;175.87;418.08;331.96;576.28
382;Büetigen;827.0;243;5;15;;745.95;1065.51;1142.43;1111.13;819.80;732.59;648.97;828.59;306.41;147.25
734;Bühl;419.0;243;16;16;;386.71;798.48;1166.92;866.25;1044.75;497.88;901.41;312.26;619.92;433.14
383;Büren a.A.;3295.0;243;5;17;;343.56;643.23;372.50;670.57;1249.32;288.15;310.05;651.91;320.98;6.66
534;Büren z.H.;468.0;246;9;15;;483.70;398.33;-186.19;1064.81;596.16;176.90;246.16;793.08;589.25;22.33
683;Champoz;162.0;241;15;21;;300.94;341.14;912.47;1157.57;915.72;1914.16;1100.17;1170.48;2896.50;1095.22
684;Châtelat;113.0;241;15;21;;677.23;252.16;65.96;80.59;634.49;905.67;356.49;444.20;377.24;501.04
661;Clavaleyres;49.0;246;14;21;;448.62;331.08;713.94;-252.72;436.25;-148.43;2077.23;637.73;1119.44;242.70
687;Corcelles;214.0;241;15;15;;-194.01;354.03;460.60;700.69;431.33;785.09;353.87;716.21;758.04;639.15
431;Corgémont;1551.0;241;7;18;;684.30;458.54;498.72;745.60;2648.23;940.25;1519.59;624.65;178.13;1156.40
432;Cormoret;495.0;241;7;15;;480.58;559.24;221.45;815.48;705.07;933.54;972.81;745.24;650.15;538.88
433;Cortébert;697.0;241;7;15;;472.48;557.48;525.87;374.44;484.10;846.73;807.16;753.10;499.11;631.10
690;Court;1390.0;241;15;18;;302.65;318.43;211.46;365.82;618.84;778.53;755.85;458.93;355.55;502.49
434;Courtelary;1283.0;241;7;18;;100.20;220.07;572.56;617.44;416.98;665.21;1044.61;904.56;251.25;154.54
691;Crémines;550.0;241;15;18;;-105.04;302.13;733.52;670.50;440.32;694.25;469.18;522.82;262.84;118.31
535;Deisswil b.M.;97.0;246;9;15;;-105.33;197.26;161.59;562.05;-45.05;-9.16;314.22;664.90;1513.99;-880.73
536;Diemerswil;199.0;246;9;11;351;264.44;-191.10;563.09;1010.62;359.43;748.82;602.98;489.96;725.11;1463.15
762;Diemtigen;2140.0;249;17;21;;258.62;224.79;187.66;168.63;20.57;220.69;396.42;718.17;642.97;535.06
385;Diessbach b.B.;923.0;243;5;15;;308.36;214.74;492.80;813.05;552.11;638.08;614.58;891.68;1065.74;513.92
721;Diesse;443.0;241;13;17;;-601.07;-140.99;646.63;447.23;586.97;577.72;504.28;988.07;1282.70;984.00
386;Dotzigen;1358.0;243;5;15;;706.94;241.87;374.86;349.58;661.27;665.81;590.15;405.52;594.99;586.88
575;Därligen;416.0;250;11;15;;-236.37;1485.09;-674.52;-982.98;-64.79;608.05;860.94;369.63;554.87;805.44
761;Därstetten;833.0;249;17;19;;682.94;199.24;523.89;695.21;642.47;481.49;384.05;528.77;335.62;193.12
952;Dürrenroth;1064.0;245;25;21;;663.11;247.10;248.14;385.81;5413.05;445.19;-32.69;411.93;523.27;771.98
901;Eggiwil;2453.0;245;23;21;;539.54;355.83;757.84;473.34;658.21;749.64;1361.94;1045.76;1139.59;410.35
864;Englisberg;0.0;246;22;8;;-114.22;-109.05;0.00;0.00;0.00;0.00;0.00;0.00;0.00;0.00
735;Epsach;341.0;243;16;16;;895.73;919.42;1644.27;625.29;680.68;1601.38;831.45;661.82;485.56;964.20
953;Eriswil;1347.0;244;25;19;;1025.41;1066.86;842.45;781.75;4649.92;720.75;34.19;623.13;375.18;311.76
924;Eriz;496.0;247;24;21;;705.71;1919.03;686.31;500.27;1682.49;1142.63;702.20;1422.51;713.57;969.74
492;Erlach;1278.0;243;8;17;;485.57;403.73;383.98;518.96;897.65;618.67;564.07;893.97;629.15;519.30
763;Erlenbach i.S.;1695.0;249;17;20;;335.10;350.61;533.31;438.37;468.64;761.60;401.42;773.21;744.99;767.95
405;Ersigen;1589.0;245;6;19;;498.76;616.58;195.94;622.03;604.64;976.29;596.79;585.18;742.87;588.22
692;Eschert;377.0;241;15;19;;-262.85;43.56;461.19;78.16;330.22;666.01;229.74;189.75;317.02;880.54
537;Etzelkofen;289.0;246;9;18;;543.73;925.65;772.13;537.93;229.11;254.17;682.03;412.59;-117.77;-141.27
372;Evilard;2424.0;242;4;5;371;856.46;332.84;296.78;482.46;1567.06;1464.84;745.93;455.50;1087.95;59.82
925;Fahrni;741.0;247;24;20;;467.53;35.87;389.92;662.12;553.09;330.61;280.33;658.62;783.20;999.12
975;Farnern;209.0;244;26;15;;542.45;868.08;669.06;316.15;621.27;1663.16;166.99;-71.81;841.44;379.87
662;Ferenbalm;1270.0;246;14;15;;164.83;100.57;251.57;254.73;368.36;163.71;314.40;311.68;314.83;-85.67
493;Finsterhennen;501.0;243;8;20;;316.18;329.50;430.23;376.93;205.66;928.12;628.85;1234.39;535.97;330.57
926;Forst;0.0;247;24;15;;1380.42;119.60;530.62;441.02;283.28;0.00;0.00;0.00;0.00;0.00
948;Forst-Längenbühl;704.0;247;24;19;;0.00;0.00;0.00;0.00;0.00;731.64;197.15;260.36;870.80;118.92
538;Fraubrunnen;1791.0;246;9;11;351;530.71;853.00;599.54;507.35;384.10;429.22;298.32;139.02;710.27;236.44
663;Frauenkappelen;1256.0;246;14;11;351;175.64;380.50;185.26;109.93;-17.44;1680.18;382.79;536.09;601.46;386.95
607;Freimettigen;424.0;246;12;15;;48.25;221.45;115.51;91.76;111.44;212.07;546.77;427.08;403.23;195.07
563;Frutigen;6703.0;249;10;4;;318.23;597.20;646.81;671.52;551.83;750.66;482.42;607.76;421.24;280.13
781;Gadmen;229.0;250;18;22;;1369.83;1780.51;931.03;1265.29;1537.50;1682.65;1418.79;1611.93;482.18;631.62
494;Gals;729.0;243;8;20;;207.55;152.43;547.80;380.19;644.60;461.16;654.03;596.21;942.03;768.11
495;Gampelen;791.0;243;8;17;;438.41;354.95;209.51;-139.03;264.06;802.48;524.42;767.02;491.52;1633.84
865;Gelterfingen;242.0;246;22;21;;389.18;530.32;227.53;467.78;243.30;545.04;347.89;566.60;252.92;565.71
866;Gerzensee;1134.0;246;22;20;;696.30;447.17;759.57;654.80;919.35;2649.81;1110.42;384.44;705.54;676.33
664;Golaten;303.0;246;14;21;;868.35;232.41;1055.47;2055.34;-56.62;56.31;-480.81;-25.27;769.38;-3.10
326;Gondiswil;724.0;244;2;19;;362.84;354.09;272.65;403.76;3411.60;137.00;464.88;374.30;341.18;376.40
976;Graben;291.0;244;26;15;;109.83;471.89;537.80;849.45;2479.04;2309.96;720.93;765.17;668.15;353.76
539;Grafenried;976.0;246;9;11;351;649.21;368.36;859.12;810.37;537.90;1095.74;973.85;852.79;862.05;591.13
694;Grandval;351.0;241;15;18;;219.88;355.01;484.71;489.18;729.71;772.23;724.16;517.52;389.61;577.90
576;Grindelwald;4040.0;250;11;6;;1064.59;1281.76;1627.67;825.22;783.00;1169.73;1400.74;1280.38;1057.23;1384.48
303;Grossaffoltern;2812.0;243;1;15;;65.21;217.29;195.77;482.43;354.99;390.94;524.10;368.08;318.39;608.27
608;Grosshöchstetten;3289.0;246;12;11;351;271.19;252.98;352.22;679.51;390.38;289.89;877.85;713.28;253.99;333.36
841;Gsteig;986.0;248;20;20;;978.91;645.23;486.26;316.55;874.62;833.66;854.27;816.04;1561.04;1370.31
577;Gsteigwiler;430.0;250;11;14;;440.28;770.57;1179.18;652.30;993.21;888.01;796.81;782.68;848.84;478.98
852;Guggisberg;1585.0;246;21;21;;385.49;383.16;336.83;182.49;401.63;583.62;405.56;423.20;214.76;975.73
665;Gurbrü;245.0;246;14;21;;269.60;704.41;142.11;338.79;242.32;518.88;210.31;1092.92;1353.64;71.67
867;Gurzelen;798.0;247;22;19;;296.59;-54.94;-44.25;272.33;143.37;215.12;328.49;27.91;13.03;148.01
327;Gutenburg;0.0;244;2;15;;148.06;240.50;98.32;37.45;7031.04;0.00;0.00;0.00;0.00;0.00
782;Guttannen;321.0;250;18;7;;581.15;1181.49;3217.94;1004.95;1615.67;1508.63;1554.73;977.97;1066.77;1268.12
578;Gündlischwand;284.0;250;11;17;;-106.66;1205.21;933.54;170.34;-362.94;630.73;1407.19;610.89;529.12;452.50
579;Habkern;640.0;250;11;21;;641.39;361.53;797.22;497.90;636.96;729.67;671.16;1098.32;838.04;852.94
736;Hagneck;415.0;243;16;15;;747.15;1013.26;1561.24;359.21;441.27;461.90;57.92;122.79;0.71;15.47
406;Hasle b.B.;3170.0;245;6;16;;487.41;331.54;479.27;622.05;556.42;610.58;879.08;941.97;533.29;425.45
783;Hasliberg;1229.0;250;18;6;;759.54;381.14;829.80;188.62;463.08;1051.70;516.13;574.60;911.85;296.14
927;Heiligenschwendi;675.0;247;24;7;;650.74;92.30;328.02;444.25;1317.45;717.11;1010.68;489.78;680.10;787.55
928;Heimberg;6365.0;247;24;12;942;411.63;529.74;466.31;483.43;579.71;807.06;848.84;552.78;670.67;574.43
977;Heimenhausen;1016.0;244;26;15;;504.96;462.66;517.71;-122.37;2864.35;482.82;-16.13;619.73;218.48;161.27
407;Heimiswil;1636.0;245;6;21;;347.77;692.95;387.43;522.44;695.60;551.62;184.23;261.23;89.92;228.03
408;Hellsau;192.0;245;6;19;;716.33;1110.82;757.51;69.93;-119.34;-74.98;49.31;368.38;490.60;99.25
610;Herbligen;551.0;246;12;16;;384.71;593.68;408.14;1405.61;-451.90;-28.16;242.20;1116.04;490.05;734.33
978;Hermiswil;96.0;244;26;20;;317.31;310.56;19.45;-146.71;3564.46;-250.71;-358.28;-235.17;-263.25;225.62
737;Hermrigen;262.0;243;16;16;;-128.30;362.93;638.76;581.10;383.78;1138.17;424.28;222.04;538.06;258.98
979;Herzogenbuchsee;6795.0;244;26;4;;272.10;248.62;757.88;513.08;4767.48;575.37;25.45;1.57;-19.54;-35.68
929;Hilterfingen;3998.0;247;24;13;942;474.60;624.94;507.75;517.57;779.70;1225.31;689.66;1385.27;1179.59;675.53
409;Hindelbank;2094.0;245;6;17;;488.91;260.52;299.93;406.19;400.94;503.69;199.20;639.80;745.83;138.93
580;Hofstetten b.B.;567.0;250;11;17;;557.92;580.92;492.51;188.11;267.49;364.42;329.15;1026.00;1122.47;1145.97
931;Homberg;502.0;247;24;21;;216.57;236.45;453.93;439.32;725.44;623.60;146.94;664.59;629.34;1480.99
932;Horrenbach-Buchen;259.0;247;24;21;;334.57;323.36;46.31;207.35;292.79;213.87;377.03;486.44;600.87;466.31
954;Huttwil;4726.0;244;25;18;;872.46;2248.42;710.99;1040.35;5584.03;1008.24;315.03;770.52;683.74;579.85
609;Häutligen;239.0;246;12;21;;1040.09;1204.06;516.14;-54.60;1958.88;320.90;350.84;3.23;346.36;401.29
410;Höchstetten;258.0;245;6;19;;73.84;310.20;537.77;325.47;47.56;466.98;375.65;-83.88;386.55;491.26
930;Höfen;441.0;247;24;16;;505.58;103.70;147.02;893.82;845.33;682.11;284.98;368.03;1275.39;513.29
541;Iffwil;409.0;246;9;20;;-234.44;335.18;459.50;-35.93;-284.25;42.67;244.47;54.32;125.64;467.05
980;Inkwil;638.0;244;26;15;;-246.30;382.37;279.55;290.46;2241.53;263.73;-14.99;488.28;-100.36;144.52
784;Innertkirchen;886.0;250;18;19;;373.39;318.08;745.52;698.54;720.72;501.08;689.62;541.50;1267.73;575.23
496;Ins;3260.0;243;8;20;;513.74;491.41;678.32;754.66;726.39;757.04;805.08;817.35;834.64;748.50
581;Interlaken;5481.0;250;11;6;;223.92;546.36;624.98;408.89;759.39;831.41;1245.77;1480.30;1493.07;1315.93
739;Ipsach;3913.0;242;16;13;371;345.56;259.08;-117.39;120.58;203.30;389.84;402.20;506.74;369.92;99.31
582;Iseltwald;432.0;250;11;20;;638.80;949.01;1394.31;677.99;1126.58;1074.71;923.80;1011.28;1762.55;1413.77
362;Ittigen;11006.0;246;3;9;351;36.64;69.62;424.85;1304.33;453.02;781.98;1186.48;1112.57;916.71;411.27
868;Jaberg;258.0;246;22;15;;71.97;-0.42;317.33;664.01;331.61;1093.47;128.21;-68.28;309.14;560.67
540;Jegenstorf;4680.0;246;9;10;351;378.57;776.07;387.70;441.39;355.74;834.17;575.93;276.15;327.92;298.35
738;Jens;681.0;243;16;15;;818.41;396.05;373.54;457.90;640.63;701.14;699.56;519.01;475.35;373.74
304;Kallnach;1563.0;243;1;19;;882.82;440.81;513.52;335.74;560.50;944.39;509.40;693.44;921.79;1052.68
564;Kandergrund;810.0;249;10;8;;965.96;641.90;1087.03;557.16;342.63;-373.86;-17.61;-277.87;235.99;387.60
565;Kandersteg;1261.0;249;10;6;;1019.78;843.95;698.25;450.34;1062.89;894.40;847.88;596.25;909.00;617.46
305;Kappelen;1278.0;243;1;19;;794.26;1091.15;673.08;487.80;280.31;923.60;390.90;1016.84;400.66;850.33
869;Kaufdorf;1034.0;246;22;11;351;693.78;1029.28;1618.53;874.09;246.11;735.93;391.07;420.25;233.96;123.86
870;Kehrsatz;3964.0;246;22;10;351;317.27;1097.46;199.96;-543.97;-113.97;717.71;747.31;526.64;304.11;371.31
411;Kernenried;449.0;245;6;15;;777.39;409.44;153.62;6.48;397.08;416.00;216.05;299.92;224.95;-351.85
871;Kienersrüti;52.0;247;22;21;;872.77;358.32;720.56;-199.29;303.20;12.08;430.34;321.50;9.90;-198.04
611;Kiesen;857.0;246;12;15;;633.25;618.23;69.94;-8.32;280.56;440.07;396.61;563.90;638.81;158.32
412;Kirchberg;5613.0;245;6;12;404;228.43;233.82;256.77;506.18;631.32;525.43;621.23;576.29;1270.76;1105.82
872;Kirchdorf;814.0;246;22;20;;63.23;150.43;239.96;276.89;441.95;170.95;201.48;312.68;413.03;1038.25
873;Kirchenthurnen;271.0;246;22;15;;243.23;631.94;671.15;598.11;460.01;826.33;157.07;179.47;127.84;254.14
354;Kirchlindach;2815.0;246;3;11;351;301.84;199.39;296.36;942.35;1183.16;1555.30;109.88;13.98;190.10;15.12
328;Kleindietwil;0.0;244;2;19;;548.84;928.62;537.01;640.34;5138.97;511.87;-47.64;366.44;-79.24;0.00
612;Konolfingen;4739.0;246;12;9;351;5.82;265.80;535.64;-58.78;403.27;594.60;442.11;515.01;986.10;1054.40
413;Koppigen;2070.0;245;6;17;;319.68;319.29;294.51;462.04;465.92;1070.89;413.83;285.27;254.26;151.90
566;Krattigen;989.0;249;10;17;;807.40;521.56;785.58;667.93;927.19;911.20;776.65;683.03;659.81;948.33
414;Krauchthal;2318.0;245;6;15;;239.25;334.57;329.32;465.28;378.05;449.98;419.58;369.58;324.36;429.05
666;Kriechenwil;410.0;246;14;20;;223.37;621.44;687.61;746.95;655.32;602.43;618.44;1314.84;577.76;62.08
355;Köniz;38633.0;246;3;9;351;84.98;368.58;540.74;253.84;424.28;588.55;423.38;233.44;320.99;441.89
435;La Ferrière;545.0;241;7;19;;328.07;727.13;316.19;180.13;621.44;387.97;509.83;336.00;350.58;343.31
436;La Heutte;486.0;241;7;15;;93.33;1419.80;-378.64;453.21;376.30;759.48;390.60;96.88;-158.31;575.15
723;La Neuveville;3559.0;241;13;17;;247.11;496.18;360.06;299.54;329.07;750.41;543.28;599.86;223.14;342.82
722;Lamboing;682.0;241;13;16;;68.86;469.40;382.29;473.22;623.76;759.67;565.34;602.18;460.72;763.77
613;Landiswil;628.0;246;12;21;;1176.74;548.91;284.87;-108.25;113.73;441.98;505.71;290.35;-84.43;417.36
329;Langenthal;15017.0;244;2;3;;333.21;135.06;384.79;726.96;7572.20;641.82;989.00;773.97;277.90;188.04
902;Langnau i.E.;9018.0;245;23;3;;574.71;434.82;516.15;446.74;587.70;660.74;554.87;549.40;687.17;387.47
842;Lauenen;810.0;248;20;21;;972.64;69.93;367.94;568.16;545.15;849.54;858.23;1590.35;1094.02;1006.31
667;Laupen;2830.0;246;14;10;351;-123.37;193.57;857.02;834.52;694.38;775.66;721.01;521.44;756.57;591.99
903;Lauperswil;2680.0;245;23;19;;471.51;626.02;293.74;261.91;216.08;244.53;179.73;364.41;270.79;381.35
584;Lauterbrunnen;2741.0;250;11;6;;581.61;655.18;446.01;444.48;532.70;1598.30;962.67;963.73;798.64;1098.39
330;Leimiswil;0.0;244;2;19;;355.16;279.77;363.93;174.34;4868.74;313.79;536.56;-95.99;344.74;0.00
585;Leissigen;932.0;250;11;17;;996.66;272.36;628.54;376.44;427.95;433.01;531.42;619.29;735.76;908.42
387;Lengnau;4627.0;242;5;14;;493.25;557.61;409.64;920.62;2069.52;2226.73;1355.37;685.36;704.18;922.06
792;Lenk;2419.0;248;19;6;;1019.57;1089.31;1143.09;1084.06;981.14;1172.77;1033.90;1153.82;993.27;1282.92
388;Leuzigen;1200.0;243;5;16;;528.56;814.57;522.55;391.73;695.53;592.24;367.49;526.86;1086.37;1430.00
740;Ligerz;521.0;242;16;20;;774.04;802.22;132.53;376.60;473.04;580.49;104.14;861.92;495.23;195.54
542;Limpach;359.0;246;9;20;;552.97;1001.07;1052.00;243.66;626.98;437.90;366.26;527.83;381.86;282.39
614;Linden;1321.0;246;12;19;;758.77;635.45;394.11;325.76;490.26;948.61;464.93;915.83;575.84;544.67
874;Lohnstorf;224.0;246;22;21;;437.19;592.31;1004.05;787.50;739.81;304.05;414.03;456.49;134.04;5.47
331;Lotzwil;2462.0;244;2;15;;806.17;484.27;441.80;195.39;3714.39;762.00;486.32;535.54;669.78;403.69
696;Loveresse;317.0;241;15;19;;-161.18;47.34;450.49;807.08;326.19;741.15;757.97;983.25;480.22;509.21
306;Lyss;13776.0;243;1;3;;-52.04;376.41;54.36;488.40;562.50;737.84;813.95;657.92;347.10;445.79
415;Lyssach;1427.0;245;6;12;404;468.26;456.18;113.40;452.90;432.79;214.02;126.40;1007.60;767.68;485.74
933;Längenbühl;0.0;247;24;20;;157.86;265.12;878.28;362.67;384.09;0.00;0.00;0.00;0.00;0.00
497;Lüscherz;537.0;243;8;20;;523.68;845.07;465.01;340.13;103.45;596.92;372.66;436.23;1041.37;663.65
586;Lütschental;240.0;250;11;20;;555.11;213.26;1638.99;-941.02;-99.07;-74.77;891.89;1884.55;3014.57;1140.88
955;Lützelflüh;4075.0;245;25;19;;305.23;220.75;289.26;283.37;673.61;507.32;317.82;431.19;239.76;572.02
332;Madiswil;3140.0;244;2;20;;764.05;557.61;404.29;605.34;3940.00;687.90;177.30;290.95;531.46;496.14
697;Malleray;1970.0;241;15;18;;132.82;259.07;259.20;202.34;855.43;884.94;954.34;482.27;200.49;378.84
587;Matten b.I.;3780.0;250;11;13;;152.51;433.38;532.24;363.44;336.73;452.33;329.76;490.11;450.79;448.75
543;Mattstetten;588.0;246;9;11;351;334.46;218.67;324.76;393.25;495.05;513.57;456.55;17.57;419.96;110.54
389;Meienried;53.0;243;5;20;;-1024.29;-794.34;498.96;-102.90;-47.05;96.89;1017.25;420.60;1006.19;-961.55
307;Meikirch;2344.0;246;1;11;351;560.78;338.14;506.95;693.57;726.13;431.82;426.96;227.78;430.37;359.01
390;Meinisberg;1292.0;242;5;15;;366.52;516.21;363.93;553.66;592.60;634.59;454.86;537.01;720.51;291.78
785;Meiringen;4581.0;250;18;7;;372.27;521.99;580.90;282.34;526.07;854.96;639.63;740.22;875.18;649.80
333;Melchnau;1567.0;244;2;19;;163.51;747.51;678.80;895.25;2474.47;482.18;484.79;516.60;320.55;265.15
741;Merzligen;411.0;243;16;15;;742.15;645.44;378.60;613.45;440.85;564.52;51.86;83.61;242.61;-74.91
615;Mirchel;578.0;246;12;16;;398.35;1898.30;584.50;479.66;169.56;223.77;157.51;490.41;447.71;-185.40
699;Monible;38.0;241;15;21;;331.76;-7.68;447.00;1300.80;265.78;987.57;1438.83;1235.97;1173.21;-498.75
437;Mont-Tramelan;120.0;241;7;21;;481.10;-132.61;-6.13;534.79;792.89;766.71;420.78;577.87;-420.67;27.83
544;Moosseedorf;3620.0;246;9;9;351;744.02;958.28;681.02;380.95;285.68;441.21;542.62;1130.52;286.29;464.07
700;Moutier;7479.0;241;15;3;;406.57;517.77;435.17;369.55;557.35;1146.32;802.29;880.70;518.43;661.93
356;Muri b.B.;12369.0;246;3;5;351;200.42;188.91;564.15;1199.46;380.93;897.98;496.83;215.76;-86.97;240.83
742;Mörigen;878.0;242;16;5;371;1498.94;861.34;433.35;-747.89;449.03;931.54;1136.57;1155.05;1557.88;266.54
416;Mötschwil;142.0;245;6;22;;-381.68;-775.98;-309.62;-381.28;-112.90;-270.32;-163.08;569.76;-335.29;-234.77
668;Mühleberg;2668.0;246;14;20;;215.85;431.76;2000.11;525.12;1270.21;877.69;293.11;620.52;921.25;278.99
875;Mühledorf;248.0;246;22;20;;981.77;257.48;308.76;755.72;1666.71;160.73;87.43;170.43;-13.23;436.86
876;Mühlethurnen;1377.0;246;22;15;;425.92;614.70;1008.35;422.63;619.53;744.70;474.39;437.22;430.61;373.74
545;Mülchi;234.0;246;9;16;;473.48;568.71;419.26;387.08;433.33;760.46;326.94;745.40;135.45;570.24
546;Münchenbuchsee;9703.0;246;9;9;351;443.31;1230.10;681.98;202.62;272.95;379.09;33.33;504.97;398.75;739.93
669;Münchenwiler;468.0;246;14;15;;773.13;1069.69;701.04;1016.12;195.37;724.23;1075.65;828.46;1317.49;1490.91
547;Münchringen;593.0;246;9;15;;84.87;330.43;628.07;129.93;96.86;217.89;308.91;-116.81;254.33;1275.00
616;Münsingen;10841.0;246;12;9;351;281.77;551.99;450.50;236.50;448.22;477.64;499.52;325.56;60.56;1016.20
498;Müntschemier;1330.0;243;8;20;;344.17;675.89;669.33;586.50;731.91;943.38;522.74;523.62;993.90;420.92
670;Neuenegg;4913.0;246;14;11;351;633.03;421.99;332.53;278.23;605.50;5.63;522.42;94.02;692.43;982.88
743;Nidau;6816.0;242;16;12;371;924.27;637.76;492.20;1010.74;674.95;917.41;532.17;526.85;371.79;399.92
981;Niederbipp;4211.0;244;26;17;;376.00;484.83;377.16;874.68;2910.85;1135.60;385.73;689.63;186.70;156.77
617;Niederhünigen;641.0;246;12;15;;280.53;713.68;567.26;417.56;171.36;117.72;731.89;682.95;479.56;380.91
877;Niedermuhlern;505.0;246;22;21;;186.81;293.11;355.84;365.90;172.69;478.46;239.93;85.68;197.92;394.70
588;Niederried b.I.;338.0;250;11;15;;620.63;151.35;427.05;562.94;841.27;830.33;567.31;831.53;661.19;53.12
308;Niederried b.K.;297.0;243;1;15;;682.43;425.26;542.07;519.13;514.28;912.95;790.31;592.37;902.40;430.06
764;Niederstocken;257.0;247;17;15;;771.16;748.25;430.45;332.11;699.48;422.58;407.33;566.96;1178.16;892.05
618;Niederwichtrach;0.0;246;12;11;;693.83;457.06;0.00;0.00;0.00;0.00;0.00;0.00;0.00;0.00
982;Niederönz;1554.0;244;26;15;;-908.63;-459.73;-643.71;-95.22;1531.76;1273.44;1159.65;-2655.10;-818.16;-243.79
417;Niederösch;240.0;245;6;21;;291.89;1341.36;315.74;933.95;633.80;575.32;937.98;-258.29;-287.92;550.64
724;Nods;742.0;241;13;20;;758.75;793.89;288.08;1082.06;1042.75;1084.39;-1496.87;772.49;333.64;643.60
878;Noflen;260.0;246;22;21;;-87.52;42.80;288.04;397.23;606.75;637.45;402.99;830.89;1521.21;339.35
357;Oberbalm;869.0;246;3;21;;1281.83;833.58;244.70;96.55;75.22;121.67;175.20;226.94;1326.33;439.50
983;Oberbipp;1568.0;244;26;15;;-36.34;211.25;916.09;471.98;342.58;764.65;426.49;634.12;1561.30;475.89
418;Oberburg;2875.0;245;6;13;404;507.47;329.65;641.42;475.61;269.11;247.01;227.58;371.10;474.54;356.74
619;Oberdiessbach;3102.0;246;12;17;;534.61;509.93;112.75;490.16;818.71;519.23;1107.07;662.99;680.15;732.05
934;Oberhofen;2354.0;247;24;14;942;499.65;515.34;612.24;965.57;705.16;776.94;433.88;428.78;310.45;584.29
629;Oberhünigen;326.0;246;12;21;;731.90;618.58;746.49;300.07;202.57;478.44;441.58;475.01;277.93;355.16
935;Oberlangenegg;486.0;247;24;21;;531.74;637.33;746.25;760.05;760.32;642.21;317.52;755.42;754.02;643.64
589;Oberried a.Br.-S.;479.0;250;11;17;;620.27;630.59;717.86;571.37;626.20;471.32;635.25;358.78;589.08;212.42
334;Obersteckholz;423.0;244;2;16;;107.74;-33.34;291.58;-73.70;1794.32;1257.49;51.93;111.66;-144.24;-31.80
765;Oberstocken;282.0;247;17;15;;168.74;467.58;491.56;416.04;412.51;427.46;111.59;974.06;562.78;-11.43
620;Oberthal;781.0;246;12;21;;300.32;466.21;100.81;177.52;106.39;194.73;486.32;708.74;253.48;236.07
621;Oberwichtrach;0.0;246;12;10;;566.43;460.70;0.00;0.00;0.00;0.00;0.00;0.00;0.00;0.00
391;Oberwil b.B.;809.0;243;5;16;;249.22;377.21;326.48;588.59;366.74;660.14;236.30;598.87;649.25;616.59
766;Oberwil i.S.;795.0;249;17;21;;393.50;515.61;257.34;120.78;255.21;447.98;313.73;802.18;577.04;782.00
984;Oberönz;0.0;244;26;15;;68.66;204.08;127.54;124.31;1060.06;175.87;0.00;0.00;0.00;0.00
419;Oberösch;112.0;245;6;21;;741.11;758.97;-24.68;7.15;654.05;1366.50;528.26;-75.19;235.95;-529.06
985;Ochlenberg;586.0;244;26;21;;132.35;217.08;279.29;198.51;4558.65;-54.25;120.87;341.62;-814.96;-125.14
335;Oeschenbach;237.0;244;2;21;;1761.11;873.90;246.31;223.79;2606.56;62.94;200.97;491.41;396.47;31.04
622;Oppligen;669.0;246;12;15;;3254.78;1622.67;526.66;120.24;486.09;204.93;270.17;201.83;552.33;507.29
744;Orpund;2637.0;242;16;13;371;46.20;630.20;647.39;491.29;767.16;504.36;545.76;689.04;495.59;376.03
438;Orvin;1196.0;241;7;17;;231.12;74.35;147.93;633.97;647.06;376.71;844.21;322.70;52.65;661.17
363;Ostermundigen;15436.0;246;3;10;351;304.09;644.67;503.41;240.06;321.62;1302.14;739.76;977.97;437.02;361.93
701;Perrefitte;471.0;241;15;15;;11.38;114.87;558.24;111.89;231.25;1064.07;639.03;479.88;1051.66;271.57
392;Pieterlen;3633.0;242;5;13;371;438.09;388.13;137.27;156.89;328.34;457.16;595.53;615.04;680.67;508.16
440;Plagne;364.0;241;7;14;371;166.90;183.86;415.20;704.23;625.87;580.81;421.93;714.70;661.98;1413.52
936;Pohlern;278.0;247;24;15;;444.31;479.08;595.97;325.01;89.72;444.47;35.09;469.10;325.13;80.35
702;Pontenet;216.0;241;15;15;;-212.91;349.04;832.10;554.50;524.24;1160.59;172.71;283.92;381.09;831.86
745;Port;3302.0;242;16;14;371;252.98;861.20;249.92;494.12;331.61;971.33;472.29;408.26;471.86;309.71
725;Prêles;908.0;241;13;17;;340.76;261.48;472.55;408.24;573.23;789.50;811.64;764.80;964.80;1054.26
439;Péry;1359.0;241;7;15;;204.48;565.13;622.46;1584.52;650.41;866.31;656.46;804.70;996.81;940.53
309;Radelfingen;1176.0;243;1;16;;369.62;417.04;524.06;353.57;801.83;320.10;636.68;328.99;580.80;416.56
310;Rapperswil;2129.0;243;1;20;;398.27;87.84;378.51;738.35;513.03;728.12;332.75;455.67;510.82;301.69
715;Rebévelier;47.0;241;15;22;;177.24;1003.71;1176.67;907.02;958.27;1070.31;1561.71;1514.05;1122.13;1277.16
703;Reconvilier;2213.0;241;15;18;;248.87;415.38;536.29;454.65;459.52;516.43;511.36;401.32;389.02;292.25
567;Reichenbach i.K.;3452.0;249;10;19;;461.52;358.21;501.73;44.16;300.47;658.76;344.92;488.28;533.67;351.05
336;Reisiswil;191.0;244;2;21;;221.40;467.15;382.56;266.34;3539.29;289.84;647.71;191.09;29.82;459.14
441;Renan;838.0;241;7;20;;368.85;327.93;404.52;70.04;253.12;408.04;520.25;441.98;480.08;382.24
767;Reutigen;963.0;247;17;20;;31.78;247.28;724.05;696.68;641.79;903.02;561.31;702.25;883.01;536.90
879;Riggisberg;2406.0;246;22;8;;674.73;532.48;995.91;870.40;739.44;1308.57;620.70;1036.10;991.02;609.63
590;Ringgenberg;2523.0;250;11;14;;629.76;472.68;627.19;693.95;781.46;689.07;603.83;692.32;896.21;675.69
704;Roches;228.0;241;15;22;;201.28;203.24;9.31;666.39;236.36;490.06;389.31;705.42;1354.59;1775.19
337;Roggwil;3865.0;244;2;17;;510.07;476.31;605.16;330.70;4703.30;344.88;-105.97;161.44;-5.53;-239.24
338;Rohrbach;1431.0;244;2;16;;614.51;666.97;1007.77;365.34;4631.06;910.84;561.59;950.22;717.94;720.52
339;Rohrbachgraben;423.0;244;2;21;;1211.94;373.54;-42.90;147.84;2494.31;453.91;315.35;440.86;51.16;129.28
442;Romont;205.0;241;7;16;;766.02;-78.71;906.18;796.68;677.21;878.68;526.55;-275.22;205.50;764.35
623;Rubigen;2865.0;246;12;11;351;494.19;715.94;397.84;1768.84;799.24;662.91;415.02;622.31;735.06;540.70
421;Rumendingen;77.0;245;6;8;;-111.75;231.27;1155.14;394.09;102.72;691.02;508.54;925.55;908.24;-532.28
987;Rumisberg;476.0;244;26;15;;356.33;151.27;473.93;286.77;297.13;539.50;234.43;559.95;375.43;636.71
548;Ruppoldsried;259.0;243;9;16;;-48.15;379.17;155.95;197.00;480.80;398.78;-497.12;194.40;781.32;517.82
986;Röthenbach b.H.;0.0;244;26;19;;528.94;632.39;249.41;270.69;3176.65;283.96;197.88;0.00;0.00;0.00
904;Röthenbach i.E.;1272.0;245;23;21;;476.28;430.13;358.73;278.84;476.48;552.57;515.71;495.86;699.58;589.73
905;Rüderswil;2405.0;245;23;19;;460.63;303.55;200.25;177.66;239.22;657.51;145.83;291.81;328.13;761.38
420;Rüdtligen-Alchenflüh;2179.0;245;6;13;404;293.39;450.88;643.06;175.25;297.61;503.27;498.12;489.29;380.22;374.06
880;Rüeggisberg;1855.0;246;22;21;;473.89;444.69;480.06;451.88;488.88;515.81;343.80;582.89;555.90;616.40
956;Rüegsau;3062.0;245;25;20;;631.70;410.38;331.83;310.68;758.71;704.85;715.12;511.85;469.38;356.14
881;Rümligen;450.0;246;22;20;;496.13;270.34;937.34;828.64;648.16;765.42;305.19;244.22;-4.36;160.16
853;Rüschegg;1689.0;246;21;20;;397.98;379.91;458.98;379.59;427.45;576.05;681.73;1019.35;786.41;754.89
393;Rüti b.B.;835.0;243;5;16;;511.75;387.08;490.06;209.56;174.16;707.17;841.31;676.02;296.15;249.72
422;Rüti b.L.;162.0;245;6;15;;-127.71;24.76;46.51;30.75;-147.52;219.60;552.05;480.74;194.96;-199.65
882;Rüti b.R.;0.0;246;22;21;;175.42;234.42;687.03;347.92;690.32;500.78;380.00;0.00;0.00;0.00
340;Rütschelen;564.0;244;2;19;;1115.06;1261.58;373.54;334.40;2651.86;481.49;75.58;516.30;244.39;336.29
843;Saanen;7240.0;248;20;6;;1871.30;1814.01;1655.89;2860.14;2005.71;3428.46;2780.51;2634.10;2616.18;2518.46
746;Safnern;1881.0;242;16;14;371;1021.68;823.79;296.50;478.83;632.21;475.94;102.55;309.61;362.05;345.97
706;Saicourt;600.0;241;15;20;;-68.63;298.43;8.42;153.30;480.03;403.55;435.13;457.94;699.00;563.27
443;Saint-Imier;4802.0;241;7;4;;617.12;283.93;345.72;339.09;515.00;667.05;624.72;488.33;213.55;762.29
707;Saules;153.0;241;15;19;;263.12;268.39;382.86;495.58;398.95;372.91;-27.94;469.12;379.25;606.06
591;Saxeten;101.0;250;11;19;;-139.41;-252.56;105.77;-86.69;-534.70;1114.62;600.55;47.32;465.39;1408.19
549;Schalunen;366.0;246;9;11;351;523.85;507.43;126.22;155.62;337.25;128.96;-167.48;-315.92;-31.21;126.61
906;Schangnau;925.0;245;23;21;;537.13;354.54;447.65;465.33;394.38;336.64;357.23;461.48;613.27;762.79
786;Schattenhalb;600.0;250;18;8;;795.67;477.59;42.03;568.72;462.84;1066.42;339.45;889.71;358.72;642.22
708;Schelten;40.0;241;15;21;;1095.60;-536.58;1410.62;562.19;985.29;831.09;696.05;1449.82;1562.63;1127.75
550;Scheunen;84.0;246;9;21;;-487.39;399.97;-72.74;339.24;132.74;-87.66;124.89;289.82;-415.24;-337.25
747;Scheuren;440.0;242;16;14;371;389.74;267.00;230.23;-131.82;-67.49;200.19;251.75;291.93;426.20;444.53
624;Schlosswil;657.0;246;12;15;;17.53;215.17;258.70;237.35;-11.19;540.78;326.70;1481.92;353.40;321.64
748;Schwadernau;651.0;242;16;14;371;1020.52;738.87;925.33;247.44;447.27;565.19;990.88;914.21;632.55;691.26
592;Schwanden b.B.;603.0;250;11;15;;443.47;864.74;560.92;680.97;418.72;505.51;367.58;677.75;564.08;899.76
855;Schwarzenburg;6711.0;246;21;4;;0.00;0.00;0.00;0.00;0.00;0.00;0.00;0.00;0.00;324.54
341;Schwarzhäusern;485.0;244;2;15;;-0.57;73.40;-137.47;-80.35;2471.15;228.03;191.82;-53.72;-88.82;73.50
937;Schwendibach;254.0;247;24;15;;259.03;207.03;235.26;99.31;369.08;670.61;488.76;568.54;602.20;892.87
311;Schüpfen;3530.0;243;1;11;351;495.70;553.53;371.29;752.72;713.67;403.62;681.19;489.48;436.26;844.46
988;Seeberg;1389.0;244;26;20;;338.07;309.19;197.73;86.90;3427.74;302.14;93.69;307.22;120.76;182.07
312;Seedorf;2987.0;243;1;20;;331.53;282.61;127.56;431.91;687.15;718.72;887.93;530.79;544.75;682.66
709;Seehof;71.0;241;15;21;;-307.75;-389.10;1282.54;712.98;876.66;930.38;1196.99;2216.19;930.62;2165.65
883;Seftigen;2110.0;247;22;14;942;188.77;172.92;190.46;337.96;315.84;743.55;411.30;640.57;632.93;402.47
907;Signau;2749.0;245;23;19;;225.63;407.50;644.59;434.25;517.73;383.87;425.00;537.18;555.40;466.10
938;Sigriswil;4633.0;247;24;7;;665.38;488.43;608.11;495.63;796.17;964.09;664.14;915.90;822.95;622.67
499;Siselen;580.0;243;8;20;;795.35;374.25;598.22;543.85;441.04;677.13;494.06;343.41;940.24;909.34
444;Sonceboz;1804.0;241;7;18;;432.52;381.52;577.00;878.16;702.08;776.39;718.79;633.80;-849.92;821.80
445;Sonvilier;1192.0;241;7;19;;1392.17;459.66;453.12;411.66;508.51;885.12;691.24;663.19;928.98;277.27
710;Sornetan;131.0;241;15;21;;848.56;68.27;802.79;901.90;644.50;837.63;610.90;859.18;909.56;991.84
711;Sorvilier;268.0;241;15;19;;32.66;590.51;850.74;722.79;957.18;1268.02;1026.34;712.64;506.55;992.28
712;Souboz;134.0;241;15;21;;254.89;578.11;373.98;357.97;891.35;349.79;1265.03;653.54;945.16;410.05
768;Spiez;12477.0;249;17;12;942;330.89;499.48;235.90;276.42;310.98;371.57;398.06;646.25;557.17;539.41
793;St. Stephan;1379.0;248;19;20;;440.19;257.22;623.26;633.41;610.50;566.01;493.82;689.69;586.06;770.21
939;Steffisburg;15423.0;247;24;13;942;1328.52;538.78;393.18;374.68;739.06;689.41;513.21;796.44;366.64;452.82
358;Stettlen;2891.0;246;3;10;351;160.82;591.20;690.68;404.88;-178.79;-93.18;156.23;470.55;119.56;1454.28
749;Studen;2837.0;243;16;13;371;534.52;602.90;555.94;592.33;635.91;518.64;638.68;448.78;193.78;293.05
957;Sumiswald;5039.0;245;25;19;;219.35;206.19;502.36;401.04;544.39;551.66;377.02;481.51;563.97;499.63
750;Sutz-Lattrigen;1352.0;242;16;14;371;672.99;326.39;409.12;116.30;315.25;1042.20;1018.15;1371.56;1052.95;370.71
713;Tavannes;3542.0;241;15;18;;452.97;467.86;286.63;698.65;480.28;615.60;505.46;811.16;529.84;484.97
940;Teuffenthal;168.0;247;24;21;;428.34;723.79;476.29;803.13;429.10;1074.80;622.79;523.33;1089.47;495.87
941;Thierachern;2302.0;247;24;14;942;463.97;740.31;297.02;467.01;1071.33;646.10;261.89;588.22;497.82;322.25
942;Thun;42623.0;247;24;2;942;267.31;194.44;285.50;265.37;244.58;508.46;555.21;481.55;725.52;614.52
342;Thunstetten;3063.0;244;2;17;;217.30;162.71;24.69;154.93;2633.43;651.72;328.28;323.22;112.37;437.17
989;Thörigen;1027.0;244;26;15;;232.01;622.02;365.44;493.18;2401.59;371.72;444.99;258.83;288.78;257.89
884;Toffen;2457.0;246;22;11;351;364.26;260.45;938.44;504.04;452.09;708.10;890.33;618.85;472.57;795.39
958;Trachselwald;1024.0;245;25;21;;294.03;408.78;636.38;451.55;371.20;565.40;510.72;646.18;742.26;586.36
446;Tramelan;4248.0;241;7;18;;535.75;647.97;491.31;502.26;726.53;855.87;949.95;545.75;369.11;544.66
500;Treiten;441.0;243;8;21;;504.40;222.47;387.67;562.78;955.14;1030.28;930.73;629.69;979.39;516.30
631;Trimstein;508.0;246;12;11;351;400.36;34.43;544.37;1076.20;108.90;504.59;236.68;253.63;1443.00;636.66
908;Trub;1377.0;245;23;21;;344.82;699.38;410.77;327.84;1040.99;705.74;571.40;566.86;694.42;521.05
909;Trubschachen;1392.0;245;23;19;;644.64;353.27;532.87;544.19;597.19;492.16;311.83;872.79;486.24;278.85
501;Tschugg;449.0;243;8;8;;397.41;450.35;661.43;695.93;127.00;-89.36;858.64;852.07;372.96;304.62
753;Twann;0.0;242;16;20;;826.22;787.81;247.65;403.03;588.72;1736.61;854.98;516.49;0.00;0.00
756;Twann-Tüscherz;1138.0;242;16;20;;0.00;0.00;0.00;0.00;0.00;0.00;0.00;0.00;294.32;689.26
625;Tägertschi;418.0;246;12;21;;150.70;280.02;1566.32;468.11;-255.38;458.42;878.36;642.82;553.56;196.26
751;Täuffelen;2655.0;243;16;17;;855.51;693.48;149.10;95.15;789.27;1040.81;596.57;359.02;167.03;91.63
752;Tüscherz-Alfermée;0.0;242;16;5;371;596.36;358.11;382.01;681.25;256.16;669.82;363.85;258.30;0.00;0.00
943;Uebeschi;692.0;247;24;15;;289.03;438.96;419.21;-87.59;-79.36;317.16;224.91;611.10;197.14;200.02
944;Uetendorf;5946.0;247;24;12;942;291.64;408.13;323.33;388.16;543.54;496.66;367.78;391.92;387.30;477.72
945;Unterlangenegg;903.0;247;24;21;;221.73;354.95;345.03;613.26;654.74;658.88;472.36;574.42;637.18;778.74
593;Unterseen;5487.0;250;11;12;;288.63;421.48;640.95;582.95;543.69;735.12;501.40;500.81;799.43;513.44
343;Untersteckholz;0.0;244;2;21;;127.34;119.84;181.23;136.53;5865.43;224.27;3224.10;1740.56;0.00;0.00
344;Ursenbach;908.0;244;2;19;;108.88;605.75;364.82;339.42;7706.10;256.73;248.60;175.35;190.97;86.95
551;Urtenen;5665.0;246;9;9;351;666.20;714.71;696.41;577.07;216.80;372.92;323.39;192.82;548.60;527.72
885;Uttigen;1809.0;247;22;14;942;217.91;182.81;488.28;540.90;320.42;239.92;137.52;338.63;1651.39;338.94
552;Utzenstorf;4123.0;245;9;17;;790.28;423.87;608.76;628.67;555.89;887.65;461.78;169.34;500.45;384.34
447;Vauffelin;411.0;241;7;14;371;-92.20;471.36;517.12;1277.58;437.19;1214.33;420.30;574.62;485.11;650.25
359;Vechigen;4653.0;246;3;11;351;224.37;438.22;409.81;96.50;310.73;556.03;190.62;616.70;444.88;545.95
448;Villeret;895.0;241;7;18;;15.85;519.54;934.25;847.85;481.39;-320.17;974.10;674.30;1262.35;588.45
502;Vinelz;821.0;243;8;15;;458.88;432.13;342.31;594.15;377.93;467.31;438.52;784.31;591.50;740.85
946;Wachseldorn;232.0;247;24;21;;526.73;57.85;765.42;675.61;687.96;417.98;174.76;713.67;549.10;772.92
854;Wahlern;0.0;246;21;4;;346.67;364.65;498.80;443.33;360.57;508.07;471.74;492.16;371.52;0.00
888;Wald;1191.0;246;22;8;;0.00;0.00;322.22;627.73;944.62;855.40;583.50;1049.07;392.20;259.03
626;Walkringen;1828.0;246;12;20;;-4.51;485.22;610.73;379.04;524.24;323.72;168.06;585.58;529.15;295.22
990;Walliswil b.N.;204.0;244;26;16;;1687.95;1954.70;2627.43;1633.58;4601.92;1526.58;1409.48;2112.01;1589.65;2357.55
991;Walliswil b.W.;567.0;244;26;15;;162.78;87.72;327.59;737.96;1491.39;378.32;124.91;293.29;403.67;315.50
754;Walperswil;938.0;243;16;19;;280.03;196.48;1141.30;1042.49;766.52;477.93;497.43;612.58;451.38;707.82
959;Walterswil;539.0;244;25;21;;288.17;251.41;-39.92;451.90;2245.73;-86.09;-18.55;167.35;8.90;-19.69
992;Wangen a.A.;2088.0;244;26;17;;697.93;285.41;375.38;603.44;1994.70;629.45;253.63;161.10;448.73;536.49
993;Wangenried;395.0;244;26;16;;374.16;375.21;418.57;286.46;328.69;1043.00;7.50;255.95;558.01;385.25
994;Wanzwil;0.0;244;26;18;;128.14;872.05;425.66;116.74;1165.85;383.39;412.99;0.00;0.00;0.00
886;Wattenwil;2692.0;247;22;17;;272.42;347.88;289.68;396.97;475.30;512.69;474.34;653.70;678.43;676.06
394;Wengi;612.0;243;5;20;;162.64;384.67;307.75;656.77;970.74;313.79;637.00;1986.67;-249.29;113.05
632;Wichtrach;4018.0;246;12;10;351;0.00;0.00;281.22;436.43;337.93;340.40;428.17;257.45;495.55;457.74
995;Wiedlisbach;2191.0;244;26;8;;298.44;316.71;485.94;600.14;1844.17;507.00;248.38;256.16;501.81;551.50
553;Wiggiswil;100.0;246;9;21;;860.52;-339.93;137.63;552.26;528.47;1222.18;278.43;175.69;-659.95;817.57
594;Wilderswil;2487.0;250;11;6;;607.40;683.66;749.03;516.17;435.22;548.37;645.07;730.92;879.87;798.32
554;Wiler b.U.;817.0;245;9;15;;578.04;681.64;788.11;476.55;380.57;549.52;840.20;707.35;459.89;438.82
671;Wileroltigen;390.0;246;14;21;;389.53;632.36;319.83;216.05;-54.99;239.63;357.68;0.03;-41.46;-1666.17
423;Willadingen;201.0;245;6;15;;-25.48;773.72;354.11;487.47;351.97;371.66;13.97;203.89;-140.68;123.12
769;Wimmis;2413.0;249;17;17;;554.72;343.65;102.22;418.65;652.41;561.20;762.23;686.19;881.71;535.94
360;Wohlen b.B.;8877.0;246;3;11;351;163.63;212.59;479.00;451.62;336.82;1094.70;241.48;382.76;479.13;464.64
996;Wolfisberg;198.0;244;26;16;;-203.64;602.38;184.09;59.48;-117.88;303.84;223.80;250.60;-325.29;2211.14
627;Worb;11236.0;246;12;10;351;616.00;879.32;379.87;403.16;408.94;356.09;177.94;381.71;325.67;314.21
755;Worben;2288.0;243;16;8;371;367.33;411.54;389.32;88.42;18.78;-1.79;563.94;405.53;576.19;259.56
345;Wynau;1551.0;244;2;15;;482.17;743.51;874.89;780.10;3503.62;604.48;414.49;572.21;128.33;48.56
424;Wynigen;2014.0;245;6;20;;339.03;468.03;726.64;353.79;2654.04;293.20;635.93;499.69;701.23;369.37
960;Wyssachen;1161.0;244;25;19;;563.34;368.00;312.11;163.83;2402.32;542.91;97.66;306.54;243.90;616.95
555;Zauggenried;316.0;246;9;20;;580.77;213.93;119.29;600.99;646.18;471.96;275.23;671.72;377.26;160.04
556;Zielebach;329.0;245;9;14;;402.75;214.69;-184.39;50.32;766.83;1132.02;1960.94;655.29;371.04;420.24
887;Zimmerwald;0.0;246;22;21;;405.31;476.97;0.00;0.00;0.00;0.00;0.00;0.00;0.00;0.00
361;Zollikofen;9792.0;246;3;9;351;224.49;412.74;474.03;668.83;543.69;1495.41;464.57;307.22;807.15;867.45
557;Zuzwil;578.0;246;9;15;;13.28;105.21;487.03;725.45;290.62;461.30;489.94;934.47;566.62;272.62
794;Zweisimmen;2998.0;248;19;4;;209.02;72.92;644.59;591.38;489.19;778.22;821.39;663.15;867.57;561.29
947;Zwieselberg;280.0;247;24;16;;521.19;1027.52;1295.60;404.20;808.17;-1076.77;-62.17;-407.67;-168.46;165.30
628;Zäziwil;1591.0;246;12;15;;635.16;543.47;916.66;654.46;1073.18;626.43;1996.12;279.03;515.16;284.30

