K34 FPE FK pro Einwohner;;;;;;;;;
Kurzbeschrieb: Fremdkapital dividiert durch die Einwohnerzahl.




BFS-Nr.;Gemeinde;Anzahl Einwohner;Verw.-Kreis ;Amtsbezirk;BFS Typ;Agglomeration BFS-Nr.;2002 [SFR];2003 [SFR];2004 [SFR];2005 [SFR];2006 [SFR];2007 [SFR];2008 [SFR];2009 [SFR];2010 [SFR];2011 [SFR]
301;Aarberg;4090.0;243;1;17;;3761.88;3401.51;3708.12;3479.09;3086.55;2546.63;2024.96;2119.15;1398.01;679.42
321;Aarwangen;4214.0;244;2;15;;1234.72;1116.37;791.72;859.56;677.61;698.43;371.16;460.83;905.59;849.14
561;Adelboden;3583.0;249;10;6;;3537.42;3809.33;3850.38;3489.77;3719.51;3310.50;2927.50;2952.73;2351.38;2209.08
401;Aefligen;1036.0;245;6;14;404;4398.95;3696.76;3039.12;2820.04;2474.86;2052.28;1942.52;2890.59;1401.75;1000.53
731;Aegerten;1750.0;242;16;14;371;2328.23;2446.01;2352.93;2708.96;2831.58;2821.99;2920.84;2709.22;2872.02;2724.16
562;Aeschi b.Sp.;2070.0;249;10;7;;3796.03;3503.62;3062.08;2625.67;2297.86;2048.37;1918.12;1936.74;1552.56;1267.18
601;Aeschlen;0.0;246;12;21;;8077.34;5873.11;5312.19;5338.02;4509.01;4469.75;4070.00;4207.59;0.00;0.00
951;Affoltern i.E.;1141.0;245;25;19;;2515.78;1920.52;1834.26;1667.17;832.70;743.78;1325.71;1506.19;1629.84;1605.51
851;Albligen;0.0;246;21;20;;3977.56;3488.37;3038.52;2568.48;2969.70;3423.94;3622.12;3747.10;3472.18;0.00
402;Alchenstorf;570.0;245;6;16;;746.69;1035.28;984.52;555.36;485.80;528.99;594.07;547.84;634.12;679.53
630;Allmendingen;515.0;246;12;11;351;5782.77;5063.61;4286.23;4210.96;2854.36;2697.99;590.37;693.21;736.36;1215.65
921;Amsoldingen;797.0;247;24;16;;2233.59;2337.98;2141.62;2407.96;1972.11;876.32;783.76;832.90;693.81;494.32
381;Arch;1542.0;243;5;18;;19535.86;3778.21;3818.48;3728.36;3463.64;3601.89;3576.65;3631.91;3832.57;4058.58
602;Arni;955.0;246;12;20;;3531.13;3066.66;2773.80;2449.21;2322.88;2296.37;2048.79;1961.59;1937.97;1818.20
971;Attiswil;1298.0;244;26;16;;1448.34;1680.04;1408.26;1297.62;1567.80;1787.67;2009.79;1717.06;1593.45;2310.09
322;Auswil;460.0;244;2;19;;1115.30;1158.87;1056.79;1377.92;1030.84;689.24;686.54;664.80;722.30;559.89
531;Ballmoos;0.0;246;9;21;;1582.08;2211.51;2327.57;2596.43;1919.16;2167.32;2230.53;3960.39;0.00;0.00
532;Bangerten;158.0;243;9;21;;3073.87;2995.38;3657.35;3967.59;3980.65;4416.62;4472.61;4195.80;3956.20;4433.15
323;Bannwil;676.0;244;2;15;;3747.25;3769.01;2891.09;2636.66;1514.55;2203.07;2206.87;2588.85;1823.30;1751.84
302;Bargen;1005.0;243;1;16;;2124.65;1872.83;1413.76;1338.24;1380.25;1026.68;1231.19;1056.15;990.96;923.54
571;Beatenberg;1126.0;250;11;7;;6898.26;6635.78;6600.72;5664.80;5448.66;5818.68;5991.69;6007.08;5515.05;5533.03
732;Bellmund;1490.0;242;16;14;371;1939.74;1571.39;1673.14;2496.41;2021.19;2110.02;1907.40;1595.60;1446.48;1532.01
861;Belp;10356.0;246;22;9;351;2889.73;2403.72;2629.64;2765.55;2779.98;2766.24;2484.08;2432.25;2250.43;1910.20
862;Belpberg;418.0;246;22;21;;4861.25;6463.70;6123.29;4262.57;3167.64;2648.59;2477.18;1882.73;1419.41;1335.78
681;Belprahon;300.0;241;15;15;;5820.45;6075.05;6267.55;5913.46;5706.09;5871.07;6803.41;5873.53;5845.92;5442.88
972;Berken;47.0;244;26;22;;154.14;100.97;37.24;202.49;155.57;190.50;5235.03;84.33;71.02;367.30
351;Bern;126664.0;246;3;1;351;16714.69;16587.03;17006.87;17580.57;17098.06;17452.49;17224.89;18657.04;20819.42;23569.28
973;Bettenhausen;686.0;244;26;15;;290.65;386.74;316.87;448.10;115.15;187.68;208.98;238.63;291.92;357.45
371;Biel;51323.0;242;4;2;371;10973.16;11053.61;11381.62;11028.63;10449.87;10054.58;10223.84;10504.54;10940.83;11529.32
603;Biglen;1729.0;246;12;15;;2990.39;3133.37;3521.82;3308.90;2984.46;2887.36;2544.39;2579.31;2396.69;1894.73
324;Bleienbach;654.0;244;2;19;;1143.27;778.20;959.09;972.53;469.73;357.79;534.99;377.06;711.61;1481.83
604;Bleiken b.O.;385.0;246;12;16;;1538.41;1699.74;1846.76;1725.77;1625.94;1097.05;1091.20;1753.62;1013.27;1266.57
922;Blumenstein;1182.0;247;24;17;;1026.23;1043.06;847.01;748.58;741.19;901.47;677.64;811.62;665.54;462.87
352;Bolligen;6057.0;246;3;11;351;4567.08;3606.71;2988.14;2969.55;3150.16;3130.29;3391.67;3539.09;3622.00;3604.15
974;Bollodingen;0.0;244;26;19;;2737.79;2917.45;2838.75;2737.61;999.20;422.42;422.49;317.84;333.17;0.00
791;Boltigen;1366.0;248;19;21;;5245.21;5125.99;5496.27;4983.64;5002.88;4929.94;4169.26;4108.68;4435.70;4528.89
605;Bowil;1381.0;246;12;19;;2147.28;1610.93;1540.62;1554.55;2381.90;2319.32;2471.90;2809.04;2680.56;2482.38
353;Bremgarten b.B.;4210.0;246;3;11;351;6704.80;6483.99;6100.09;6650.97;6223.89;5819.23;5740.97;5194.72;4883.95;4316.96
606;Brenzikofen;524.0;246;12;15;;6008.56;5373.89;4117.88;3663.98;3449.19;2731.52;1771.36;837.65;640.01;749.86
573;Brienz;3014.0;250;11;7;;1981.51;1660.64;1639.02;2307.76;3318.09;2975.03;3021.67;3966.16;5572.16;4613.91
574;Brienzwiler;511.0;250;11;17;;5103.06;4278.84;3240.21;2048.02;1741.22;1783.99;2246.93;1911.65;2081.04;2198.86
733;Brügg;4155.0;242;16;12;371;3663.62;2874.77;3706.31;3053.58;3296.72;3228.72;3378.50;2758.29;3533.34;3659.51
491;Brüttelen;577.0;243;8;21;;4381.12;3668.60;3032.16;2978.38;3145.65;3191.25;2820.84;3277.86;3017.71;3311.43
923;Buchholterberg;1531.0;247;24;19;;1419.04;1428.22;1462.80;1370.74;1330.22;1324.62;1186.95;1292.56;1114.54;1010.77
404;Burgdorf;15549.0;245;6;3;404;4913.70;4446.01;4557.08;4507.20;4465.01;4322.51;4656.94;5335.40;6952.45;6519.03
863;Burgistein;1026.0;247;22;16;;3350.55;2188.37;2020.37;1972.54;1898.45;1792.95;1742.40;2392.97;1947.20;1892.86
384;Busswil b.B.;0.0;243;5;14;371;4168.65;3969.66;3266.18;3209.23;2698.21;2127.08;1587.01;1851.49;1450.52;0.00
325;Busswil b.M.;201.0;244;2;20;;404.99;314.00;631.20;724.78;533.42;878.89;502.13;786.03;700.54;910.26
403;Bäriswil;1005.0;246;6;11;351;4433.95;3776.95;3716.31;3646.19;3940.27;3312.06;3232.44;2833.31;3015.59;2667.69
533;Bätterkinden;3171.0;245;9;15;;1821.62;1528.72;1436.28;1381.02;1087.58;934.57;953.64;1001.10;1029.16;635.77
682;Bévilard;1681.0;241;15;18;;5529.90;5190.29;5411.75;4937.68;4965.80;4891.62;5153.21;5830.38;6077.47;6861.73
572;Bönigen;2447.0;250;11;7;;493.83;859.83;796.76;578.05;528.86;852.16;1035.19;1115.14;1456.96;1275.82
382;Büetigen;827.0;243;5;15;;1798.12;1455.37;1824.45;1791.89;1697.28;1070.68;1038.82;1073.38;1074.89;534.80
734;Bühl;419.0;243;16;16;;3200.62;2654.18;2564.52;2741.89;2565.19;2685.12;2293.68;3655.98;2829.76;1912.53
383;Büren a.A.;3295.0;243;5;17;;3476.34;2337.11;2038.59;3438.32;2088.58;2227.92;2269.93;2024.37;2031.88;1983.45
534;Büren z.H.;468.0;246;9;15;;493.48;3373.42;3353.14;2446.42;2065.52;1992.27;2110.82;2093.57;2223.48;2068.50
683;Champoz;162.0;241;15;21;;1083.11;1066.71;1358.41;1148.80;896.20;736.93;1289.35;2055.84;734.35;795.66
684;Châtelat;113.0;241;15;21;;88.28;321.69;393.55;983.62;3669.97;1892.00;329.73;726.84;428.91;379.49
661;Clavaleyres;49.0;246;14;21;;523.07;643.32;431.18;594.88;610.91;613.18;568.32;548.40;947.83;766.33
687;Corcelles;214.0;241;15;15;;5546.31;7711.86;6088.48;5561.22;5930.74;5913.94;5811.29;5994.42;5481.03;5627.84
431;Corgémont;1551.0;241;7;18;;2606.40;2349.14;2485.41;2115.90;3243.20;2246.72;1812.70;1642.51;1537.12;1693.59
432;Cormoret;495.0;241;7;15;;7354.25;7209.51;7249.31;7125.62;6806.82;6384.50;5586.59;5085.25;4472.54;3928.75
433;Cortébert;697.0;241;7;15;;2735.74;2171.65;3840.31;3558.88;3207.40;3805.24;4091.76;5320.45;5474.20;5448.21
690;Court;1390.0;241;15;18;;5096.03;4772.69;4927.33;4720.07;4575.83;4517.42;4130.26;3639.48;3559.62;3460.22
434;Courtelary;1283.0;241;7;18;;5476.28;5093.17;4432.59;4299.46;4342.27;4474.86;3934.22;3486.87;3310.04;3201.39
691;Crémines;550.0;241;15;18;;5887.92;6588.26;6396.63;6341.56;6108.65;6256.72;6266.74;6524.37;6290.31;6164.96
535;Deisswil b.M.;97.0;246;9;15;;125.99;11.09;313.01;25.17;637.13;517.41;543.89;60.37;553.74;282.06
536;Diemerswil;199.0;246;9;11;351;1329.84;976.55;1458.69;828.99;265.86;249.40;355.67;386.92;230.57;380.23
762;Diemtigen;2140.0;249;17;21;;1947.89;1698.27;1610.58;2165.38;3353.84;4303.03;4342.22;3606.81;3628.83;3730.33
385;Diessbach b.B.;923.0;243;5;15;;4297.34;4174.97;4371.18;4382.46;3851.24;2705.24;2782.50;3061.26;1995.13;1817.53
721;Diesse;443.0;241;13;17;;6737.01;6579.25;6711.19;6068.20;5993.83;6223.51;6189.80;6273.04;5131.13;4772.47
386;Dotzigen;1358.0;243;5;15;;3685.95;3528.33;3425.84;2995.08;2635.76;2007.31;1768.86;1632.16;1223.76;1318.62
575;Därligen;416.0;250;11;15;;2501.38;2969.14;2612.73;3001.06;3558.28;3076.90;2943.53;2397.41;1733.09;1723.80
761;Därstetten;833.0;249;17;19;;2136.56;2085.89;1845.92;1858.16;1541.47;1609.95;1352.26;1269.11;1159.35;1215.09
952;Dürrenroth;1064.0;245;25;21;;2832.68;2795.76;4022.62;3935.80;2622.39;2754.71;3067.63;2828.52;1219.44;1452.16
901;Eggiwil;2453.0;245;23;21;;4524.71;4584.60;4437.20;4681.43;4247.74;4260.61;4034.55;3346.61;3298.04;3181.27
864;Englisberg;0.0;246;22;8;;1113.28;937.06;0.00;0.00;0.00;0.00;0.00;0.00;0.00;0.00
735;Epsach;341.0;243;16;16;;7651.33;7540.55;6569.48;5372.23;4574.87;4203.57;3935.04;4082.05;3853.05;3591.59
953;Eriswil;1347.0;244;25;19;;938.00;2845.17;4942.43;4599.37;3670.24;1236.84;1494.37;1635.62;1470.44;1265.39
924;Eriz;496.0;247;24;21;;2488.85;3121.32;6719.56;5473.99;3511.64;3232.11;3210.50;3426.74;3750.80;3104.27
492;Erlach;1278.0;243;8;17;;9543.23;9310.32;9459.04;11546.88;11400.48;12404.28;13941.00;11614.90;11077.90;11149.65
763;Erlenbach i.S.;1695.0;249;17;20;;3930.80;3712.93;3568.03;3098.00;3298.92;2274.17;1692.78;1322.85;1335.96;1052.51
405;Ersigen;1589.0;245;6;19;;3687.24;3672.98;3565.28;3445.24;3520.06;2879.25;3063.31;3126.27;3149.83;2958.46
692;Eschert;377.0;241;15;19;;4086.01;4014.34;4744.81;4235.04;3668.00;3322.98;3509.95;3226.50;3043.13;3674.84
537;Etzelkofen;289.0;246;9;18;;744.65;676.71;686.64;367.41;436.42;600.52;691.34;716.55;760.04;609.14
372;Evilard;2424.0;242;4;5;371;3091.08;2210.12;2756.54;3184.54;2567.72;2276.34;2062.42;3522.55;2180.03;1463.09
925;Fahrni;741.0;247;24;20;;3069.61;2871.44;2732.75;2711.75;1703.35;1306.58;1409.51;1348.07;1072.58;1310.62
975;Farnern;209.0;244;26;15;;1740.05;840.14;639.41;733.26;605.11;631.83;774.98;628.71;700.89;730.93
662;Ferenbalm;1270.0;246;14;15;;1430.46;3232.64;3112.46;3074.37;3002.23;3100.51;3042.02;747.28;746.12;787.44
493;Finsterhennen;501.0;243;8;20;;3274.34;3558.42;6067.38;5544.77;5349.93;5234.35;5466.53;5293.53;5243.68;4846.55
926;Forst;0.0;247;24;15;;703.97;918.50;1011.20;1120.72;1340.87;0.00;0.00;0.00;0.00;0.00
948;Forst-Längenbühl;704.0;247;24;19;;0.00;0.00;0.00;0.00;0.00;1088.18;1115.01;918.71;926.62;853.36
538;Fraubrunnen;1791.0;246;9;11;351;3947.27;3411.55;2539.65;1961.80;2035.36;2469.03;2339.74;1774.92;3916.92;3944.73
663;Frauenkappelen;1256.0;246;14;11;351;2136.20;2045.41;1925.69;2021.11;2422.73;2636.82;2501.00;2245.26;2411.26;1527.26
607;Freimettigen;424.0;246;12;15;;853.65;941.84;811.26;1702.06;1689.56;726.81;637.38;798.62;842.69;738.34
563;Frutigen;6703.0;249;10;4;;4343.25;4014.82;3481.50;3178.31;2961.29;2309.57;2493.88;2668.84;2503.00;2383.98
781;Gadmen;229.0;250;18;22;;6549.83;5718.54;6263.62;4384.55;3965.31;3780.16;3524.00;3280.58;2642.66;3023.88
494;Gals;729.0;243;8;20;;5328.20;5459.56;4675.56;4291.51;3906.36;3682.52;3211.51;3326.95;3292.74;3157.12
495;Gampelen;791.0;243;8;17;;2115.45;1584.35;1102.62;1361.79;1143.18;1329.62;814.03;757.77;708.44;2206.59
865;Gelterfingen;242.0;246;22;21;;1226.57;1152.94;1126.89;966.58;1110.45;236.66;1048.06;611.86;504.73;525.63
866;Gerzensee;1134.0;246;22;20;;5084.23;4639.98;3913.49;3972.14;3464.94;2823.40;2713.77;2694.55;2153.70;1995.07
664;Golaten;303.0;246;14;21;;1666.27;1708.54;1671.09;641.34;520.15;765.63;738.01;457.92;641.02;993.77
326;Gondiswil;724.0;244;2;19;;836.89;1014.43;2202.78;2686.35;2018.06;969.13;860.21;895.69;773.86;770.29
976;Graben;291.0;244;26;15;;537.60;461.51;556.36;922.31;172.57;151.32;894.46;392.59;241.68;296.18
539;Grafenried;976.0;246;9;11;351;2092.07;1548.57;2409.33;2279.32;2048.16;1550.54;1463.71;1398.89;1275.63;1308.07
694;Grandval;351.0;241;15;18;;7160.56;7451.16;6816.00;6566.30;6596.73;6813.14;5930.92;4255.93;4458.48;4519.63
576;Grindelwald;4040.0;250;11;6;;5922.29;4776.89;5375.36;5013.15;4943.55;4746.80;4626.60;4524.32;3724.88;4772.81
303;Grossaffoltern;2812.0;243;1;15;;3471.03;3171.79;3136.31;2762.26;2353.90;2331.29;2033.99;2589.87;2710.20;2337.53
608;Grosshöchstetten;3289.0;246;12;11;351;2809.48;2492.22;2437.09;1775.90;1643.39;1413.06;1848.90;1896.71;2275.07;2179.18
841;Gsteig;986.0;248;20;20;;516.03;829.58;960.62;1045.26;1675.02;1026.52;1081.77;4065.08;1183.56;1294.88
577;Gsteigwiler;430.0;250;11;14;;9038.19;8852.25;8182.46;7858.10;7088.00;5857.34;5060.25;4798.76;5255.51;8609.15
852;Guggisberg;1585.0;246;21;21;;2063.05;1676.32;1850.30;2340.94;2127.15;1958.23;1668.26;1322.16;1190.24;430.71
665;Gurbrü;245.0;246;14;21;;1447.50;1004.28;968.64;3500.33;3305.03;2399.21;2469.83;2534.06;2057.28;1886.75
867;Gurzelen;798.0;247;22;19;;980.01;617.69;567.22;452.51;603.47;883.47;652.08;550.25;574.01;585.09
327;Gutenburg;0.0;244;2;15;;2101.45;374.33;791.03;614.69;479.49;0.00;0.00;0.00;0.00;0.00
782;Guttannen;321.0;250;18;7;;10101.41;7742.60;5081.61;5397.47;7147.85;6255.58;7234.55;6583.76;6696.50;7531.93
578;Gündlischwand;284.0;250;11;17;;3571.83;2631.59;1537.19;1673.97;1630.71;1223.90;1138.60;296.39;201.50;308.42
579;Habkern;640.0;250;11;21;;2268.83;2216.72;2175.10;2321.24;2993.06;3028.09;4799.06;4758.70;3482.99;3710.28
736;Hagneck;415.0;243;16;15;;3356.88;2157.17;1461.04;1162.08;942.87;851.59;644.43;406.55;293.63;361.79
406;Hasle b.B.;3170.0;245;6;16;;2966.10;2819.67;2841.80;2618.92;2264.79;1746.75;2409.45;2384.59;2631.83;2687.67
783;Hasliberg;1229.0;250;18;6;;5124.49;5205.29;5815.39;5790.35;6506.15;6208.89;6013.36;5550.83;4428.57;4438.41
927;Heiligenschwendi;675.0;247;24;7;;1024.66;404.78;567.30;846.06;478.37;584.70;2055.03;3712.16;3562.86;3421.49
928;Heimberg;6365.0;247;24;12;942;1991.47;1654.82;1514.46;1094.90;897.49;737.20;336.22;478.24;427.59;452.89
977;Heimenhausen;1016.0;244;26;15;;1096.43;440.25;476.54;503.44;332.98;311.83;569.56;250.29;246.40;375.78
407;Heimiswil;1636.0;245;6;21;;1524.81;1095.66;1112.02;1317.11;1263.25;1389.25;1263.08;1273.50;1296.61;1292.80
408;Hellsau;192.0;245;6;19;;1785.09;1513.90;1879.53;1468.19;1619.89;1616.03;1130.11;1108.30;863.01;1143.69
610;Herbligen;551.0;246;12;16;;2725.93;2138.10;1943.77;2681.33;1485.08;1649.67;1387.09;500.13;437.54;726.95
978;Hermiswil;96.0;244;26;20;;2271.31;650.23;799.39;680.72;846.89;518.83;526.34;600.00;769.05;1256.04
737;Hermrigen;262.0;243;16;16;;1599.07;2276.56;3551.41;3311.05;3325.37;2235.79;1080.15;185.66;287.61;164.21
979;Herzogenbuchsee;6795.0;244;26;4;;3137.22;2949.25;2980.01;3005.24;1694.83;1954.75;1283.13;637.27;842.60;842.86
929;Hilterfingen;3998.0;247;24;13;942;5275.64;4962.46;4451.39;4369.40;3044.01;3171.27;3044.84;2348.66;2207.78;1573.10
409;Hindelbank;2094.0;245;6;17;;694.28;624.49;1328.02;1035.24;938.62;939.72;814.64;707.16;531.27;723.47
580;Hofstetten b.B.;567.0;250;11;17;;3745.79;3751.84;2993.61;2645.20;2598.76;2706.36;2630.17;2312.23;2364.13;2105.57
931;Homberg;502.0;247;24;21;;4279.62;4275.61;4108.33;4051.87;3137.49;2920.90;2666.36;2291.30;2099.37;2124.52
932;Horrenbach-Buchen;259.0;247;24;21;;3030.28;2095.98;1869.26;2498.78;1334.76;1542.76;2054.92;1513.71;1186.24;1729.25
954;Huttwil;4726.0;244;25;18;;4464.38;4272.41;4118.73;3495.45;3196.25;2332.81;2250.00;2129.92;2013.06;1683.08
609;Häutligen;239.0;246;12;21;;9363.97;8388.32;7684.81;7338.27;7266.80;7225.67;7104.40;6956.73;6737.99;6477.65
410;Höchstetten;258.0;245;6;19;;2895.89;2812.77;2481.24;2223.36;1666.45;1768.10;2012.97;1826.15;1918.03;813.92
930;Höfen;441.0;247;24;16;;8721.19;8715.02;8970.82;8583.38;7604.93;6983.37;6685.08;6026.14;4755.85;3396.21
541;Iffwil;409.0;246;9;20;;255.16;224.19;287.02;197.53;487.50;566.17;489.90;430.37;608.70;549.88
980;Inkwil;638.0;244;26;15;;243.37;812.30;913.92;790.58;123.89;113.85;246.54;129.41;117.58;177.12
784;Innertkirchen;886.0;250;18;19;;4745.97;4590.01;3308.93;3349.26;3612.43;3516.52;4166.97;4269.96;4588.78;4852.85
496;Ins;3260.0;243;8;20;;4277.60;4273.64;4028.46;3726.88;2832.01;3807.85;4316.19;4257.88;3975.75;4042.03
581;Interlaken;5481.0;250;11;6;;6686.33;6495.37;6476.11;6624.37;6873.87;6707.37;7000.01;7216.18;7929.84;7632.70
739;Ipsach;3913.0;242;16;13;371;4051.62;3685.64;4481.33;3841.27;4002.92;4013.12;3641.96;3695.56;3161.69;3142.37
582;Iseltwald;432.0;250;11;20;;2841.96;2695.46;2722.39;2445.91;2315.70;2076.65;2115.23;1924.74;1760.52;2117.28
362;Ittigen;11006.0;246;3;9;351;3509.96;3934.79;4286.22;4629.63;4083.02;5257.83;4025.89;5176.46;6130.05;5058.68
868;Jaberg;258.0;246;22;15;;4657.24;5208.09;8271.01;7425.92;6719.19;7266.98;7126.66;7111.44;7171.06;6779.94
540;Jegenstorf;4680.0;246;9;10;351;3113.70;3005.37;2988.02;3199.21;2507.77;2674.80;2386.53;1952.55;2134.11;2665.38
738;Jens;681.0;243;16;15;;5934.70;5447.17;5113.34;4903.27;4351.09;4316.47;3683.73;3654.67;3948.40;5335.18
304;Kallnach;1563.0;243;1;19;;2037.40;2049.69;1422.59;802.05;775.47;813.76;580.99;707.59;690.76;1348.26
564;Kandergrund;810.0;249;10;8;;1750.43;1555.15;534.10;544.96;773.28;1403.95;2984.73;1942.82;1974.00;3097.81
565;Kandersteg;1261.0;249;10;6;;6151.78;4283.52;3783.97;3757.27;3047.14;2352.22;1789.06;1739.90;1744.84;2047.19
305;Kappelen;1278.0;243;1;19;;2306.01;2686.68;1760.97;1859.28;1660.06;1663.03;1802.30;1563.18;1581.47;2236.47
869;Kaufdorf;1034.0;246;22;11;351;6905.38;5632.71;4863.50;3178.30;1893.90;1863.10;1676.01;1649.64;1638.94;2079.62
870;Kehrsatz;3964.0;246;22;10;351;3247.25;2229.58;2474.32;2346.78;1782.90;1669.77;1350.90;1443.64;1341.42;1397.04
411;Kernenried;449.0;245;6;15;;721.40;771.53;666.08;388.54;336.56;305.39;442.61;470.38;578.46;546.58
871;Kienersrüti;52.0;247;22;21;;1002.77;753.92;1100.94;1007.84;1228.30;1262.40;1498.07;1660.93;2841.97;2171.69
611;Kiesen;857.0;246;12;15;;2772.57;2676.82;2173.36;2220.52;2207.08;2304.80;1940.43;1974.60;1612.63;1554.51
412;Kirchberg;5613.0;245;6;12;404;3082.45;2561.77;2944.18;3194.17;2957.51;2828.17;2657.17;2555.20;1989.46;1503.29
872;Kirchdorf;814.0;246;22;20;;2804.23;2676.86;2813.57;2640.53;2190.76;2877.56;2874.87;2780.81;2254.12;2081.83
873;Kirchenthurnen;271.0;246;22;15;;353.37;498.40;462.82;457.62;345.03;398.77;473.98;412.13;437.70;468.41
354;Kirchlindach;2815.0;246;3;11;351;2262.67;2248.03;2623.01;1779.18;1554.38;1633.38;1042.02;1091.86;1154.53;1797.45
328;Kleindietwil;0.0;244;2;19;;4200.01;4153.69;3459.19;2305.91;520.28;620.62;494.11;539.13;486.76;0.00
612;Konolfingen;4739.0;246;12;9;351;1219.37;2301.87;2098.80;2631.33;3127.94;3084.13;2128.38;1683.96;1501.14;1168.72
413;Koppigen;2070.0;245;6;17;;3633.41;3176.23;2756.00;2763.15;2146.31;1565.32;1968.35;1854.87;2282.07;1936.07
566;Krattigen;989.0;249;10;17;;2865.98;2724.81;2854.42;3397.19;3437.18;3047.37;3275.75;2163.05;1964.51;2130.42
414;Krauchthal;2318.0;245;6;15;;1817.04;2104.53;1676.54;1226.68;754.06;712.11;1434.77;961.88;1774.13;3537.70
666;Kriechenwil;410.0;246;14;20;;2118.49;1920.74;1704.18;1428.04;1393.40;814.64;549.97;345.88;367.31;317.44
355;Köniz;38633.0;246;3;9;351;5334.55;5443.98;5590.87;5484.52;5645.86;5344.50;5074.12;5353.98;5433.87;5251.44
435;La Ferrière;545.0;241;7;19;;2002.72;1857.64;2164.45;2260.02;1596.02;1322.42;1220.27;1271.17;1482.02;1297.43
436;La Heutte;486.0;241;7;15;;4066.72;3549.62;4280.46;3426.11;3865.30;3455.05;3845.24;3755.51;6105.67;5976.98
723;La Neuveville;3559.0;241;13;17;;5038.75;4876.65;5261.80;4772.13;4976.94;4897.43;4526.80;4381.60;4234.94;4451.56
722;Lamboing;682.0;241;13;16;;8897.45;8530.51;8614.73;8349.48;8299.38;8480.46;7456.18;7086.90;7135.84;6944.69
613;Landiswil;628.0;246;12;21;;987.00;691.24;504.84;496.02;635.58;540.63;370.69;836.29;591.39;583.35
329;Langenthal;15017.0;244;2;3;;7468.72;7183.10;6783.43;6490.82;4335.51;3444.23;3173.69;3282.03;2646.45;2008.80
902;Langnau i.E.;9018.0;245;23;3;;5606.72;2953.22;2821.32;2843.61;2908.37;3109.69;2424.72;2407.76;2532.17;2162.05
842;Lauenen;810.0;248;20;21;;5445.81;5444.70;5704.03;5553.32;5225.96;5357.13;5380.58;5069.01;4876.00;4352.07
667;Laupen;2830.0;246;14;10;351;6559.13;6910.16;6563.47;5349.88;4880.60;4850.26;4647.59;4489.56;3556.04;3536.87
903;Lauperswil;2680.0;245;23;19;;1372.44;713.54;712.14;736.03;820.62;711.56;489.58;673.96;1435.63;2685.14
584;Lauterbrunnen;2741.0;250;11;6;;3926.48;3730.56;3184.04;2590.16;3335.45;3164.58;3022.36;2979.60;4419.50;4929.60
330;Leimiswil;0.0;244;2;19;;3988.39;3814.92;3496.35;3314.15;2870.10;2659.98;1520.77;1525.17;1165.22;0.00
585;Leissigen;932.0;250;11;17;;4998.14;5639.39;5474.88;6280.78;6100.30;5966.83;5262.28;4581.44;4988.16;4836.00
387;Lengnau;4627.0;242;5;14;;4196.94;3394.39;3169.42;2707.21;1509.06;572.19;500.53;673.58;465.98;369.86
792;Lenk;2419.0;248;19;6;;8778.33;7886.54;8140.44;7433.12;6906.85;5958.45;5113.72;5579.14;4502.83;5518.38
388;Leuzigen;1200.0;243;5;16;;4524.37;4146.56;3628.16;3293.40;3109.55;3032.28;3127.12;2887.09;2405.97;2452.29
740;Ligerz;521.0;242;16;20;;5174.46;5614.42;5270.01;4994.58;4962.09;4455.50;4285.51;4151.39;4004.29;4025.15
542;Limpach;359.0;246;9;20;;2811.81;2215.42;2132.25;1670.07;1078.49;1050.13;1051.80;462.45;284.83;303.20
614;Linden;1321.0;246;12;19;;1765.90;997.20;1252.02;1539.35;1530.58;1738.39;1608.62;2039.09;1851.82;1871.19
874;Lohnstorf;224.0;246;22;21;;1098.75;1027.66;1057.37;467.13;523.94;395.82;338.19;432.82;990.33;1368.11
331;Lotzwil;2462.0;244;2;15;;868.56;876.27;1015.00;1658.82;619.54;465.18;677.52;1089.29;1143.03;1166.03
696;Loveresse;317.0;241;15;19;;1285.30;2503.41;1384.95;1441.00;775.57;798.03;1570.06;2217.92;2341.43;2065.65
306;Lyss;13776.0;243;1;3;;4451.44;4846.18;5924.77;5873.79;5375.78;5175.24;4923.25;5034.73;5049.21;4459.02
415;Lyssach;1427.0;245;6;12;404;1289.26;1260.83;1328.40;1209.48;1138.36;1128.94;1146.04;970.29;846.48;1176.42
933;Längenbühl;0.0;247;24;20;;2053.29;2171.67;2070.21;2151.84;3080.93;0.00;0.00;0.00;0.00;0.00
497;Lüscherz;537.0;243;8;20;;482.00;739.81;520.22;542.29;601.55;767.25;658.37;511.19;450.17;411.99
586;Lütschental;240.0;250;11;20;;2414.46;2278.71;2041.77;5051.97;8227.41;9197.05;7824.34;7061.06;3326.14;3173.98
955;Lützelflüh;4075.0;245;25;19;;2117.33;1977.90;1922.96;1960.33;1583.43;1608.86;1464.05;1159.40;1109.65;927.10
332;Madiswil;3140.0;244;2;20;;1872.09;1776.03;1824.99;1724.31;1160.96;1170.95;521.84;785.41;612.54;746.32
697;Malleray;1970.0;241;15;18;;5596.37;6145.35;6190.76;6185.10;5978.35;5335.66;4392.41;4585.19;4573.32;4151.56
587;Matten b.I.;3780.0;250;11;13;;3977.59;4318.03;4006.32;3631.75;3312.78;3038.98;3514.88;4093.40;5566.31;4739.55
543;Mattstetten;588.0;246;9;11;351;708.63;513.84;527.97;674.28;478.47;426.52;382.41;350.01;405.56;313.05
389;Meienried;53.0;243;5;20;;164.29;478.41;249.62;793.26;270.80;708.20;306.80;857.00;289.97;403.24
307;Meikirch;2344.0;246;1;11;351;2050.05;1653.68;1269.37;1231.14;559.98;578.46;616.11;584.19;634.77;467.66
390;Meinisberg;1292.0;242;5;15;;2761.99;2549.24;2176.36;1697.97;1651.38;1673.74;1586.99;1052.40;1007.86;1141.26
785;Meiringen;4581.0;250;18;7;;4880.43;4620.25;4391.24;4791.90;5097.12;5203.04;4843.17;4799.30;4395.81;4870.90
333;Melchnau;1567.0;244;2;19;;3508.91;3698.64;3655.20;2975.68;2948.05;2633.27;2461.99;2381.37;1779.90;1756.91
741;Merzligen;411.0;243;16;15;;3205.63;1838.15;1544.82;1503.34;1144.31;837.40;469.74;607.88;477.47;729.23
615;Mirchel;578.0;246;12;16;;5162.76;3693.20;3292.84;3526.30;4733.77;4453.07;5199.73;5361.46;5191.97;5265.70
699;Monible;38.0;241;15;21;;841.31;1147.71;674.01;1438.23;1037.80;1591.29;4727.42;775.95;1176.87;781.51
437;Mont-Tramelan;120.0;241;7;21;;1057.73;1036.97;52.55;48.45;67.44;117.24;73.57;93.67;328.70;322.39
544;Moosseedorf;3620.0;246;9;9;351;4333.70;3735.05;3196.85;3087.45;2512.97;1889.60;1875.91;1872.70;1740.42;1555.71
700;Moutier;7479.0;241;15;3;;5979.56;6135.11;6405.98;6159.62;6479.53;6229.31;5593.22;6006.68;6074.42;6581.39
356;Muri b.B.;12369.0;246;3;5;351;6365.27;5645.04;6274.53;5246.77;5168.78;5222.61;5156.76;4877.90;5293.85;5092.95
742;Mörigen;878.0;242;16;5;371;4959.56;4197.37;3001.43;3391.93;4001.27;3104.88;3009.45;3141.22;1285.94;1554.45
416;Mötschwil;142.0;245;6;22;;1230.13;1121.08;1250.17;1212.16;1225.77;1528.82;1231.26;1095.83;584.67;623.58
668;Mühleberg;2668.0;246;14;20;;3067.96;3004.50;3968.71;3574.95;3572.34;1717.30;1244.75;1636.36;1161.10;814.86
875;Mühledorf;248.0;246;22;20;;488.44;377.74;437.16;434.59;291.93;236.00;1001.09;1589.73;1551.04;1670.19
876;Mühlethurnen;1377.0;246;22;15;;3074.97;2827.20;3054.44;3032.80;2736.97;2856.43;2672.55;2280.77;2594.87;2474.36
545;Mülchi;234.0;246;9;16;;2598.99;2266.68;1893.40;2007.36;1978.76;1991.60;2121.83;2444.85;752.89;841.54
546;Münchenbuchsee;9703.0;246;9;9;351;3499.57;3237.41;3079.63;2963.93;3323.04;3407.86;3491.88;3162.88;2942.97;2622.37
669;Münchenwiler;468.0;246;14;15;;1516.96;1454.45;1490.18;2759.71;1035.09;1070.49;420.02;343.44;324.30;272.24
547;Münchringen;593.0;246;9;15;;1187.23;773.39;656.40;546.96;548.35;676.00;848.03;959.47;863.42;701.67
616;Münsingen;10841.0;246;12;9;351;3013.11;2383.88;1921.76;2142.24;2376.27;2331.08;2328.28;2515.83;3792.34;3476.51
498;Müntschemier;1330.0;243;8;20;;6344.00;5921.53;5566.55;5054.54;4569.48;3519.95;3010.84;3012.54;1974.07;2047.67
670;Neuenegg;4913.0;246;14;11;351;4241.63;2767.40;2306.99;2291.75;2258.64;2126.73;2050.28;1913.96;1875.23;1922.63
743;Nidau;6816.0;242;16;12;371;4178.30;4714.00;4283.39;4443.38;4510.22;3922.54;3327.95;3388.49;3554.21;3690.24
981;Niederbipp;4211.0;244;26;17;;3276.86;2735.87;2992.59;3237.96;2244.53;2183.54;1365.55;1098.82;1157.72;1836.57
617;Niederhünigen;641.0;246;12;15;;2201.40;1903.48;1819.42;1799.35;1761.94;1754.70;1323.40;1230.40;1237.50;1663.86
877;Niedermuhlern;505.0;246;22;21;;1789.12;1419.98;1237.36;1254.49;1012.68;831.39;902.32;997.93;1099.73;1339.67
588;Niederried b.I.;338.0;250;11;15;;1604.01;1417.06;706.96;507.09;421.37;901.48;1089.98;2310.03;2354.97;3093.24
308;Niederried b.K.;297.0;243;1;15;;956.01;906.16;716.49;747.31;1091.22;914.93;814.94;805.07;649.61;901.11
764;Niederstocken;257.0;247;17;15;;1425.27;1578.83;1700.86;1715.84;1109.77;1100.11;1010.78;1516.80;558.33;660.08
618;Niederwichtrach;0.0;246;12;11;;923.51;1617.83;0.00;0.00;0.00;0.00;0.00;0.00;0.00;0.00
982;Niederönz;1554.0;244;26;15;;369.58;239.40;290.96;1698.74;1688.13;322.82;313.89;1908.94;1949.11;2180.04
417;Niederösch;240.0;245;6;21;;4744.42;4817.64;4087.99;3547.57;2948.57;3246.37;3213.08;3059.47;2310.67;2529.61
724;Nods;742.0;241;13;20;;5058.38;4803.58;4484.97;4663.26;4100.75;3796.57;2434.09;2905.89;2459.58;4033.82
878;Noflen;260.0;246;22;21;;2057.16;2498.62;2087.39;2085.28;2271.03;1965.36;1474.59;1641.93;2710.35;1798.62
357;Oberbalm;869.0;246;3;21;;2034.33;1377.41;856.64;1237.57;2481.43;2308.58;3056.77;3170.29;2777.18;1952.45
983;Oberbipp;1568.0;244;26;15;;898.24;1412.20;1177.82;1357.68;645.26;646.25;648.13;655.18;631.67;522.90
418;Oberburg;2875.0;245;6;13;404;3592.92;3640.42;3421.80;3267.08;3026.72;2776.88;2926.93;2804.08;2774.08;3092.20
619;Oberdiessbach;3102.0;246;12;17;;2507.16;1805.92;1736.38;1713.05;1769.95;1365.95;1381.28;1387.64;1260.73;1126.17
934;Oberhofen;2354.0;247;24;14;942;5362.33;7380.39;5321.26;5323.84;5112.34;4862.76;4932.99;4856.11;5526.42;5116.25
629;Oberhünigen;326.0;246;12;21;;5663.64;5777.01;5974.38;6076.94;5845.25;6027.12;5807.12;5563.93;5556.15;5689.79
935;Oberlangenegg;486.0;247;24;21;;2665.17;2326.61;1593.34;1538.79;1174.00;831.74;860.66;855.36;1375.17;1621.62
589;Oberried a.Br.-S.;479.0;250;11;17;;2741.12;2140.98;1924.22;1700.57;1804.84;1694.52;1284.80;1537.01;1570.02;1313.89
334;Obersteckholz;423.0;244;2;16;;1123.59;1831.33;1841.68;1998.31;1902.33;1898.16;946.90;1067.13;1019.51;621.83
765;Oberstocken;282.0;247;17;15;;1996.69;2070.22;2302.29;2312.69;2096.61;2343.04;2278.75;822.74;777.22;802.56
620;Oberthal;781.0;246;12;21;;961.55;1014.54;844.91;1166.20;1201.62;1108.75;1189.51;1048.34;1450.84;1406.33
621;Oberwichtrach;0.0;246;12;10;;2126.03;2130.57;0.00;0.00;0.00;0.00;0.00;0.00;0.00;0.00
391;Oberwil b.B.;809.0;243;5;16;;2857.18;3051.79;2873.85;2834.62;2733.60;2859.86;2531.66;2667.90;1966.88;1398.99
766;Oberwil i.S.;795.0;249;17;21;;1090.23;1151.32;1173.94;999.22;1067.85;943.01;999.45;1193.76;970.46;1234.28
984;Oberönz;0.0;244;26;15;;516.53;441.72;139.58;306.24;367.61;277.13;0.00;0.00;0.00;0.00
419;Oberösch;112.0;245;6;21;;930.07;555.27;451.84;632.17;394.43;605.81;866.30;878.91;791.07;999.57
985;Ochlenberg;586.0;244;26;21;;356.09;405.22;382.83;442.55;272.04;154.56;227.03;219.37;527.51;223.76
335;Oeschenbach;237.0;244;2;21;;2632.34;2310.60;2036.97;2097.94;1890.31;1654.19;1048.49;1318.73;1010.71;824.64
622;Oppligen;669.0;246;12;15;;2619.25;524.22;435.34;524.38;604.80;593.90;375.26;643.31;274.11;399.37
744;Orpund;2637.0;242;16;13;371;5611.20;5130.97;5296.68;5489.36;4673.93;4489.50;4606.24;4415.04;3936.48;3736.12
438;Orvin;1196.0;241;7;17;;3445.35;3835.74;3778.40;3479.92;2856.12;2843.99;2287.73;1855.77;2301.16;2468.94
363;Ostermundigen;15436.0;246;3;10;351;6582.90;5038.35;4528.46;5126.34;5440.98;6027.30;5915.29;5205.05;5024.02;5265.06
701;Perrefitte;471.0;241;15;15;;3013.74;4111.44;3570.43;3360.42;3629.32;3812.92;2862.30;2854.42;2242.02;2306.06
392;Pieterlen;3633.0;242;5;13;371;3350.53;3428.60;3266.44;3676.21;3973.48;3607.27;3390.95;3291.97;3149.46;2742.23
440;Plagne;364.0;241;7;14;371;2473.55;2300.15;2649.73;2088.75;1806.86;1737.35;1450.69;1358.43;1229.20;1264.21
936;Pohlern;278.0;247;24;15;;1626.83;1498.11;1385.91;1365.92;1484.84;1290.82;1814.00;1877.02;1459.04;685.11
702;Pontenet;216.0;241;15;15;;1716.06;1665.94;3163.45;2662.52;2591.68;2697.79;2642.90;2232.14;3273.64;2315.82
745;Port;3302.0;242;16;14;371;3997.22;3426.22;3728.39;3357.08;2896.97;2475.49;2110.21;2388.75;2304.07;2255.40
725;Prêles;908.0;241;13;17;;2861.37;3248.21;3413.33;3362.68;3369.31;3565.95;3213.68;3198.31;1947.55;1476.14
439;Péry;1359.0;241;7;15;;4794.58;4820.62;4923.28;4382.54;4817.21;4385.42;4104.32;4193.96;4156.58;4489.39
309;Radelfingen;1176.0;243;1;16;;2676.50;2725.46;2776.19;2938.42;2618.43;2696.71;3404.82;4339.74;5521.88;5645.93
310;Rapperswil;2129.0;243;1;20;;3360.77;3032.46;2983.17;2363.83;2445.50;2196.90;2137.19;2000.04;2114.85;3816.94
715;Rebévelier;47.0;241;15;22;;463.81;484.06;545.72;484.31;504.48;302.70;518.86;268.84;401.73;324.64
703;Reconvilier;2213.0;241;15;18;;4317.95;5187.79;4725.10;4666.34;4247.92;4118.01;3623.25;4357.99;3999.60;3918.28
567;Reichenbach i.K.;3452.0;249;10;19;;2122.05;2541.49;2001.90;2249.06;2779.50;2862.21;2326.52;2136.31;2403.11;2216.68
336;Reisiswil;191.0;244;2;21;;2404.28;2547.06;1815.62;3048.72;2788.61;1886.25;1181.12;1254.17;1115.08;1176.42
441;Renan;838.0;241;7;20;;6105.19;7793.66;9267.37;9596.66;8458.00;8711.49;9277.59;10065.59;9824.60;9813.84
767;Reutigen;963.0;247;17;20;;2625.99;2662.14;2677.34;1637.21;1534.98;493.35;346.21;717.52;306.06;283.61
879;Riggisberg;2406.0;246;22;8;;4127.77;3897.71;3703.61;2652.34;2676.31;2515.07;2775.57;3554.15;3379.26;3787.72
590;Ringgenberg;2523.0;250;11;14;;4272.06;3698.23;3217.40;2781.73;2196.05;1698.28;1599.98;1487.21;1347.78;1420.04
704;Roches;228.0;241;15;22;;6807.40;6777.61;7677.42;7059.28;7564.25;7634.02;7467.51;7362.31;7750.81;7440.81
337;Roggwil;3865.0;244;2;17;;1683.37;1731.80;1492.24;1175.43;1117.78;1272.08;1070.95;1082.63;1130.04;1329.16
338;Rohrbach;1431.0;244;2;16;;5620.22;4772.03;4680.10;3868.76;3079.73;2387.42;1375.45;1190.22;1030.55;1037.78
339;Rohrbachgraben;423.0;244;2;21;;3190.84;3219.00;2888.15;2957.24;1707.89;1653.91;1608.99;1738.22;1700.67;1650.83
442;Romont;205.0;241;7;16;;3095.50;2641.10;2211.47;2036.19;1749.94;1495.52;1285.89;1313.71;3005.10;3930.45
623;Rubigen;2865.0;246;12;11;351;5665.94;5530.94;5377.18;3439.40;2592.35;2197.65;2203.84;1708.58;1239.43;1007.20
421;Rumendingen;77.0;245;6;8;;4554.44;5070.27;5621.83;6276.92;5781.13;6093.83;5788.27;6424.99;6204.35;6579.74
987;Rumisberg;476.0;244;26;15;;3608.90;3629.02;3483.59;3229.96;3086.73;2894.96;2938.79;3958.36;3857.19;3827.17
548;Ruppoldsried;259.0;243;9;16;;2363.59;2383.75;1988.23;2173.57;2196.57;1842.52;1812.99;1922.29;1975.61;1877.21
986;Röthenbach b.H.;0.0;244;26;19;;1075.00;371.91;396.11;529.72;476.86;238.47;402.34;0.00;0.00;0.00
904;Röthenbach i.E.;1272.0;245;23;21;;3371.35;2472.42;2103.60;2371.08;2615.78;2287.63;2153.76;2319.50;2548.47;2689.59
905;Rüderswil;2405.0;245;23;19;;1937.29;1259.77;2680.85;5283.42;5580.27;1071.07;1013.99;974.72;792.09;583.92
420;Rüdtligen-Alchenflüh;2179.0;245;6;13;404;1873.91;2061.65;899.59;708.08;811.57;828.68;559.11;890.88;667.79;699.65
880;Rüeggisberg;1855.0;246;22;21;;4153.72;4049.87;3982.17;4175.02;3622.65;3145.85;3217.15;3853.25;3740.32;3683.65
956;Rüegsau;3062.0;245;25;20;;2774.87;2703.00;2425.51;2020.47;2229.76;1725.78;1377.93;1738.14;1759.21;1694.09
881;Rümligen;450.0;246;22;20;;3127.21;2736.64;2581.79;2192.83;1987.71;1476.15;403.51;268.35;194.07;235.79
853;Rüschegg;1689.0;246;21;20;;3562.80;3504.31;3172.24;3254.99;5204.58;4544.53;4438.89;3818.38;3111.69;3122.89
393;Rüti b.B.;835.0;243;5;16;;3382.65;2681.41;2545.74;2632.04;3224.43;3693.68;3366.85;3351.90;3418.36;2589.47
422;Rüti b.L.;162.0;245;6;15;;386.96;380.76;258.57;231.63;185.01;483.96;506.08;461.89;453.86;221.80
882;Rüti b.R.;0.0;246;22;21;;2906.81;3422.84;2696.52;3245.40;2670.28;2436.48;2812.23;0.00;0.00;0.00
340;Rütschelen;564.0;244;2;19;;6292.23;6393.65;6534.12;6404.62;6256.74;6490.04;6348.58;6179.77;5892.35;5940.40
843;Saanen;7240.0;248;20;6;;7162.74;7059.53;5812.72;6418.06;6499.88;6409.72;6495.83;6373.30;5431.90;5358.89
746;Safnern;1881.0;242;16;14;371;3444.92;2919.19;1704.20;1764.41;1458.65;1197.48;1355.14;2111.81;1643.04;1315.69
706;Saicourt;600.0;241;15;20;;1605.22;1341.23;1307.68;1994.50;1848.59;1575.23;1690.91;1821.17;2246.40;2297.85
443;Saint-Imier;4802.0;241;7;4;;3810.98;3476.09;3779.91;3662.41;3556.86;3276.25;3619.26;3809.84;4281.95;4847.04
707;Saules;153.0;241;15;19;;1687.99;2197.49;1980.65;1600.98;1328.37;1309.46;1144.68;989.35;896.83;788.60
591;Saxeten;101.0;250;11;19;;1255.61;3095.39;3118.59;3045.45;4243.98;3766.41;4345.20;6771.76;6097.45;4583.44
549;Schalunen;366.0;246;9;11;351;1064.67;893.05;483.57;388.64;451.67;482.04;582.24;896.54;851.11;2181.86
906;Schangnau;925.0;245;23;21;;5708.84;5598.28;5905.17;6618.28;6910.88;6486.10;6991.16;6795.01;6784.67;6768.15
786;Schattenhalb;600.0;250;18;8;;3600.80;5180.18;5696.32;5245.38;5373.33;5163.58;4386.32;4497.54;3535.21;3686.43
708;Schelten;40.0;241;15;21;;8429.77;8040.95;4787.40;4300.17;3891.82;4571.14;4380.50;3774.68;3574.01;3049.26
550;Scheunen;84.0;246;9;21;;32.32;70.74;166.13;173.24;118.60;96.47;187.45;187.93;126.15;576.21
747;Scheuren;440.0;242;16;14;371;412.09;438.69;395.16;572.84;581.75;480.51;1112.63;1264.18;989.98;1061.73
624;Schlosswil;657.0;246;12;15;;3204.28;3004.99;3145.62;3080.26;3262.39;2557.23;2187.29;2274.08;2343.29;2036.22
748;Schwadernau;651.0;242;16;14;371;5266.26;1966.82;2223.16;1406.50;1533.52;1905.00;1319.45;2595.16;2423.61;2349.21
592;Schwanden b.B.;603.0;250;11;15;;1185.41;1155.44;917.51;872.59;768.78;616.98;869.61;813.48;989.41;754.58
855;Schwarzenburg;6711.0;246;21;4;;0.00;0.00;0.00;0.00;0.00;0.00;0.00;0.00;0.00;1504.70
341;Schwarzhäusern;485.0;244;2;15;;317.51;261.80;266.67;280.99;335.90;255.91;219.76;378.88;237.26;255.37
937;Schwendibach;254.0;247;24;15;;1422.45;1449.30;1545.49;1064.65;711.37;606.21;570.69;564.62;339.60;411.87
311;Schüpfen;3530.0;243;1;11;351;3656.39;3196.87;2769.30;2569.14;2555.12;2008.01;1530.96;1289.63;1291.84;1010.48
988;Seeberg;1389.0;244;26;20;;2321.34;2295.36;2325.93;2328.74;2274.98;2410.22;2481.67;2450.62;2554.77;2576.25
312;Seedorf;2987.0;243;1;20;;2686.24;2860.78;2972.56;2840.41;2545.17;2620.31;2353.37;2131.20;2317.43;2579.94
709;Seehof;71.0;241;15;21;;763.33;256.38;468.84;316.92;788.03;316.77;527.86;273.63;467.59;340.01
883;Seftigen;2110.0;247;22;14;942;3067.13;3410.00;3369.87;3335.84;3028.01;2690.16;2372.63;1953.59;1512.93;1164.32
907;Signau;2749.0;245;23;19;;3202.87;3152.25;3320.49;3096.38;3010.27;2520.36;2389.03;2429.84;2403.46;2381.71
938;Sigriswil;4633.0;247;24;7;;4742.80;4301.58;4358.27;4193.60;4399.03;4221.36;3810.01;3563.56;3452.77;3180.72
499;Siselen;580.0;243;8;20;;1420.88;1498.93;648.10;575.21;571.41;342.55;572.23;574.62;960.54;1869.98
444;Sonceboz;1804.0;241;7;18;;3123.33;2882.74;3201.46;3041.84;3317.02;3180.65;2617.91;1843.38;3310.93;3064.26
445;Sonvilier;1192.0;241;7;19;;5789.54;5753.50;5652.06;5788.70;5791.19;5336.29;5042.14;4663.44;4591.78;4553.60
710;Sornetan;131.0;241;15;21;;3414.06;3277.91;2988.09;6276.74;5126.68;4287.39;3868.18;3708.02;3115.42;2737.19
711;Sorvilier;268.0;241;15;19;;8669.20;8269.13;8186.89;8953.04;6594.59;6508.75;6367.34;6477.16;5043.61;4941.73
712;Souboz;134.0;241;15;21;;2001.78;1996.67;7106.91;6293.51;5309.39;5435.48;3992.74;4443.28;3786.02;3754.27
768;Spiez;12477.0;249;17;12;942;4395.05;4204.90;4059.88;4273.54;4301.93;3980.39;3633.07;3532.06;2488.39;2367.13
793;St. Stephan;1379.0;248;19;20;;1404.84;1234.26;693.09;674.70;661.61;840.74;750.48;730.62;796.80;1147.59
939;Steffisburg;15423.0;247;24;13;942;4083.40;3758.65;3494.20;3377.33;3303.18;3080.43;2823.95;2868.60;2632.42;2370.98
358;Stettlen;2891.0;246;3;10;351;2650.36;2322.30;2027.08;1683.03;2310.20;2986.77;2984.69;3423.26;3256.26;3835.88
749;Studen;2837.0;243;16;13;371;5222.89;5346.66;4821.97;4397.75;4454.67;4687.83;5181.47;4945.21;5725.10;5196.97
957;Sumiswald;5039.0;245;25;19;;3092.49;2824.02;2823.51;2528.82;2523.73;2250.83;1841.19;1956.17;1988.80;1953.51
750;Sutz-Lattrigen;1352.0;242;16;14;371;2661.13;2666.98;2520.01;2500.46;2031.80;1744.22;1477.85;1418.06;1227.39;1287.36
713;Tavannes;3542.0;241;15;18;;6120.01;5825.68;5859.32;5922.37;5653.87;5448.68;5544.35;5103.28;5060.16;4560.45
940;Teuffenthal;168.0;247;24;21;;3234.06;2796.93;1968.11;1849.82;2171.08;2137.17;1418.25;1393.77;1251.56;1321.46
941;Thierachern;2302.0;247;24;14;942;3980.38;3674.84;3626.31;3948.01;3062.42;2961.79;3022.29;3206.81;2901.28;2061.48
942;Thun;42623.0;247;24;2;942;5753.18;5740.08;5838.61;5826.99;5964.16;6041.74;5607.99;5498.84;4727.32;4432.87
342;Thunstetten;3063.0;244;2;17;;3578.57;3667.58;3955.84;3688.61;2292.11;1852.71;1118.90;1084.47;1123.32;1173.61
989;Thörigen;1027.0;244;26;15;;1970.92;1762.68;1298.29;1420.98;1379.55;747.29;805.30;1099.87;820.91;219.78
884;Toffen;2457.0;246;22;11;351;1706.63;1820.69;1876.27;1551.11;2297.78;1358.67;1467.40;1428.97;1418.07;1318.27
958;Trachselwald;1024.0;245;25;21;;3000.72;2917.10;1844.73;1792.25;1749.49;1615.71;1559.02;1414.36;1406.89;1527.65
446;Tramelan;4248.0;241;7;18;;4385.29;4355.78;4200.96;3690.85;3297.98;3402.95;3411.24;3115.74;3400.13;3568.00
500;Treiten;441.0;243;8;21;;312.89;616.61;689.06;399.73;581.05;690.60;710.94;751.38;664.64;800.36
631;Trimstein;508.0;246;12;11;351;663.63;461.66;320.70;371.71;426.22;468.59;404.35;749.97;486.78;232.38
908;Trub;1377.0;245;23;21;;3569.11;3461.58;3058.62;3202.74;3153.04;2483.15;2487.95;2183.68;1660.87;1497.08
909;Trubschachen;1392.0;245;23;19;;4406.25;3823.63;4358.70;4458.03;4228.81;3743.12;4191.54;3363.41;3945.26;3852.70
501;Tschugg;449.0;243;8;8;;2595.61;2149.76;2093.39;1970.80;3139.82;3081.58;2428.88;1707.66;1773.71;1635.19
753;Twann;0.0;242;16;20;;3078.78;2697.44;2382.53;2317.26;2761.11;1694.24;1175.48;1580.13;0.00;0.00
756;Twann-Tüscherz;1138.0;242;16;20;;0.00;0.00;0.00;0.00;0.00;0.00;0.00;0.00;1107.79;1776.92
625;Tägertschi;418.0;246;12;21;;2045.46;2499.63;1406.94;683.21;1252.81;581.62;482.64;607.78;324.21;224.15
751;Täuffelen;2655.0;243;16;17;;2512.35;2483.49;1410.86;1657.40;1561.96;1163.15;329.40;469.83;393.11;399.37
752;Tüscherz-Alfermée;0.0;242;16;5;371;2845.99;3799.86;3208.89;2182.37;3862.16;4435.77;3510.36;5806.43;0.00;0.00
943;Uebeschi;692.0;247;24;15;;2001.85;1963.42;1926.75;2043.73;2044.49;2082.43;2073.46;2074.91;2101.48;1847.70
944;Uetendorf;5946.0;247;24;12;942;2683.85;2371.33;2720.77;2822.59;2770.91;2208.23;2230.87;2145.03;1723.10;1950.58
945;Unterlangenegg;903.0;247;24;21;;4184.02;3783.55;3664.33;3510.38;2472.99;2417.69;1972.56;1907.98;1990.05;1705.71
593;Unterseen;5487.0;250;11;12;;6685.16;6343.51;6021.39;5447.81;4867.65;4247.98;3671.37;3550.00;3243.56;3464.55
343;Untersteckholz;0.0;244;2;21;;4459.53;4933.17;4644.72;5213.13;1757.71;2034.52;1229.38;1495.83;0.00;0.00
344;Ursenbach;908.0;244;2;19;;1862.08;1856.04;1532.37;1402.76;1736.32;1800.36;958.33;776.62;711.76;548.35
551;Urtenen;5665.0;246;9;9;351;4883.49;4418.11;4177.73;3592.67;3591.48;3436.41;3207.75;3184.53;2883.01;2660.32
885;Uttigen;1809.0;247;22;14;942;1671.77;2259.43;1787.59;2059.83;3331.48;3073.61;3617.08;3519.60;3173.15;3024.32
552;Utzenstorf;4123.0;245;9;17;;3132.47;2817.57;2513.62;1709.91;1852.24;1574.42;1703.88;1695.26;1602.33;1971.84
447;Vauffelin;411.0;241;7;14;371;4486.06;5545.13;5022.83;3637.60;3715.58;2858.50;2547.09;2356.47;3748.57;2700.16
359;Vechigen;4653.0;246;3;11;351;2440.03;2196.32;2211.10;2216.91;2117.11;2229.66;2088.28;3212.44;2500.87;2382.61
448;Villeret;895.0;241;7;18;;6811.10;7621.71;5078.26;5830.54;6128.58;10390.13;9843.15;10071.44;9478.09;10512.10
502;Vinelz;821.0;243;8;15;;3424.63;3148.51;3209.31;2797.99;2595.00;2190.19;2034.21;1979.79;1827.44;1864.38
946;Wachseldorn;232.0;247;24;21;;4168.19;4507.56;3657.59;3905.74;4197.53;3576.14;3505.09;3213.14;3029.00;2770.36
854;Wahlern;0.0;246;21;4;;2651.20;2339.97;2413.68;2361.68;2253.01;2024.09;2018.72;1771.17;1719.18;0.00
888;Wald;1191.0;246;22;8;;0.00;0.00;1537.66;1701.56;1598.98;1740.54;1592.77;1616.90;1115.12;1285.64
626;Walkringen;1828.0;246;12;20;;5815.17;5847.09;5979.00;4563.51;4998.50;4618.42;4381.63;4167.20;5155.41;4947.66
990;Walliswil b.N.;204.0;244;26;16;;437.92;315.49;238.03;174.74;376.81;211.36;1176.09;184.41;292.07;125.54
991;Walliswil b.W.;567.0;244;26;15;;6200.95;5871.83;6069.82;5632.55;5721.59;3949.89;3171.33;3359.74;3009.11;3148.40
754;Walperswil;938.0;243;16;19;;3031.00;2825.45;2685.40;1722.13;959.91;368.34;696.52;600.01;693.71;1228.97
959;Walterswil;539.0;244;25;21;;1600.92;1755.48;1629.73;1546.32;1221.63;1458.97;1156.43;1877.66;1288.36;1053.48
992;Wangen a.A.;2088.0;244;26;17;;2184.30;2563.00;3058.55;2512.62;2468.95;2726.31;2079.35;1801.87;1697.18;1916.84
993;Wangenried;395.0;244;26;16;;3502.16;3219.15;3062.20;3114.97;3009.96;3161.83;2990.80;2716.22;2945.57;2835.56
994;Wanzwil;0.0;244;26;18;;403.59;315.61;441.12;467.92;168.82;248.50;328.91;0.00;0.00;0.00
886;Wattenwil;2692.0;247;22;17;;4592.26;4954.10;4985.96;3912.11;3810.68;3533.43;3625.58;3412.72;4059.21;3591.16
394;Wengi;612.0;243;5;20;;2160.47;1964.68;1700.73;1753.38;1511.00;1226.27;3992.84;725.98;759.02;807.30
632;Wichtrach;4018.0;246;12;10;351;0.00;0.00;1344.44;1446.38;1561.81;1263.16;1223.83;1313.78;861.05;925.80
995;Wiedlisbach;2191.0;244;26;8;;3594.71;2937.00;2771.63;2557.57;1971.73;2013.93;1924.33;2658.99;2710.75;2795.31
553;Wiggiswil;100.0;246;9;21;;212.61;157.05;57.07;155.65;598.41;756.75;1181.08;45.80;152.33;92.62
594;Wilderswil;2487.0;250;11;6;;4130.97;4070.15;3894.04;4030.98;3816.40;3421.84;3250.68;3149.53;3182.25;3017.33
554;Wiler b.U.;817.0;245;9;15;;602.94;565.16;671.69;609.60;440.02;410.25;273.34;265.26;365.92;652.12
671;Wileroltigen;390.0;246;14;21;;2168.17;1815.74;1645.73;1661.94;1772.63;1710.52;1548.92;1804.94;1657.12;1679.42
423;Willadingen;201.0;245;6;15;;338.05;371.92;440.93;439.34;499.57;502.74;694.76;570.84;634.65;619.38
769;Wimmis;2413.0;249;17;17;;3257.26;3955.03;3254.51;3239.45;2919.02;3272.10;4697.59;5046.94;3091.33;2356.10
360;Wohlen b.B.;8877.0;246;3;11;351;3789.65;3193.47;3071.10;3016.14;3212.25;3012.43;3014.96;2905.54;2753.80;2184.73
996;Wolfisberg;198.0;244;26;16;;1030.81;525.90;674.94;562.42;485.52;589.65;664.42;659.16;581.88;609.72
627;Worb;11236.0;246;12;10;351;3296.89;2493.61;2494.34;2016.74;2155.48;1880.09;2089.88;2530.67;2939.16;3384.09
755;Worben;2288.0;243;16;8;371;3041.93;2519.49;2276.18;2555.63;2713.67;3171.56;2705.98;2644.95;2711.16;2330.64
345;Wynau;1551.0;244;2;15;;5801.29;5770.62;4813.90;4636.92;4406.59;4200.88;3806.62;3920.08;5624.72;5339.36
424;Wynigen;2014.0;245;6;20;;3686.79;3671.74;4389.84;4783.82;3486.40;3833.99;2680.24;2480.97;2456.35;2146.35
960;Wyssachen;1161.0;244;25;19;;3382.65;2936.62;2630.42;2511.54;2200.37;2248.20;583.96;627.67;603.34;391.95
555;Zauggenried;316.0;246;9;20;;400.32;587.20;407.09;364.85;499.55;587.31;523.23;562.34;455.17;497.93
556;Zielebach;329.0;245;9;14;;3469.92;3343.68;2998.65;3000.75;2603.21;1992.04;1082.30;427.34;468.97;558.85
887;Zimmerwald;0.0;246;22;21;;4423.64;4016.57;0.00;0.00;0.00;0.00;0.00;0.00;0.00;0.00
361;Zollikofen;9792.0;246;3;9;351;2644.23;2585.48;2447.97;1919.53;1960.42;1490.15;1225.58;1091.75;822.34;635.53
557;Zuzwil;578.0;246;9;15;;1467.20;1655.39;1522.48;1332.20;1359.09;1326.90;1217.21;2511.27;2157.59;1985.26
794;Zweisimmen;2998.0;248;19;4;;3999.26;2561.36;2824.70;2327.35;2543.83;2498.20;2374.00;2412.64;2540.91;2187.26
947;Zwieselberg;280.0;247;24;16;;8917.16;8743.06;8401.95;8356.27;7119.21;6828.66;6699.88;7015.34;6964.51;6563.74
628;Zäziwil;1591.0;246;12;15;;3681.71;3853.59;3517.87;3053.92;1986.28;1485.15;1268.97;1178.66;594.19;612.01

