K38 NPSKV NettoA pro Schüler Kindergarten + Volksschule;;;;;;;;;
Kurzbeschrieb: Nettoaufwand (Funktion 200, 210, 212, 219) abzüglich Lastenanteile
Lehrergehälter dividiert durch Schülerzahl Kindergarten und Volksschule.



BFS-Nr.;Gemeinde;Anzahl Einwohner;Verw.-Kreis ;Amtsbezirk;BFS Typ;Agglomeration BFS-Nr.;2002 [SFR];2003 [SFR];2004 [SFR];2005 [SFR];2006 [SFR];2007 [SFR];2008 [SFR];2009 [SFR];2010 [SFR];2011 [SFR]
301;Aarberg;4090.0;243;1;17;;1095.54;1927.74;1825.05;1907.08;1443.33;1757.78;1741.36;1816.65;1413.60;1380.92
321;Aarwangen;4214.0;244;2;15;;513.58;848.58;621.26;804.96;525.53;767.82;845.61;800.51;786.13;957.17
561;Adelboden;3583.0;249;10;6;;639.46;673.65;713.48;654.19;518.56;807.98;1071.50;800.12;1117.44;976.22
401;Aefligen;1036.0;245;6;14;404;1088.09;1233.59;1366.84;1878.91;1478.36;2038.36;2155.72;2222.63;1708.49;1968.26
731;Aegerten;1750.0;242;16;14;371;2334.99;2363.05;1825.14;2541.86;1732.93;2431.77;3207.59;2715.20;2849.08;2351.58
562;Aeschi b.Sp.;2070.0;249;10;7;;520.98;681.77;625.98;875.64;551.57;715.26;830.48;700.77;845.17;612.38
601;Aeschlen;0.0;246;12;21;;638.45;1092.82;828.50;1477.64;1124.77;1020.56;1637.50;1120.09;0.00;0.00
951;Affoltern i.E.;1141.0;245;25;19;;1143.90;1403.48;1609.89;1621.26;1775.37;1672.50;2161.66;1738.01;1525.50;1532.17
851;Albligen;0.0;246;21;20;;1699.15;1688.95;1281.71;1391.32;1799.71;2234.06;2639.77;2735.34;2757.53;0.00
402;Alchenstorf;570.0;245;6;16;;630.86;1300.36;790.65;1072.18;847.88;1169.04;1567.03;1093.86;1283.84;1562.68
630;Allmendingen;515.0;246;12;11;351;2181.47;2520.71;1774.87;2112.27;2174.56;2026.97;2651.88;1739.78;2034.28;1682.65
921;Amsoldingen;797.0;247;24;16;;2024.99;2023.72;2070.13;2121.15;1991.15;1577.77;2335.88;2245.64;1016.78;-893.11
381;Arch;1542.0;243;5;18;;1547.25;1664.79;1531.67;1154.15;787.89;1338.40;1365.76;1607.37;1793.45;1200.27
602;Arni;955.0;246;12;20;;1254.45;1582.12;1630.48;1745.66;2441.14;1493.71;1472.14;1057.47;889.12;815.65
971;Attiswil;1298.0;244;26;16;;1178.80;1542.11;1125.77;1731.48;852.57;1590.37;1386.59;1576.95;1977.71;1752.03
322;Auswil;460.0;244;2;19;;1037.31;1806.85;1930.02;1725.13;1450.80;1848.51;1764.56;2926.71;2802.31;2701.47
531;Ballmoos;0.0;246;9;21;;2563.69;2313.61;3597.37;3351.09;2512.25;3745.70;4510.95;3895.88;0.00;0.00
532;Bangerten;158.0;243;9;21;;5984.91;4303.29;3471.22;5720.94;2975.63;4212.65;3883.42;3495.04;4388.43;5539.88
323;Bannwil;676.0;244;2;15;;857.79;781.27;923.66;1266.73;1106.37;1399.89;1461.16;1242.75;1613.39;1262.51
302;Bargen;1005.0;243;1;16;;1773.43;2118.54;2050.46;1924.79;2119.54;1553.57;1584.62;1466.13;1431.46;1382.49
571;Beatenberg;1126.0;250;11;7;;1069.60;1412.14;1154.34;1312.50;1068.60;2189.29;1275.16;1603.85;1166.88;1508.70
732;Bellmund;1490.0;242;16;14;371;1972.65;1892.38;2248.70;2385.28;1898.18;2082.11;2164.30;2121.13;2507.73;2150.86
861;Belp;10356.0;246;22;9;351;560.44;913.29;691.82;740.40;421.13;529.42;807.41;730.12;806.47;485.29
862;Belpberg;418.0;246;22;21;;612.30;890.27;963.81;1540.42;1618.34;666.78;2171.40;1200.32;2489.94;2039.12
681;Belprahon;300.0;241;15;15;;1230.11;2221.44;1774.66;2213.14;2372.00;2078.75;2748.91;3489.58;2823.92;2950.91
972;Berken;47.0;244;26;22;;1933.25;5034.57;2885.69;5418.80;2356.25;3558.38;2716.75;1688.87;9161.54;4304.65
351;Bern;126664.0;246;3;1;351;632.27;1303.99;4112.95;3350.57;4116.83;4650.38;5757.72;6380.03;6383.14;5803.79
973;Bettenhausen;686.0;244;26;15;;1805.94;1441.94;1904.20;2377.61;1909.94;2661.35;2278.48;3203.58;2366.41;1037.57
371;Biel;51323.0;242;4;2;371;1899.71;2271.67;2114.88;1338.32;928.03;1490.99;2121.50;2030.56;2241.17;2651.28
603;Biglen;1729.0;246;12;15;;-488.77;-289.82;-756.30;-291.05;-694.81;-379.84;-1.32;-161.28;-674.28;43.89
324;Bleienbach;654.0;244;2;19;;1345.94;1608.08;1759.63;1665.95;1230.97;1061.13;1088.38;1536.31;2949.82;2297.42
604;Bleiken b.O.;385.0;246;12;16;;504.26;764.98;565.27;1059.01;696.69;972.91;1155.71;1514.74;1246.35;1838.44
922;Blumenstein;1182.0;247;24;17;;1338.59;1480.93;1432.76;1730.98;1174.17;1784.59;1726.72;1876.93;2028.01;1390.67
352;Bolligen;6057.0;246;3;11;351;431.33;936.19;939.83;818.87;429.43;813.04;921.13;920.18;873.76;696.51
974;Bollodingen;0.0;244;26;19;;2592.62;3049.97;3121.15;2969.85;3051.14;3588.32;4559.09;4552.26;2937.87;0.00
791;Boltigen;1366.0;248;19;21;;912.55;1112.55;1018.72;1328.57;769.29;1101.44;1434.83;1379.33;1209.36;1569.04
605;Bowil;1381.0;246;12;19;;786.19;1015.38;994.43;1277.06;1213.94;1318.44;1661.30;1239.04;1599.15;1099.45
353;Bremgarten b.B.;4210.0;246;3;11;351;805.96;1396.69;1262.52;1320.91;1198.68;1004.24;1480.54;1144.48;1412.01;1176.30
606;Brenzikofen;524.0;246;12;15;;1418.36;1056.57;538.12;1204.89;955.76;991.99;1152.92;1253.99;1394.55;1298.69
573;Brienz;3014.0;250;11;7;;-42.65;308.79;89.21;178.48;13.76;-396.46;316.05;611.09;227.25;293.30
574;Brienzwiler;511.0;250;11;17;;745.69;1409.62;934.63;2016.79;1778.33;3202.66;1990.92;2608.33;1901.56;2726.12
733;Brügg;4155.0;242;16;12;371;1125.59;1291.04;1401.05;1405.23;943.60;1448.26;1743.25;1686.11;1583.33;1256.08
491;Brüttelen;577.0;243;8;21;;839.82;1079.51;1764.52;1736.86;1728.07;1523.12;1957.00;2390.70;1937.90;2306.17
923;Buchholterberg;1531.0;247;24;19;;1336.66;1650.34;1128.42;1567.16;1112.77;1578.40;1934.60;2850.09;1764.41;1550.97
404;Burgdorf;15549.0;245;6;3;404;877.53;1049.92;1103.98;1248.96;1066.74;1328.05;1492.89;1792.53;1667.77;1404.25
863;Burgistein;1026.0;247;22;16;;1562.98;1833.25;2106.83;2158.34;1681.72;2199.29;1972.73;2337.42;2218.44;2329.61
384;Busswil b.B.;0.0;243;5;14;371;1207.79;1344.85;1141.67;1574.83;1034.21;1409.39;1619.61;1712.80;1829.92;0.00
325;Busswil b.M.;201.0;244;2;20;;1487.60;2780.42;2150.06;3417.05;2884.88;3406.32;4306.09;4360.69;3510.44;5941.36
403;Bäriswil;1005.0;246;6;11;351;1951.25;1739.60;2071.92;2382.29;1838.95;1865.86;2510.60;2182.94;2514.15;2436.86
533;Bätterkinden;3171.0;245;9;15;;623.61;778.23;637.78;985.21;531.90;874.69;1112.68;1110.54;1376.14;1159.16
682;Bévilard;1681.0;241;15;18;;1127.97;1448.32;1570.17;1459.04;1419.93;1717.87;1945.99;1665.02;2206.35;1546.79
572;Bönigen;2447.0;250;11;7;;1606.75;1823.72;1565.23;1133.53;1206.60;1392.79;1777.14;1747.92;1494.11;1526.74
382;Büetigen;827.0;243;5;15;;844.43;1224.04;942.58;1168.76;979.56;1113.55;1465.68;1813.54;1789.00;1933.58
734;Bühl;419.0;243;16;16;;4314.06;5438.45;5608.85;4517.07;4495.65;5392.21;4922.53;5235.70;4772.84;4886.69
383;Büren a.A.;3295.0;243;5;17;;606.78;810.12;805.83;1277.19;872.50;1157.28;1365.78;1291.94;977.57;887.32
534;Büren z.H.;468.0;246;9;15;;1161.88;2056.35;2535.29;1751.43;1832.48;2477.67;2212.80;1783.88;2073.57;1962.10
683;Champoz;162.0;241;15;21;;1202.39;1170.27;1993.09;1922.27;1419.86;1633.48;2388.57;3110.34;2260.50;1420.11
684;Châtelat;113.0;241;15;21;;3693.98;2899.40;2957.80;2636.62;3028.51;1789.26;2418.57;2695.41;1804.92;1536.10
661;Clavaleyres;49.0;246;14;21;;2832.28;3267.42;3928.40;5490.98;6790.66;7487.30;7601.10;7184.95;14726.33;14827.33
687;Corcelles;214.0;241;15;15;;2193.18;2769.42;2672.08;2056.26;3051.30;2145.98;3095.58;3648.57;2740.46;3708.69
431;Corgémont;1551.0;241;7;18;;992.20;1112.09;989.56;1233.22;1130.88;1756.40;2063.39;1727.38;1530.82;1241.91
432;Cormoret;495.0;241;7;15;;3657.09;3485.19;3888.23;3860.85;3997.26;4134.85;3992.92;4709.42;5588.93;3655.41
433;Cortébert;697.0;241;7;15;;1048.43;1339.96;1195.58;1562.38;1354.81;1579.34;2080.60;2039.61;1646.08;1382.01
690;Court;1390.0;241;15;18;;1345.74;1578.18;1498.43;1534.87;1052.45;1249.18;1506.24;1440.80;1653.55;1485.43
434;Courtelary;1283.0;241;7;18;;4109.32;4025.78;3538.04;4268.27;3878.72;4673.28;4279.38;4332.28;4278.48;4296.74
691;Crémines;550.0;241;15;18;;1554.37;2257.66;1884.18;2395.41;2016.85;2332.75;2178.02;2116.19;2011.87;2865.44
535;Deisswil b.M.;97.0;246;9;15;;2685.18;2699.61;3820.21;2349.04;2232.10;2777.82;2962.41;4608.03;4250.76;2852.07
536;Diemerswil;199.0;246;9;11;351;1051.97;2309.02;1838.62;1836.39;1313.02;1555.22;1603.27;1977.30;2215.55;2149.50
762;Diemtigen;2140.0;249;17;21;;-1414.74;-1260.08;-1310.92;-1476.33;-1389.00;-1494.33;-1252.58;-1551.11;-1484.64;-1497.16
385;Diessbach b.B.;923.0;243;5;15;;1135.22;1624.71;1391.74;1491.14;1043.55;1303.64;1613.79;1506.28;1511.33;1788.12
721;Diesse;443.0;241;13;17;;2361.77;1604.91;1906.40;1772.99;1682.34;1703.61;1932.05;1165.76;1628.34;1375.07
386;Dotzigen;1358.0;243;5;15;;1037.30;1253.40;895.08;1248.19;783.68;1045.00;1157.52;1416.21;997.83;938.93
575;Därligen;416.0;250;11;15;;2236.70;2101.06;1964.61;2151.56;2169.81;1832.12;2267.87;2008.17;1577.61;2018.71
761;Därstetten;833.0;249;17;19;;1038.58;1855.28;1378.71;1557.08;1618.86;1479.02;1720.39;1049.08;1832.86;1738.73
952;Dürrenroth;1064.0;245;25;21;;676.29;887.61;1023.96;1313.71;1239.42;1812.97;1623.30;1988.28;2118.86;1883.68
901;Eggiwil;2453.0;245;23;21;;851.30;1169.27;1025.31;1529.25;842.96;1336.77;1351.01;1383.02;1521.39;1109.40
735;Epsach;341.0;243;16;16;;2020.74;2388.38;2838.65;1806.20;2393.31;2376.77;3051.00;3030.20;3286.88;2448.20
953;Eriswil;1347.0;244;25;19;;613.71;982.80;635.10;1185.84;993.04;1156.23;1398.49;1104.04;1437.22;1122.44
924;Eriz;496.0;247;24;21;;1175.19;1225.62;1311.46;1517.87;1087.09;1610.31;2235.70;1894.01;2205.05;1877.16
492;Erlach;1278.0;243;8;17;;1163.87;1487.39;1125.87;1812.99;1396.79;2122.35;1580.45;1523.62;1722.02;1321.17
763;Erlenbach i.S.;1695.0;249;17;20;;39.40;1756.53;1917.55;2036.68;2008.26;2145.12;2205.36;1975.45;1750.38;2191.08
405;Ersigen;1589.0;245;6;19;;1412.35;1273.84;1350.82;1641.60;1024.77;1341.44;1613.72;1249.22;1742.85;1418.03
692;Eschert;377.0;241;15;19;;1193.28;1817.87;1827.03;2465.64;1880.52;1908.18;2197.67;2719.21;2605.15;2537.03
537;Etzelkofen;289.0;246;9;18;;2944.15;4354.73;3570.38;4112.62;4337.82;5045.66;4886.72;6161.22;3391.27;4414.46
372;Evilard;2424.0;242;4;5;371;2517.02;2884.36;2462.16;2608.12;2321.21;2416.89;2693.80;2515.71;2293.30;2308.58
925;Fahrni;741.0;247;24;20;;882.63;1276.52;1044.08;1283.33;1020.06;1232.56;1684.54;1883.51;1819.96;1598.23
975;Farnern;209.0;244;26;15;;1240.84;666.60;2604.59;2398.23;1756.75;2383.86;2910.38;2384.00;2598.88;1349.44
662;Ferenbalm;1270.0;246;14;15;;1597.17;2295.11;1997.08;2180.25;1943.98;2138.23;2228.22;2638.67;2465.56;2725.03
493;Finsterhennen;501.0;243;8;20;;960.02;1778.26;1551.82;1900.76;1553.05;1500.36;2040.74;1721.15;1517.69;2079.81
926;Forst;0.0;247;24;15;;2709.98;2932.23;2961.33;2893.07;3417.24;0.00;0.00;0.00;0.00;0.00
948;Forst-Längenbühl;704.0;247;24;19;;0.00;0.00;0.00;0.00;0.00;1195.54;1446.94;1475.07;1553.18;1528.91
538;Fraubrunnen;1791.0;246;9;11;351;1541.58;1637.63;1774.41;1755.19;1716.15;1611.54;1953.06;1946.92;2320.93;2270.65
663;Frauenkappelen;1256.0;246;14;11;351;1497.91;1835.72;2008.02;2061.21;2371.86;2389.31;2312.07;2355.76;2303.83;2783.73
607;Freimettigen;424.0;246;12;15;;1277.53;1377.00;1142.31;1286.49;1231.22;1828.99;1559.05;1064.04;1481.87;1631.02
563;Frutigen;6703.0;249;10;4;;225.04;357.59;318.69;481.05;239.15;357.01;626.92;515.24;710.39;466.24
781;Gadmen;229.0;250;18;22;;829.51;1460.38;1575.71;2269.24;2911.67;2336.89;3212.66;2964.70;2358.46;2938.72
494;Gals;729.0;243;8;20;;1591.32;2443.54;2326.52;2413.53;1603.21;2359.89;2104.62;2070.42;2182.65;2502.98
495;Gampelen;791.0;243;8;17;;1792.05;1723.21;1966.05;2256.98;2133.30;1719.48;2637.53;2635.64;2396.45;2018.99
865;Gelterfingen;242.0;246;22;21;;1868.80;3281.01;1342.93;3430.76;3304.00;5468.41;8767.50;5000.36;5061.32;3797.79
866;Gerzensee;1134.0;246;22;20;;812.25;1135.49;914.47;1171.21;739.37;1365.48;952.60;1447.28;1175.40;1635.34
664;Golaten;303.0;246;14;21;;1619.49;1826.88;1438.62;2415.82;2528.27;2915.01;3644.64;6119.29;4785.31;10882.64
326;Gondiswil;724.0;244;2;19;;791.54;1048.50;986.16;882.44;830.43;1098.54;1325.98;1303.37;976.14;1063.27
976;Graben;291.0;244;26;15;;2509.53;3195.93;1977.32;2350.82;2082.54;2611.74;2192.08;1396.66;1356.25;2499.51
539;Grafenried;976.0;246;9;11;351;1546.89;1695.91;1802.53;1805.55;1886.12;2034.83;2144.98;2004.59;2307.78;2448.51
694;Grandval;351.0;241;15;18;;1315.79;2233.57;2622.94;3662.46;2941.81;3577.04;2454.55;2670.20;821.33;2971.00
576;Grindelwald;4040.0;250;11;6;;748.93;789.24;944.33;1094.23;771.07;991.53;1292.03;1009.56;1345.31;1175.84
303;Grossaffoltern;2812.0;243;1;15;;1548.12;1844.33;1553.13;1726.77;1496.24;1793.76;2150.33;2041.58;2254.94;2171.33
608;Grosshöchstetten;3289.0;246;12;11;351;-109.97;118.98;-34.18;1.00;-518.24;-188.15;55.36;109.94;-306.95;22.19
841;Gsteig;986.0;248;20;20;;547.65;1107.07;998.90;1395.29;890.88;1379.27;1251.06;1291.65;1242.19;1310.38
577;Gsteigwiler;430.0;250;11;14;;1523.98;2023.80;1643.67;2308.93;1129.03;1353.59;1885.03;1457.32;1167.28;1485.63
852;Guggisberg;1585.0;246;21;21;;1293.41;1753.77;1859.96;2179.85;1608.75;2030.75;2576.71;2049.68;2140.08;2332.62
665;Gurbrü;245.0;246;14;21;;4168.46;4043.29;3909.84;3621.94;4242.22;3110.83;4450.42;3647.06;2336.45;3768.90
867;Gurzelen;798.0;247;22;19;;1425.96;1794.09;1194.26;2318.62;1718.04;2055.50;2325.48;2538.76;2261.06;2061.55
327;Gutenburg;0.0;244;2;15;;3914.67;2663.66;3229.11;2860.36;2088.82;0.00;0.00;0.00;0.00;0.00
782;Guttannen;321.0;250;18;7;;2022.14;2011.04;2301.19;2418.32;2175.46;1681.55;1823.24;3346.41;2931.45;2826.54
578;Gündlischwand;284.0;250;11;17;;254.17;1490.11;1303.17;993.28;1242.45;973.53;968.34;1083.65;437.94;1191.65
579;Habkern;640.0;250;11;21;;733.56;1069.56;790.23;1129.22;686.45;1018.76;1184.75;1095.31;794.18;992.25
736;Hagneck;415.0;243;16;15;;2847.15;3589.22;3299.19;3976.29;3047.76;3972.84;5008.62;4167.00;4350.48;4489.05
406;Hasle b.B.;3170.0;245;6;16;;1223.80;1371.80;1110.20;1461.10;1076.01;1386.00;1487.04;1832.76;1945.46;1610.92
783;Hasliberg;1229.0;250;18;6;;1141.90;1495.92;1953.03;1566.20;1553.13;1259.48;1912.62;2105.38;1912.07;1927.23
927;Heiligenschwendi;675.0;247;24;7;;1398.35;1614.09;1818.04;1606.21;1338.24;1912.40;1815.90;1319.56;1905.81;1421.51
928;Heimberg;6365.0;247;24;12;942;564.43;656.84;518.32;677.37;382.04;648.41;1026.68;856.30;898.25;808.11
977;Heimenhausen;1016.0;244;26;15;;1632.07;2184.29;2117.55;2419.91;2595.01;3806.61;3206.13;1477.88;1676.31;1531.76
407;Heimiswil;1636.0;245;6;21;;1816.82;2071.70;1776.76;1713.63;1655.82;1903.86;1949.51;1871.35;1753.86;2062.26
408;Hellsau;192.0;245;6;19;;-772.65;203.12;801.38;1015.16;905.57;823.24;1398.64;1128.60;1144.29;1246.92
610;Herbligen;551.0;246;12;16;;1809.16;1153.04;1380.32;1028.36;948.12;1174.73;1145.36;1004.25;1272.74;934.64
978;Hermiswil;96.0;244;26;20;;3305.54;4354.17;2737.69;4049.51;2898.73;4963.28;4364.76;3150.73;5478.29;4370.99
737;Hermrigen;262.0;243;16;16;;3013.94;4337.59;6716.08;4506.09;10946.48;7016.63;6857.96;6059.24;10697.76;5969.49
979;Herzogenbuchsee;6795.0;244;26;4;;901.90;1104.13;902.03;1095.28;1014.82;972.74;1401.71;1563.75;1909.92;1754.10
929;Hilterfingen;3998.0;247;24;13;942;2072.84;2432.91;2276.46;2229.02;2094.03;2519.02;2740.16;3184.43;3342.46;3178.63
409;Hindelbank;2094.0;245;6;17;;1013.31;1080.53;1170.07;1768.20;1278.82;1600.50;1492.44;1464.38;1678.58;1574.95
580;Hofstetten b.B.;567.0;250;11;17;;1396.69;1833.21;1254.43;1273.70;995.17;617.63;1104.15;490.66;1453.60;1204.78
931;Homberg;502.0;247;24;21;;1314.89;1299.89;1176.71;1274.55;668.73;816.45;1587.65;285.23;-217.84;-254.23
932;Horrenbach-Buchen;259.0;247;24;21;;481.11;1363.28;2919.28;2216.05;3216.04;2603.98;3588.38;1645.58;1458.18;3363.09
954;Huttwil;4726.0;244;25;18;;164.45;349.97;73.48;79.76;-500.77;-155.02;123.75;-90.52;49.60;-67.83
609;Häutligen;239.0;246;12;21;;1648.57;1779.96;1496.63;1772.89;2245.80;1842.70;1936.03;2821.31;2574.25;3114.19
410;Höchstetten;258.0;245;6;19;;-341.48;1304.42;1778.11;1531.01;2194.35;2111.42;2187.47;2750.16;2934.30;2755.62
930;Höfen;441.0;247;24;16;;1071.91;1920.36;1588.27;1882.05;2012.12;1918.92;2547.54;2328.99;2970.80;2403.57
541;Iffwil;409.0;246;9;20;;1597.47;2286.54;1143.12;2480.46;1218.93;1847.33;1895.55;2154.91;1719.44;1551.87
980;Inkwil;638.0;244;26;15;;1426.06;1338.78;1179.20;1316.15;1237.51;1561.91;1849.14;1515.96;2028.31;1020.91
784;Innertkirchen;886.0;250;18;19;;1248.10;1539.58;1499.91;1442.86;1167.91;1281.59;1110.06;1090.31;1380.99;769.52
496;Ins;3260.0;243;8;20;;1251.90;1609.43;1344.64;1290.66;1004.65;1078.94;1269.62;984.38;1098.96;1174.89
581;Interlaken;5481.0;250;11;6;;2007.73;-201.73;-250.28;339.89;-233.76;82.32;249.18;161.69;554.24;-186.11
739;Ipsach;3913.0;242;16;13;371;1346.67;1608.23;1525.41;1799.48;1700.15;1733.39;1997.77;1985.50;1906.10;1898.50
582;Iseltwald;432.0;250;11;20;;449.04;881.23;1147.06;958.30;1091.48;1379.24;1352.92;2362.48;1412.72;1669.51
362;Ittigen;11006.0;246;3;9;351;765.01;1070.10;685.08;1073.24;744.46;815.53;1347.33;1288.24;1387.44;1353.97
868;Jaberg;258.0;246;22;15;;3543.70;3849.05;4231.78;4070.01;3387.78;4114.44;4064.77;4003.71;3680.60;5421.82
540;Jegenstorf;4680.0;246;9;10;351;392.40;599.83;136.73;442.66;258.61;263.79;824.18;773.00;550.68;581.38
738;Jens;681.0;243;16;15;;609.77;1761.25;1572.57;2558.84;1726.05;2555.86;2318.53;2553.61;2172.99;3183.79
304;Kallnach;1563.0;243;1;19;;1127.42;1169.16;1412.67;1504.76;1253.90;1391.61;1771.35;1853.48;1880.92;1771.66
564;Kandergrund;810.0;249;10;8;;819.60;1108.10;1116.10;1383.28;1488.00;1745.34;713.82;1001.74;1451.19;910.72
565;Kandersteg;1261.0;249;10;6;;1103.82;1611.53;1252.27;1765.24;1073.62;1090.78;1332.50;991.70;1491.89;1113.23
305;Kappelen;1278.0;243;1;19;;1550.17;1371.42;1562.69;1482.27;1447.51;1559.71;1666.80;1553.67;2213.70;1033.79
869;Kaufdorf;1034.0;246;22;11;351;921.59;1116.31;650.06;729.58;942.27;1424.54;2052.71;1939.96;1735.75;1949.54
870;Kehrsatz;3964.0;246;22;10;351;652.06;1111.34;769.78;1006.64;755.90;889.97;1022.93;930.44;964.40;1012.50
411;Kernenried;449.0;245;6;15;;2373.10;1177.37;1108.91;1408.02;817.76;738.46;1087.06;1278.60;1474.80;1819.18
871;Kienersrüti;52.0;247;22;21;;-10181.20;1537.60;1706.58;5442.39;3704.19;4712.76;3964.84;4957.79;6042.47;3639.68
611;Kiesen;857.0;246;12;15;;834.81;912.30;505.75;824.58;858.70;642.08;410.80;491.64;1303.49;1124.83
412;Kirchberg;5613.0;245;6;12;404;1217.68;919.54;1382.64;1679.32;1329.12;1590.38;1850.13;1804.55;1588.78;1435.41
872;Kirchdorf;814.0;246;22;20;;1219.48;1771.78;1234.56;1225.80;1724.10;1300.70;1659.47;1838.87;1662.42;1732.25
873;Kirchenthurnen;271.0;246;22;15;;2034.49;551.05;1012.75;1829.50;492.28;1744.01;2173.42;1687.66;1766.86;434.22
354;Kirchlindach;2815.0;246;3;11;351;2472.73;2731.19;2570.57;3005.42;2728.35;3100.77;3257.83;3348.84;3128.52;2970.92
328;Kleindietwil;0.0;244;2;19;;50.45;-58.79;-819.43;-410.72;-1503.80;-1876.60;-1775.18;-2326.30;-1960.60;0.00
612;Konolfingen;4739.0;246;12;9;351;517.69;976.74;510.01;935.80;460.74;726.48;1028.27;1091.43;913.59;1088.66
413;Koppigen;2070.0;245;6;17;;1438.82;2274.50;2552.80;2712.66;2315.22;575.54;2760.26;2396.04;2664.57;1576.65
566;Krattigen;989.0;249;10;17;;1604.33;1942.35;1440.70;1405.99;1224.61;1614.69;1845.34;1743.00;2195.87;1964.04
414;Krauchthal;2318.0;245;6;15;;1185.10;1538.63;1408.97;1879.91;1559.71;2089.36;1951.92;2317.52;2214.79;2165.15
666;Kriechenwil;410.0;246;14;20;;1520.97;2383.14;2334.01;2244.89;1873.33;2594.98;2509.76;2692.61;2824.79;2709.77
355;Köniz;38633.0;246;3;9;351;2247.63;2486.26;902.84;1049.86;968.18;1057.74;1261.11;1188.96;1154.85;1038.70
435;La Ferrière;545.0;241;7;19;;3450.27;2642.46;2698.23;2427.47;2780.31;2118.31;3901.51;4880.88;4780.45;4541.63
436;La Heutte;486.0;241;7;15;;1346.16;1491.60;988.79;1306.05;1195.17;1504.93;1504.06;1480.71;1863.81;1580.89
723;La Neuveville;3559.0;241;13;17;;1243.04;1433.32;1180.83;1261.73;1178.46;1234.27;1349.01;914.51;1549.39;847.58
722;Lamboing;682.0;241;13;16;;2473.58;2612.65;2452.12;2364.61;1988.78;2144.35;1897.34;1732.09;2248.60;1769.00
613;Landiswil;628.0;246;12;21;;1186.21;1312.96;1362.30;1583.66;983.14;1378.03;1231.26;1851.35;2418.81;1718.55
329;Langenthal;15017.0;244;2;3;;1479.62;1734.95;1347.23;1467.17;1316.82;1784.46;2090.68;1953.10;2292.23;2296.34
902;Langnau i.E.;9018.0;245;23;3;;384.29;572.23;520.76;682.20;305.11;588.63;754.74;712.66;764.70;724.97
842;Lauenen;810.0;248;20;21;;628.68;898.32;721.75;1021.09;605.67;1295.36;1290.48;1004.92;1228.28;1547.46
667;Laupen;2830.0;246;14;10;351;461.91;71.85;-67.55;135.63;-89.89;240.98;482.23;388.11;378.71;230.05
903;Lauperswil;2680.0;245;23;19;;647.09;872.14;773.50;1072.34;679.10;1094.71;1328.53;1128.56;1144.93;1372.56
584;Lauterbrunnen;2741.0;250;11;6;;510.45;718.95;801.05;964.84;770.80;833.14;1065.80;1029.16;1211.00;1155.45
330;Leimiswil;0.0;244;2;19;;894.97;1347.38;1005.60;1299.78;980.87;1218.67;1566.76;1602.58;1457.46;0.00
585;Leissigen;932.0;250;11;17;;1799.66;1727.74;1376.55;1276.27;1462.72;1365.44;1371.45;1365.11;1701.30;1979.86
387;Lengnau;4627.0;242;5;14;;831.75;1058.24;1078.73;1193.37;1110.45;1241.73;1485.59;1419.48;1133.17;1092.66
792;Lenk;2419.0;248;19;6;;946.37;1115.48;929.03;1343.45;1181.37;1291.12;1537.43;1499.08;2089.92;1725.12
388;Leuzigen;1200.0;243;5;16;;2328.51;2446.74;2045.47;2060.87;1811.65;2457.04;2898.93;3391.02;2659.72;2545.19
740;Ligerz;521.0;242;16;20;;2988.78;3400.67;2826.34;3682.37;5971.97;6389.85;6339.08;6415.32;7210.24;6727.98
542;Limpach;359.0;246;9;20;;2233.99;2139.25;2231.37;2801.90;2193.04;2986.64;3432.36;2966.67;2955.77;3311.56
614;Linden;1321.0;246;12;19;;738.86;1046.58;1244.25;1563.55;1296.37;1250.25;1844.21;1448.99;1458.84;1506.60
874;Lohnstorf;224.0;246;22;21;;2833.43;3467.38;2988.39;2086.37;2488.37;2507.93;2686.00;3408.52;3001.01;3256.06
331;Lotzwil;2462.0;244;2;15;;755.73;1052.82;1073.16;1321.99;1066.79;1212.27;1507.99;1600.36;1332.46;1234.08
696;Loveresse;317.0;241;15;19;;1922.53;2021.34;2225.57;2198.83;1500.57;2984.78;2506.69;3028.32;1236.98;1858.23
306;Lyss;13776.0;243;1;3;;972.90;1070.53;576.41;661.05;372.88;588.87;831.52;737.98;848.07;1058.54
415;Lyssach;1427.0;245;6;12;404;1336.16;1238.57;1655.60;1618.60;1813.84;1730.26;2295.66;1942.05;2380.81;2222.71
933;Längenbühl;0.0;247;24;20;;2280.30;2263.88;2422.33;2154.97;2337.06;0.00;0.00;0.00;0.00;0.00
497;Lüscherz;537.0;243;8;20;;1971.10;2804.40;2108.62;2603.08;2401.66;2547.82;2212.90;2685.42;2560.04;2471.09
586;Lütschental;240.0;250;11;20;;1628.19;1188.57;1282.56;973.56;938.44;949.67;1637.15;4020.38;1242.86;1648.42
955;Lützelflüh;4075.0;245;25;19;;1318.69;1098.70;918.91;1340.13;825.96;1086.14;1412.54;1248.13;1523.78;1330.28
332;Madiswil;3140.0;244;2;20;;901.37;1204.10;1070.54;1215.83;932.17;1093.29;1512.08;1447.08;1505.80;1087.65
697;Malleray;1970.0;241;15;18;;368.72;943.78;693.27;652.03;528.97;665.48;484.81;876.99;834.83;692.08
587;Matten b.I.;3780.0;250;11;13;;551.30;451.89;549.89;801.60;418.51;722.25;940.54;788.23;874.77;632.54
543;Mattstetten;588.0;246;9;11;351;1925.29;2226.80;2339.04;2041.14;1515.57;1605.41;2845.59;2077.62;1586.43;1519.82
389;Meienried;53.0;243;5;20;;3886.01;3080.24;4190.63;3785.46;2341.28;2575.46;4956.53;1631.80;3471.30;0.00
307;Meikirch;2344.0;246;1;11;351;888.76;1198.85;1179.94;1600.89;1045.52;1099.84;1508.17;1581.40;1602.08;1234.48
390;Meinisberg;1292.0;242;5;15;;2324.76;2754.89;2567.50;2886.64;2345.83;2685.06;2930.77;2684.68;2744.90;2111.83
785;Meiringen;4581.0;250;18;7;;675.25;853.02;633.08;917.28;513.85;820.05;1182.78;839.07;559.89;1015.49
333;Melchnau;1567.0;244;2;19;;1092.85;1653.50;1047.31;993.45;1874.57;1000.95;914.70;1131.88;1067.03;906.45
741;Merzligen;411.0;243;16;15;;4340.36;4438.96;5070.22;4290.38;5323.58;4765.67;5893.48;5891.37;5957.02;5573.38
615;Mirchel;578.0;246;12;16;;1221.32;1693.17;1086.65;1469.32;1188.69;1428.14;1813.11;1641.45;1631.90;1264.18
699;Monible;38.0;241;15;21;;-1856.45;2330.30;1786.50;2142.39;1628.80;3164.98;1146.25;2047.50;2673.04;4058.57
437;Mont-Tramelan;120.0;241;7;21;;575.41;902.09;439.48;297.75;739.36;365.20;2157.94;179.11;2596.92;1717.59
544;Moosseedorf;3620.0;246;9;9;351;830.23;1260.53;1139.24;1672.21;1154.51;1300.59;1493.18;1998.54;1414.66;1384.54
700;Moutier;7479.0;241;15;3;;1129.74;1020.43;975.03;1296.84;985.77;1032.20;1470.65;1315.68;1687.00;1203.92
356;Muri b.B.;12369.0;246;3;5;351;1030.07;1428.35;1275.98;1455.35;1118.52;1064.98;1714.36;1328.87;1486.69;1250.04
742;Mörigen;878.0;242;16;5;371;2468.37;1837.10;2042.11;2305.86;1885.65;2487.70;2476.14;2278.81;2579.46;2406.70
416;Mötschwil;142.0;245;6;22;;2513.53;1899.31;2980.24;1649.99;506.31;2972.21;1775.25;2884.49;1959.86;2300.62
668;Mühleberg;2668.0;246;14;20;;795.19;848.81;705.38;922.68;461.62;1052.10;1329.47;745.72;661.69;892.19
875;Mühledorf;248.0;246;22;20;;1863.31;2597.40;2465.28;1907.44;2124.96;1804.30;2147.41;2389.18;2939.86;2895.58
876;Mühlethurnen;1377.0;246;22;15;;1366.40;2233.98;1660.33;2328.12;2126.93;2606.64;2387.57;2550.66;2700.45;2541.29
545;Mülchi;234.0;246;9;16;;2216.78;2689.22;2219.29;3024.91;2184.23;2812.73;3320.01;2525.62;3589.94;2737.61
546;Münchenbuchsee;9703.0;246;9;9;351;359.42;880.27;650.84;839.29;492.62;661.59;940.91;802.75;961.20;851.94
669;Münchenwiler;468.0;246;14;15;;7226.21;7949.15;8466.19;8279.57;10351.12;8060.33;6191.93;6700.21;5641.74;2936.83
547;Münchringen;593.0;246;9;15;;2032.75;2312.15;2672.88;3007.12;3101.05;3433.28;2952.52;3354.00;3641.03;3867.09
616;Münsingen;10841.0;246;12;9;351;255.60;812.58;556.53;865.15;215.88;454.66;644.69;585.21;622.45;564.72
498;Müntschemier;1330.0;243;8;20;;1341.63;1507.90;1696.73;1250.12;1159.64;1607.61;1782.70;1868.86;1825.79;2047.43
670;Neuenegg;4913.0;246;14;11;351;23.31;461.70;363.55;486.97;171.80;345.38;347.44;392.01;671.65;355.35
743;Nidau;6816.0;242;16;12;371;1656.55;2020.59;1885.68;2006.52;1656.96;1907.08;2273.74;2366.84;1737.50;1590.71
981;Niederbipp;4211.0;244;26;17;;349.64;472.69;631.86;788.36;540.83;804.49;783.68;833.84;849.92;677.10
617;Niederhünigen;641.0;246;12;15;;1040.47;1451.19;1172.89;2032.05;1483.14;1550.00;1542.89;1239.26;1312.73;1621.81
877;Niedermuhlern;505.0;246;22;21;;807.49;519.73;465.84;1138.26;1182.97;928.44;581.39;322.41;2.46;-978.66
588;Niederried b.I.;338.0;250;11;15;;599.22;1582.89;1457.44;1256.69;1147.60;2420.29;2797.46;3086.52;2835.41;2947.35
308;Niederried b.K.;297.0;243;1;15;;2057.21;2215.01;2747.94;2723.47;2783.60;2498.87;3413.15;4658.59;2872.75;4269.62
764;Niederstocken;257.0;247;17;15;;576.21;1332.76;646.48;1248.42;773.82;1773.42;2556.22;829.40;731.23;1302.14
982;Niederönz;1554.0;244;26;15;;3516.89;3331.43;3018.92;3192.66;2833.05;2960.95;3139.57;3131.21;3522.94;5476.06
417;Niederösch;240.0;245;6;21;;2294.29;1838.13;1301.61;1088.89;1754.08;1897.09;2065.49;2536.99;3753.76;2073.44
724;Nods;742.0;241;13;20;;2135.96;1616.57;2253.42;1836.93;1804.27;2109.26;2311.15;1936.46;2191.56;1783.46
878;Noflen;260.0;246;22;21;;913.86;886.36;1270.47;1595.97;1475.57;1373.48;3038.35;869.79;1742.46;3398.92
357;Oberbalm;869.0;246;3;21;;1235.37;1741.77;1753.18;2087.11;1577.13;2037.32;2050.09;1995.36;1815.77;2017.25
983;Oberbipp;1568.0;244;26;15;;1000.87;843.03;1118.13;1175.27;1276.19;1307.45;1918.25;1363.54;2164.69;1546.07
418;Oberburg;2875.0;245;6;13;404;181.75;703.14;445.24;550.28;396.95;573.24;744.17;929.07;983.39;1060.47
619;Oberdiessbach;3102.0;246;12;17;;991.42;1138.89;1205.09;1401.60;1013.61;1349.83;1549.25;1686.04;1694.07;1885.95
934;Oberhofen;2354.0;247;24;14;942;2469.34;2821.59;2748.86;2470.07;2633.81;2314.06;3328.39;3301.93;3649.06;3159.11
629;Oberhünigen;326.0;246;12;21;;297.40;1188.82;678.94;907.52;1011.64;706.19;822.20;263.18;709.77;-96.76
935;Oberlangenegg;486.0;247;24;21;;1305.98;1388.74;1275.63;1498.67;1335.38;2108.04;1878.83;1676.15;1481.24;1172.26
589;Oberried a.Br.-S.;479.0;250;11;17;;1378.51;1853.66;1074.74;1712.58;1525.76;2329.87;2282.53;3747.59;3233.02;2524.66
334;Obersteckholz;423.0;244;2;16;;2171.72;2995.47;1949.30;3173.13;1216.62;1962.85;2414.71;1327.34;1609.35;1045.60
765;Oberstocken;282.0;247;17;15;;1745.30;900.55;1127.87;1437.70;998.10;1444.40;1724.24;2715.93;2076.38;3720.56
620;Oberthal;781.0;246;12;21;;1229.27;1272.55;1167.14;1088.42;1110.56;1547.17;1854.91;1604.70;1949.81;1656.23
391;Oberwil b.B.;809.0;243;5;16;;1621.13;1241.95;1707.56;1468.81;1555.58;1008.29;1376.77;1535.34;1677.10;1280.87
766;Oberwil i.S.;795.0;249;17;21;;688.99;885.03;887.94;1408.23;818.49;1369.37;1650.82;1524.83;1633.99;1130.20
984;Oberönz;0.0;244;26;15;;3563.34;3879.75;3988.41;3882.37;3491.39;4030.85;0.00;0.00;0.00;0.00
419;Oberösch;112.0;245;6;21;;2310.80;2096.49;1945.79;2918.59;2534.29;2997.06;2855.59;3310.33;2787.76;5435.98
985;Ochlenberg;586.0;244;26;21;;1158.35;1680.22;1392.94;1947.30;2082.23;1991.59;3289.41;2220.05;2565.79;2874.23
335;Oeschenbach;237.0;244;2;21;;370.13;1492.76;843.69;1741.19;1538.86;2000.42;1704.23;1970.61;3034.79;1570.53
622;Oppligen;669.0;246;12;15;;1538.78;894.95;1265.76;1028.24;1275.17;1402.79;1611.51;1596.99;1955.45;1852.64
744;Orpund;2637.0;242;16;13;371;1765.70;1929.27;2068.40;2186.33;1976.67;2016.91;2036.54;2254.85;1817.26;1643.59
438;Orvin;1196.0;241;7;17;;2015.52;2205.57;2107.10;2323.37;1238.89;2087.25;2320.10;1892.15;2463.10;1946.75
363;Ostermundigen;15436.0;246;3;10;351;822.80;1055.88;903.74;1141.14;945.16;1098.32;1360.40;1267.39;1533.71;1356.93
701;Perrefitte;471.0;241;15;15;;2524.64;2524.91;2222.62;2061.04;2144.29;2334.43;2633.74;2564.40;2135.73;2864.39
392;Pieterlen;3633.0;242;5;13;371;1002.78;1314.86;1137.75;1433.24;1088.44;1212.83;1363.12;1442.02;957.65;943.37
440;Plagne;364.0;241;7;14;371;1542.95;2194.15;1240.23;1643.29;1956.48;2171.83;2752.34;3244.60;5272.34;4147.05
936;Pohlern;278.0;247;24;15;;2320.56;1949.64;3523.30;2596.99;3026.78;3639.59;4096.47;3197.55;2228.31;1768.63
702;Pontenet;216.0;241;15;15;;1115.34;1177.37;1511.67;1786.17;1944.27;2024.18;2389.14;2374.58;2505.38;2439.39
745;Port;3302.0;242;16;14;371;2079.78;2140.42;1677.60;2111.77;2047.80;2131.75;2629.79;2397.06;2604.47;2847.55
725;Prêles;908.0;241;13;17;;2360.21;2750.70;2749.15;2478.18;2151.75;2708.70;2521.41;2705.44;2565.03;2451.21
439;Péry;1359.0;241;7;15;;1156.65;1334.51;1225.36;1427.96;1359.58;1856.65;1625.52;1906.84;1787.08;1455.09
309;Radelfingen;1176.0;243;1;16;;1768.94;2217.43;1990.76;2166.11;1689.94;1665.24;2594.75;2184.81;2148.07;2240.31
310;Rapperswil;2129.0;243;1;20;;2193.66;2161.75;1844.68;2033.03;1940.35;2333.83;2562.96;1812.00;1811.94;2125.66
715;Rebévelier;47.0;241;15;22;;24442.65;16265.45;19098.97;15839.63;8234.14;0.00;7724.14;23712.50;9724.25;8954.95
703;Reconvilier;2213.0;241;15;18;;247.97;500.38;137.38;510.39;408.14;43.91;392.70;344.36;726.25;390.42
567;Reichenbach i.K.;3452.0;249;10;19;;298.57;372.32;239.80;508.47;371.41;761.76;1136.27;982.30;743.80;800.14
336;Reisiswil;191.0;244;2;21;;685.29;1356.29;822.19;2964.39;729.57;1022.27;1946.14;2803.78;2665.62;2302.73
441;Renan;838.0;241;7;20;;1979.62;1929.70;2561.39;2408.93;2842.20;2870.64;4276.34;4091.95;3374.83;2105.72
767;Reutigen;963.0;247;17;20;;1195.65;1330.54;1062.07;1156.47;546.14;1357.74;1298.71;1436.76;305.88;465.48
879;Riggisberg;2406.0;246;22;8;;-849.82;-537.09;-810.60;-327.08;-751.97;-860.21;-606.62;264.86;-174.70;-549.75
590;Ringgenberg;2523.0;250;11;14;;258.66;578.21;623.92;643.66;204.94;267.40;653.75;655.86;821.70;718.51
704;Roches;228.0;241;15;22;;1246.95;1662.88;2122.70;2756.45;3420.64;3801.72;3322.85;2285.93;2439.12;1430.69
337;Roggwil;3865.0;244;2;17;;597.37;1403.30;997.76;1258.92;1185.10;1194.71;1647.70;1795.04;1764.38;2020.40
338;Rohrbach;1431.0;244;2;16;;816.81;1016.81;815.99;1122.09;876.40;1296.52;1229.93;749.72;1197.60;678.70
339;Rohrbachgraben;423.0;244;2;21;;629.68;1187.87;762.91;1408.44;1216.67;904.89;1563.49;1374.11;1914.68;1281.16
442;Romont;205.0;241;7;16;;2806.74;2993.17;3294.38;3267.18;3953.89;5010.64;4758.22;5691.48;3590.56;3704.09
623;Rubigen;2865.0;246;12;11;351;1719.94;1895.01;1629.66;1939.57;1805.27;2041.30;2123.31;1798.95;1764.89;1749.08
421;Rumendingen;77.0;245;6;8;;3311.07;3638.77;2470.75;3309.72;2829.05;3068.29;3493.52;3592.30;3018.20;2652.07
987;Rumisberg;476.0;244;26;15;;1797.38;2242.37;1831.22;2197.63;2131.63;2799.86;2783.60;2839.89;2490.90;2635.55
548;Ruppoldsried;259.0;243;9;16;;2732.57;2107.21;2311.27;1888.42;2869.55;2103.97;3155.92;2276.42;3135.88;3503.99
986;Röthenbach b.H.;0.0;244;26;19;;3196.94;3944.30;3642.54;4482.78;3649.74;5209.50;4948.35;0.00;0.00;0.00
904;Röthenbach i.E.;1272.0;245;23;21;;962.19;999.42;1490.20;1544.39;1190.88;1168.50;1586.05;1683.31;1604.67;1861.30
905;Rüderswil;2405.0;245;23;19;;742.45;1316.61;1115.67;1440.79;1144.62;1382.34;1526.89;1640.23;1854.42;1654.11
420;Rüdtligen-Alchenflüh;2179.0;245;6;13;404;1493.92;1375.11;1478.82;1557.21;1395.77;1528.08;1773.67;1738.16;1827.08;2126.52
880;Rüeggisberg;1855.0;246;22;21;;1138.23;1607.30;1358.10;1439.12;1416.87;1805.74;2002.23;2463.57;2862.44;2486.24
956;Rüegsau;3062.0;245;25;20;;-722.81;-75.05;45.25;323.80;129.42;386.65;642.67;675.53;249.25;427.41
881;Rümligen;450.0;246;22;20;;1961.38;1648.73;1022.30;1347.68;915.31;2236.46;1541.11;2359.47;3281.08;2992.15
853;Rüschegg;1689.0;246;21;20;;1171.33;1493.66;1125.68;1623.15;1274.56;1437.56;1721.56;2032.52;1957.99;2160.26
393;Rüti b.B.;835.0;243;5;16;;2144.22;2136.09;2229.73;1846.67;1920.07;2564.91;3310.23;2593.59;3249.33;3775.41
422;Rüti b.L.;162.0;245;6;15;;1639.11;1018.07;1518.23;1870.74;1461.56;2261.54;2162.30;2538.51;2985.42;2114.26
882;Rüti b.R.;0.0;246;22;21;;1354.84;1793.77;-614.47;2198.44;2370.95;2725.82;44013.83;0.00;0.00;0.00
340;Rütschelen;564.0;244;2;19;;1010.39;1266.88;684.94;812.48;1678.89;1377.69;1192.66;1302.77;1160.46;1902.19
843;Saanen;7240.0;248;20;6;;621.17;964.41;874.54;1118.95;769.74;962.28;1436.46;1265.85;1253.51;1236.16
746;Safnern;1881.0;242;16;14;371;2123.25;2565.19;2129.49;2361.58;2172.17;2251.77;2433.83;2472.10;2465.59;2300.85
706;Saicourt;600.0;241;15;20;;1853.99;1442.75;1166.83;1808.08;1371.24;1377.00;1782.31;1165.84;1398.39;987.69
443;Saint-Imier;4802.0;241;7;4;;44.18;677.02;692.48;366.13;240.93;434.26;547.76;501.95;461.09;288.93
707;Saules;153.0;241;15;19;;2457.12;3268.45;3476.60;2921.51;2787.69;4752.32;4672.76;4571.27;4752.79;4539.19
591;Saxeten;101.0;250;11;19;;9.16;1372.98;1790.77;1692.64;1962.56;220.25;3038.42;1432.00;1428.11;2403.35
549;Schalunen;366.0;246;9;11;351;1191.86;1196.52;1164.52;1325.28;1360.53;1961.93;2116.26;2383.35;2863.71;3215.12
906;Schangnau;925.0;245;23;21;;362.62;234.39;226.91;431.50;294.44;914.89;846.00;1309.10;820.36;776.96
786;Schattenhalb;600.0;250;18;8;;1467.91;1173.52;2513.03;1498.70;1485.05;2178.45;2440.83;2662.57;2870.09;3037.22
708;Schelten;40.0;241;15;21;;613.66;936.18;2838.58;1261.39;1526.76;2290.06;1826.23;1495.97;1871.78;2133.23
550;Scheunen;84.0;246;9;21;;2019.47;1454.06;4644.11;2386.04;3206.22;3583.17;2481.30;2241.94;3455.68;2517.40
747;Scheuren;440.0;242;16;14;371;1664.39;1649.33;1669.45;2390.29;1976.99;2404.75;2478.12;2535.64;2960.61;1758.14
624;Schlosswil;657.0;246;12;15;;1211.44;745.97;484.94;1015.67;965.17;975.16;1802.46;837.42;1830.26;934.21
748;Schwadernau;651.0;242;16;14;371;1716.33;1634.57;1805.45;2076.41;1929.19;1227.59;2356.38;1928.98;2456.97;1687.18
592;Schwanden b.B.;603.0;250;11;15;;722.45;1615.16;1057.53;2045.13;1594.36;2361.49;2457.38;3166.06;2517.59;3036.70
855;Schwarzenburg;6711.0;246;21;4;;0.00;0.00;0.00;0.00;0.00;0.00;0.00;0.00;0.00;435.84
341;Schwarzhäusern;485.0;244;2;15;;738.22;1525.30;1119.48;1698.52;825.32;1270.92;1404.69;1112.17;1408.04;1425.29
937;Schwendibach;254.0;247;24;15;;1182.45;1981.37;3048.55;1787.12;2525.31;1717.82;3064.49;3108.29;3544.01;4894.01
311;Schüpfen;3530.0;243;1;11;351;798.74;1061.58;1157.94;1415.00;995.56;1251.01;1507.11;1302.77;1405.11;1098.94
988;Seeberg;1389.0;244;26;20;;1953.30;2307.17;2278.76;2050.98;2157.65;1933.23;2182.63;2356.89;1707.23;1886.41
312;Seedorf;2987.0;243;1;20;;1541.30;1957.44;1767.48;2133.31;1446.08;1738.87;1958.32;2148.09;2004.59;1795.75
709;Seehof;71.0;241;15;21;;481.46;690.19;2183.96;-576.35;407.27;319.39;776.59;637.12;825.07;-71.66
883;Seftigen;2110.0;247;22;14;942;1440.30;1765.54;1476.92;1465.65;1199.50;1550.71;1703.53;1486.54;1164.63;1783.74
907;Signau;2749.0;245;23;19;;346.28;727.96;584.96;764.72;309.08;694.74;854.20;971.31;1014.07;951.11
938;Sigriswil;4633.0;247;24;7;;733.25;899.56;845.89;1031.86;793.80;954.58;1323.99;1160.55;1386.91;1571.47
499;Siselen;580.0;243;8;20;;1702.33;2115.53;2119.67;2240.64;2219.51;2060.58;2550.74;2301.29;1918.32;2331.57
444;Sonceboz;1804.0;241;7;18;;843.58;993.29;951.72;1015.86;1208.98;1389.47;1851.28;1426.85;1868.96;1482.15
445;Sonvilier;1192.0;241;7;19;;1930.96;1940.64;1623.74;1918.39;1486.80;1864.24;2059.77;2429.49;1317.83;1752.71
710;Sornetan;131.0;241;15;21;;1975.52;3246.39;2468.24;2751.63;2575.42;3774.49;2494.39;4379.05;2296.12;2571.68
711;Sorvilier;268.0;241;15;19;;1341.61;1790.79;1499.95;2041.31;1270.92;1357.07;2368.76;2181.46;2440.28;1866.97
712;Souboz;134.0;241;15;21;;2720.04;137.68;2626.55;2172.93;1496.30;2038.88;2012.59;2801.37;2244.01;2825.59
768;Spiez;12477.0;249;17;12;942;427.91;651.04;547.84;719.82;446.08;651.02;819.48;783.40;1082.37;825.70
793;St. Stephan;1379.0;248;19;20;;879.21;1064.55;972.11;1172.30;938.74;1388.84;1453.89;1591.25;1964.25;2367.20
939;Steffisburg;15423.0;247;24;13;942;442.32;647.19;569.63;636.45;392.25;569.80;760.99;653.03;630.11;520.74
358;Stettlen;2891.0;246;3;10;351;841.31;574.20;631.38;729.64;405.66;685.24;1056.69;567.99;665.20;947.38
749;Studen;2837.0;243;16;13;371;1668.61;2042.43;1915.70;2220.62;1840.58;1483.31;1870.29;1892.94;2227.30;2401.30
957;Sumiswald;5039.0;245;25;19;;453.64;578.00;451.65;503.94;307.51;604.04;780.93;915.65;1067.17;1003.78
750;Sutz-Lattrigen;1352.0;242;16;14;371;1899.59;2367.85;1936.81;2316.77;2022.96;2292.09;2638.02;2102.86;2171.64;2480.87
713;Tavannes;3542.0;241;15;18;;420.25;690.68;657.32;580.75;397.16;531.97;728.43;816.51;942.76;1013.87
940;Teuffenthal;168.0;247;24;21;;565.56;1271.27;88.67;455.26;339.69;-182.64;922.58;2357.49;1104.75;1916.11
941;Thierachern;2302.0;247;24;14;942;1325.22;1548.44;1700.61;1918.40;1519.81;1582.71;1627.42;1607.64;1605.01;1492.12
942;Thun;42623.0;247;24;2;942;726.28;1154.70;1069.65;1191.75;894.74;1119.65;1526.89;1246.01;1430.29;1132.12
342;Thunstetten;3063.0;244;2;17;;1565.60;1604.47;1363.63;1499.66;1368.69;1360.69;1643.90;1645.92;1519.82;1615.95
989;Thörigen;1027.0;244;26;15;;664.46;1185.37;1134.27;1356.02;984.87;1849.70;1000.62;1351.49;879.00;1480.56
884;Toffen;2457.0;246;22;11;351;1307.59;1569.66;1298.81;1381.09;1307.78;1157.99;1401.16;1551.35;1723.77;1638.64
958;Trachselwald;1024.0;245;25;21;;832.27;912.91;970.74;1725.57;1620.69;1673.20;2361.59;1754.34;1636.99;2011.17
446;Tramelan;4248.0;241;7;18;;386.94;576.15;535.52;437.04;261.47;545.25;794.17;595.97;684.06;530.11
500;Treiten;441.0;243;8;21;;1784.47;2089.37;1997.22;2065.94;1769.57;1546.78;2065.56;2319.28;1881.65;2288.01
631;Trimstein;508.0;246;12;11;351;913.32;1107.82;944.43;927.64;1090.48;1080.90;1495.61;1553.68;1442.06;1399.21
908;Trub;1377.0;245;23;21;;899.97;1144.32;1141.02;1450.29;1482.12;1555.15;2725.91;1507.10;1777.23;2418.07
909;Trubschachen;1392.0;245;23;19;;506.21;788.94;560.23;563.72;731.42;578.22;1307.90;938.87;1100.89;1229.56
501;Tschugg;449.0;243;8;8;;1592.74;2321.02;2221.00;2336.83;2272.96;2559.32;2572.77;1970.21;2594.31;2806.27
753;Twann;0.0;242;16;20;;4130.38;4397.90;3703.83;5031.94;5141.09;5703.97;7176.86;6851.45;0.00;0.00
756;Twann-Tüscherz;1138.0;242;16;20;;0.00;0.00;0.00;0.00;0.00;0.00;0.00;0.00;7423.86;6925.19
625;Tägertschi;418.0;246;12;21;;425.87;1791.30;1437.90;1536.85;1647.07;1855.33;1563.63;1870.33;1443.65;1878.73
751;Täuffelen;2655.0;243;16;17;;1920.64;1877.08;1809.69;1570.90;992.27;2434.85;2261.17;1468.58;1410.56;1326.30
752;Tüscherz-Alfermée;0.0;242;16;5;371;4193.95;6408.37;7162.08;5845.87;5728.45;6957.82;14306.58;8347.10;0.00;0.00
943;Uebeschi;692.0;247;24;15;;1493.48;1528.33;1366.13;1625.87;1511.34;1931.28;1670.81;1860.10;1964.59;1810.00
944;Uetendorf;5946.0;247;24;12;942;549.72;761.50;583.18;679.87;463.38;600.91;720.28;867.71;969.59;650.04
945;Unterlangenegg;903.0;247;24;21;;846.38;1064.16;1247.14;702.30;308.23;618.31;615.04;-113.31;363.89;-113.31
593;Unterseen;5487.0;250;11;12;;454.12;668.29;620.73;843.53;427.53;640.53;832.67;809.41;762.04;896.72
343;Untersteckholz;0.0;244;2;21;;2187.19;2890.07;2682.63;2477.73;2197.32;3557.19;2108.40;3423.10;0.00;0.00
344;Ursenbach;908.0;244;2;19;;1023.56;1601.17;930.46;1097.15;755.77;1227.20;1577.85;1230.96;1287.60;1278.04
551;Urtenen;5665.0;246;9;9;351;124.75;774.16;697.80;799.20;657.90;866.38;1046.78;1067.84;1118.62;896.26
885;Uttigen;1809.0;247;22;14;942;1264.73;1575.77;1264.30;1415.50;1207.93;1310.77;1386.58;1386.08;1533.34;1374.76
552;Utzenstorf;4123.0;245;9;17;;302.35;802.23;612.54;753.81;490.49;799.13;1005.63;950.64;1370.19;1035.79
447;Vauffelin;411.0;241;7;14;371;3640.61;3413.35;3501.44;4385.10;4903.91;4763.37;6049.44;5796.04;3725.14;4924.68
359;Vechigen;4653.0;246;3;11;351;775.87;1095.10;1019.47;1476.48;1105.71;1044.82;1433.75;1374.31;1366.46;1225.11
448;Villeret;895.0;241;7;18;;5446.94;5380.81;6550.99;5250.07;5355.89;5947.43;5452.92;5399.28;4624.85;4606.88
502;Vinelz;821.0;243;8;15;;1805.09;2376.57;2252.98;2521.20;2194.06;2236.21;2429.68;2149.39;2188.19;2082.09
946;Wachseldorn;232.0;247;24;21;;985.06;1258.47;1075.10;1113.19;962.84;1560.71;1512.35;2185.08;1338.63;3094.52
854;Wahlern;0.0;246;21;4;;338.34;583.48;432.20;487.89;331.06;342.24;556.53;478.50;468.43;0.00
888;Wald;1191.0;246;22;8;;0.00;0.00;2168.09;2527.08;2204.01;2587.05;2659.03;2508.65;2603.55;2510.40
626;Walkringen;1828.0;246;12;20;;1344.76;1365.22;1550.08;2052.00;1671.81;2164.72;2046.99;2222.22;1972.86;1834.39
990;Walliswil b.N.;204.0;244;26;16;;1689.15;1229.49;1302.04;2063.25;1097.57;2751.89;5441.96;1696.84;12899.44;4032.45
991;Walliswil b.W.;567.0;244;26;15;;1433.58;1598.53;1240.66;1856.34;1495.00;2213.63;2295.30;3376.87;4131.94;4312.81
754;Walperswil;938.0;243;16;19;;3169.00;3814.63;4071.51;3449.29;3856.82;3786.80;4121.88;3450.70;4184.79;4210.11
959;Walterswil;539.0;244;25;21;;1249.42;1492.53;1711.51;2284.54;2172.90;1939.51;2101.10;1796.36;1532.71;1897.57
992;Wangen a.A.;2088.0;244;26;17;;894.93;847.64;1198.26;1236.42;1545.17;715.72;1595.33;1194.48;1403.12;974.59
993;Wangenried;395.0;244;26;16;;1001.47;1948.29;1314.85;1880.44;1231.47;972.07;1365.71;1068.38;1662.26;1998.81
994;Wanzwil;0.0;244;26;18;;4020.64;4557.26;7547.66;8281.85;6887.36;15312.14;8717.01;0.00;0.00;0.00
886;Wattenwil;2692.0;247;22;17;;-427.75;-508.12;-482.78;-525.35;-966.61;-859.25;-507.22;-560.08;-520.73;-619.79
394;Wengi;612.0;243;5;20;;3065.74;3188.08;3086.26;2679.05;2282.33;2709.47;2724.33;1655.63;1871.45;1798.43
632;Wichtrach;4018.0;246;12;10;351;0.00;0.00;1546.28;1406.31;1481.06;1432.63;1488.15;1621.77;1311.68;1309.03
995;Wiedlisbach;2191.0;244;26;8;;966.97;1204.70;1170.14;1396.58;936.37;1751.84;1235.21;1474.91;1233.75;2066.21
553;Wiggiswil;100.0;246;9;21;;60.23;1789.21;1708.45;870.92;3357.00;222.71;834.80;2529.87;2006.21;1187.05
594;Wilderswil;2487.0;250;11;6;;325.42;419.88;410.93;577.36;401.07;528.93;701.59;925.54;678.97;817.08
554;Wiler b.U.;817.0;245;9;15;;1062.78;1432.60;1079.58;1356.38;1119.27;1366.60;1590.94;917.71;2221.10;1104.31
671;Wileroltigen;390.0;246;14;21;;2546.23;1970.32;2711.83;3411.76;3873.20;3692.14;4439.11;4101.81;4699.69;4109.09
423;Willadingen;201.0;245;6;15;;3339.59;2985.75;2137.78;2676.92;1987.53;2263.90;2539.21;2599.38;2515.44;1772.95
769;Wimmis;2413.0;249;17;17;;-97.59;100.64;191.00;310.30;187.18;97.75;378.63;67.56;394.92;234.13
360;Wohlen b.B.;8877.0;246;3;11;351;1032.48;1444.07;1133.43;1339.24;1130.26;1267.17;1566.05;1478.40;1475.80;1317.61
996;Wolfisberg;198.0;244;26;16;;1277.58;1948.96;2179.63;2844.56;2806.47;3454.46;2195.05;3137.58;2530.39;3451.93
627;Worb;11236.0;246;12;10;351;827.46;1199.24;1055.67;1387.42;1112.94;1307.25;1849.25;1498.79;1351.87;1511.17
755;Worben;2288.0;243;16;8;371;1197.79;1688.03;1847.25;1884.51;1567.90;1859.58;1907.15;1982.04;1763.57;1642.02
345;Wynau;1551.0;244;2;15;;1387.76;1586.47;1208.41;1760.14;1130.74;1745.21;1473.96;1193.81;1732.22;917.19
424;Wynigen;2014.0;245;6;20;;450.76;645.94;596.50;930.45;460.72;107.38;847.93;549.36;1026.98;244.26
960;Wyssachen;1161.0;244;25;19;;589.56;905.95;865.18;1141.80;1076.11;1364.27;1650.46;1536.25;1791.12;1520.02
555;Zauggenried;316.0;246;9;20;;2037.73;2116.26;2731.26;1980.30;2002.33;2468.58;3159.64;3022.73;3050.49;3147.91
556;Zielebach;329.0;245;9;14;;3397.67;1877.03;1897.68;2404.58;1865.33;1602.90;2083.13;1708.77;1396.72;1515.75
361;Zollikofen;9792.0;246;3;9;351;545.84;961.72;817.69;961.42;732.68;807.86;1023.35;1085.40;1100.97;932.61
557;Zuzwil;578.0;246;9;15;;796.65;1180.83;1007.96;1318.70;935.09;711.83;1208.63;378.31;348.55;889.05
794;Zweisimmen;2998.0;248;19;4;;108.26;423.91;266.79;815.44;552.14;721.92;1188.64;1039.47;1153.35;981.81
947;Zwieselberg;280.0;247;24;16;;1140.19;2132.84;906.91;2441.42;1472.75;1011.64;2380.42;3511.54;3985.70;3024.62
628;Zäziwil;1591.0;246;12;15;;1105.99;1210.21;1018.28;1452.89;1340.62;1341.09;1497.58;1474.32;1536.22;1444.86

