K39 NPEKF NettoA pro Einwohner Kultur + Freizeit;;;;;;;;;
Kurzbeschrieb: Nettoaufwand (Funktion 3) dividiert durch die Einwohnerzahl.




BFS-Nr.;Gemeinde;Anzahl Einwohner;Verw.-Kreis ;Amtsbezirk;BFS Typ;Agglomeration BFS-Nr.;2002 [SFR];2003 [SFR];2004 [SFR];2005 [SFR];2006 [SFR];2007 [SFR];2008 [SFR];2009 [SFR];2010 [SFR];2011 [SFR]
301;Aarberg;4090.0;243;1;17;;148.57;144.89;177.81;195.51;199.06;187.38;173.27;211.33;230.18;230.77
321;Aarwangen;4214.0;244;2;15;;23.13;29.15;40.68;32.74;36.10;31.13;34.82;56.82;47.48;39.61
561;Adelboden;3583.0;249;10;6;;56.97;72.82;88.13;74.39;83.86;79.96;83.17;80.44;78.15;125.42
401;Aefligen;1036.0;245;6;14;404;12.38;21.23;11.61;15.71;16.25;13.64;18.74;17.13;18.11;17.78
731;Aegerten;1750.0;242;16;14;371;46.79;44.70;45.05;54.20;50.12;53.82;57.85;58.77;75.02;50.80
562;Aeschi b.Sp.;2070.0;249;10;7;;60.83;60.22;61.67;62.49;57.48;59.70;56.26;55.28;75.30;90.49
601;Aeschlen;0.0;246;12;21;;1.65;1.23;1.01;0.82;0.58;0.59;1.57;-4.85;0.00;0.00
951;Affoltern i.E.;1141.0;245;25;19;;0.04;3.70;5.18;3.68;10.27;4.28;3.59;11.66;11.88;3.69
851;Albligen;0.0;246;21;20;;5.96;8.06;6.68;17.69;35.04;26.24;19.85;20.61;14.95;0.00
402;Alchenstorf;570.0;245;6;16;;16.04;17.46;12.81;26.17;28.56;30.91;28.31;47.87;39.32;29.69
630;Allmendingen;515.0;246;12;11;351;32.11;37.77;42.81;45.27;41.09;43.91;46.41;42.49;48.54;50.63
921;Amsoldingen;797.0;247;24;16;;5.00;9.74;11.03;7.93;11.31;4.16;2.39;3.02;2.93;2.89
381;Arch;1542.0;243;5;18;;40.60;17.61;19.73;19.32;22.59;15.82;14.96;18.23;22.32;17.92
602;Arni;955.0;246;12;20;;7.07;7.20;8.27;8.50;10.45;7.03;11.11;10.56;8.78;9.54
971;Attiswil;1298.0;244;26;16;;43.71;40.07;60.00;44.19;46.80;19.99;18.03;20.07;28.56;29.77
322;Auswil;460.0;244;2;19;;7.16;6.84;9.73;9.64;7.25;8.79;12.14;9.78;8.47;7.76
531;Ballmoos;0.0;246;9;21;;12.42;10.61;16.83;14.43;13.50;8.44;8.32;16.79;0.00;0.00
532;Bangerten;158.0;243;9;21;;7.99;10.35;15.92;11.94;4.08;28.32;-0.53;3.46;2.61;38.05
323;Bannwil;676.0;244;2;15;;29.09;32.96;13.13;15.05;12.05;9.33;13.79;13.23;16.53;10.09
302;Bargen;1005.0;243;1;16;;22.04;21.50;26.99;18.12;20.53;20.69;23.02;22.48;27.76;17.27
571;Beatenberg;1126.0;250;11;7;;233.17;149.43;144.24;145.20;146.28;152.76;141.43;128.07;151.07;166.01
732;Bellmund;1490.0;242;16;14;371;53.47;53.80;52.55;56.30;56.47;77.81;59.49;57.84;50.08;48.06
861;Belp;10356.0;246;22;9;351;38.71;45.68;54.44;52.19;50.36;40.76;53.61;58.62;46.99;58.01
862;Belpberg;418.0;246;22;21;;6.95;6.76;7.87;6.44;5.84;7.07;6.64;7.35;7.06;7.01
681;Belprahon;300.0;241;15;15;;62.44;41.11;33.80;38.30;47.62;38.98;45.68;62.24;68.65;67.60
972;Berken;47.0;244;26;22;;-3.62;3.90;3.70;1.83;-2.80;4.57;5.62;4.10;-7.47;14.53
351;Bern;126664.0;246;3;1;351;517.17;519.59;465.50;518.57;532.57;526.18;552.84;638.31;630.94;692.65
973;Bettenhausen;686.0;244;26;15;;19.63;19.55;18.24;22.82;19.15;16.13;20.92;23.95;20.28;29.86
371;Biel;51323.0;242;4;2;371;349.40;373.40;401.92;447.80;452.98;426.55;430.32;376.48;395.95;382.81
603;Biglen;1729.0;246;12;15;;110.21;100.00;111.13;122.00;98.60;104.15;111.41;87.91;114.96;127.72
324;Bleienbach;654.0;244;2;19;;15.10;21.22;21.19;23.71;34.87;24.07;23.85;31.91;28.70;23.83
604;Bleiken b.O.;385.0;246;12;16;;2.55;2.49;0.00;1.89;0.46;1.56;0.59;3.46;2.70;2.42
922;Blumenstein;1182.0;247;24;17;;4.96;5.78;1.95;1.62;-0.83;-0.83;-1.09;1.40;-0.06;5.30
352;Bolligen;6057.0;246;3;11;351;141.02;136.03;120.72;155.50;147.54;154.73;152.88;166.91;147.04;138.20
974;Bollodingen;0.0;244;26;19;;26.26;28.04;29.06;39.44;32.60;77.17;35.38;54.38;80.04;0.00
791;Boltigen;1366.0;248;19;21;;5.06;19.04;17.37;6.05;5.77;21.30;4.97;18.61;17.82;20.45
605;Bowil;1381.0;246;12;19;;59.08;49.50;44.98;46.20;46.55;34.52;33.99;44.07;52.73;44.73
353;Bremgarten b.B.;4210.0;246;3;11;351;63.43;73.62;73.77;72.67;73.86;84.06;88.20;109.48;99.76;101.19
606;Brenzikofen;524.0;246;12;15;;-2.73;3.48;4.83;4.86;5.15;4.05;6.39;4.70;6.85;5.35
573;Brienz;3014.0;250;11;7;;71.51;77.41;80.15;75.20;69.23;81.03;67.50;68.33;82.00;117.18
574;Brienzwiler;511.0;250;11;17;;14.69;15.50;25.99;18.33;17.43;21.28;18.33;14.86;18.59;23.38
733;Brügg;4155.0;242;16;12;371;124.63;131.35;155.59;140.99;71.26;62.33;78.15;66.54;71.04;67.10
491;Brüttelen;577.0;243;8;21;;30.26;32.49;30.67;35.06;35.45;26.59;29.68;33.66;28.24;32.13
923;Buchholterberg;1531.0;247;24;19;;12.80;8.85;16.27;10.25;9.69;13.06;13.13;14.24;19.48;15.18
404;Burgdorf;15549.0;245;6;3;404;266.48;250.68;259.17;244.22;119.33;114.22;116.49;130.77;135.70;156.00
863;Burgistein;1026.0;247;22;16;;4.20;5.05;3.87;4.37;5.56;8.11;8.56;8.28;7.28;8.91
384;Busswil b.B.;0.0;243;5;14;371;24.88;24.66;28.24;19.97;24.66;17.44;30.67;27.20;30.45;0.00
325;Busswil b.M.;201.0;244;2;20;;8.28;10.76;9.43;8.88;27.01;9.33;11.87;10.70;9.99;11.09
403;Bäriswil;1005.0;246;6;11;351;32.45;26.12;13.02;11.27;18.00;44.29;41.14;-23.40;34.48;85.32
533;Bätterkinden;3171.0;245;9;15;;76.07;80.53;79.63;79.73;74.19;72.12;76.71;91.26;85.10;116.11
682;Bévilard;1681.0;241;15;18;;103.75;87.49;103.52;119.15;77.94;93.61;109.97;98.41;117.61;107.29
572;Bönigen;2447.0;250;11;7;;28.75;25.17;25.24;51.61;41.36;35.07;43.47;29.55;34.36;31.92
382;Büetigen;827.0;243;5;15;;36.49;41.07;39.88;41.18;28.50;19.40;27.03;34.24;45.35;69.86
734;Bühl;419.0;243;16;16;;28.31;27.16;30.45;28.59;25.76;29.27;44.90;41.43;42.67;28.81
383;Büren a.A.;3295.0;243;5;17;;111.03;108.49;130.76;127.76;152.37;134.11;158.93;163.01;141.72;181.71
534;Büren z.H.;468.0;246;9;15;;51.06;58.32;112.65;57.51;57.32;-77.63;51.12;59.78;55.93;58.26
683;Champoz;162.0;241;15;21;;32.73;34.86;18.28;20.62;17.90;18.21;157.62;46.90;21.54;39.01
684;Châtelat;113.0;241;15;21;;83.36;19.49;10.61;14.13;-2.83;10.74;47.55;31.04;15.18;69.35
661;Clavaleyres;49.0;246;14;21;;7.86;7.85;9.39;8.00;10.28;19.04;21.72;23.59;88.37;36.79
687;Corcelles;214.0;241;15;15;;35.04;22.39;23.95;20.65;19.18;33.09;32.45;32.29;30.35;35.99
431;Corgémont;1551.0;241;7;18;;29.44;17.41;19.49;23.50;25.89;22.75;39.82;48.56;22.74;49.92
432;Cormoret;495.0;241;7;15;;16.35;17.57;17.17;19.77;22.90;38.98;23.53;39.90;23.93;48.86
433;Cortébert;697.0;241;7;15;;13.91;15.98;16.84;15.09;15.83;21.28;21.51;21.68;21.92;41.32
690;Court;1390.0;241;15;18;;69.21;92.51;92.48;87.43;100.08;82.04;123.77;145.93;94.38;103.85
434;Courtelary;1283.0;241;7;18;;50.09;57.55;36.98;36.81;44.94;44.45;52.61;53.55;82.16;70.90
691;Crémines;550.0;241;15;18;;24.00;27.81;31.36;37.81;43.85;38.56;58.59;49.37;88.27;59.20
535;Deisswil b.M.;97.0;246;9;15;;10.50;9.22;6.25;4.79;4.22;3.84;3.36;5.67;5.70;6.36
536;Diemerswil;199.0;246;9;11;351;10.39;9.06;11.61;9.33;9.33;8.85;10.34;10.31;13.07;83.41
762;Diemtigen;2140.0;249;17;21;;7.27;9.52;16.43;14.30;19.51;18.72;23.26;28.08;28.64;32.37
385;Diessbach b.B.;923.0;243;5;15;;12.83;7.38;14.70;9.27;12.23;6.03;11.89;9.74;14.09;8.69
721;Diesse;443.0;241;13;17;;50.46;47.45;46.48;60.27;45.42;61.58;76.72;59.07;54.85;56.09
386;Dotzigen;1358.0;243;5;15;;34.84;35.52;34.66;35.61;37.21;36.62;30.47;36.92;31.21;24.18
575;Därligen;416.0;250;11;15;;6.25;7.71;10.91;10.34;17.95;7.16;5.12;13.75;13.53;20.83
761;Därstetten;833.0;249;17;19;;44.30;28.17;35.51;27.85;12.68;-14.56;4.55;15.38;1.42;4.30
952;Dürrenroth;1064.0;245;25;21;;5.70;17.34;27.41;13.61;14.69;12.78;16.18;39.77;13.08;16.68
901;Eggiwil;2453.0;245;23;21;;10.53;9.88;12.26;9.17;15.97;10.49;16.73;12.90;14.58;13.71
864;Englisberg;0.0;246;22;8;;9.21;7.49;0.00;0.00;0.00;0.00;0.00;0.00;0.00;0.00
735;Epsach;341.0;243;16;16;;9.38;26.22;80.79;17.13;40.32;13.72;16.02;19.45;21.02;19.44
953;Eriswil;1347.0;244;25;19;;1.52;2.19;14.62;14.42;2.75;2.70;10.10;10.67;13.00;28.29
924;Eriz;496.0;247;24;21;;24.38;27.17;21.87;31.18;28.01;55.11;27.50;27.41;33.77;25.49
492;Erlach;1278.0;243;8;17;;-215.41;-232.92;-265.58;-105.45;-175.27;-92.60;-66.87;-200.06;-66.29;-112.14
763;Erlenbach i.S.;1695.0;249;17;20;;16.44;11.61;13.31;10.06;9.56;12.90;18.78;30.23;31.70;34.26
405;Ersigen;1589.0;245;6;19;;19.23;20.37;18.56;19.36;18.66;22.86;21.85;22.61;31.41;52.91
692;Eschert;377.0;241;15;19;;13.49;13.02;13.82;11.51;17.39;17.01;16.64;16.77;19.22;16.13
537;Etzelkofen;289.0;246;9;18;;34.30;34.88;50.35;40.64;57.12;55.30;57.56;71.72;60.92;40.08
372;Evilard;2424.0;242;4;5;371;76.07;84.10;88.92;91.04;83.76;111.06;111.83;132.09;148.71;178.03
925;Fahrni;741.0;247;24;20;;6.60;4.98;5.70;1.56;1.53;1.26;1.49;6.04;0.36;1.60
975;Farnern;209.0;244;26;15;;14.96;48.66;14.76;16.38;11.73;22.04;10.68;16.22;-2.19;2.14
662;Ferenbalm;1270.0;246;14;15;;26.22;27.49;26.96;27.05;26.45;36.34;27.86;26.99;28.98;27.08
493;Finsterhennen;501.0;243;8;20;;13.52;16.67;17.04;15.23;19.12;17.39;18.71;17.30;20.88;19.67
926;Forst;0.0;247;24;15;;14.49;12.51;26.49;15.86;20.19;0.00;0.00;0.00;0.00;0.00
948;Forst-Längenbühl;704.0;247;24;19;;0.00;0.00;0.00;0.00;0.00;18.06;18.35;13.13;15.86;12.31
538;Fraubrunnen;1791.0;246;9;11;351;34.44;13.00;43.00;31.26;28.59;45.91;34.99;42.22;58.84;56.29
663;Frauenkappelen;1256.0;246;14;11;351;35.83;19.60;27.74;33.51;27.79;32.86;38.23;40.24;43.51;36.62
607;Freimettigen;424.0;246;12;15;;3.57;7.00;8.86;6.03;6.24;5.85;6.39;7.35;13.16;8.38
563;Frutigen;6703.0;249;10;4;;34.87;32.37;35.43;36.12;35.45;35.47;43.54;40.40;47.16;48.01
781;Gadmen;229.0;250;18;22;;33.55;16.59;21.19;-26.41;-19.51;-17.61;-32.79;-10.85;17.63;21.03
494;Gals;729.0;243;8;20;;24.03;23.78;30.00;23.72;24.10;16.26;23.30;41.44;35.25;54.92
495;Gampelen;791.0;243;8;17;;-65.86;-25.43;-23.28;-27.35;-28.46;-28.37;-24.77;-24.88;-24.81;5.64
865;Gelterfingen;242.0;246;22;21;;10.32;11.90;19.06;12.62;11.68;14.61;12.50;13.13;13.79;13.63
866;Gerzensee;1134.0;246;22;20;;27.99;57.08;37.02;22.52;26.37;26.99;26.05;23.61;21.46;29.05
664;Golaten;303.0;246;14;21;;10.67;12.28;10.63;9.44;4.21;10.05;10.23;10.25;10.72;10.86
326;Gondiswil;724.0;244;2;19;;8.14;7.48;9.14;7.82;13.76;11.05;9.17;9.71;8.48;8.72
976;Graben;291.0;244;26;15;;6.45;14.75;5.31;19.20;8.55;10.63;9.73;17.32;29.23;38.79
539;Grafenried;976.0;246;9;11;351;49.95;51.45;65.89;54.63;77.95;43.41;32.65;36.50;41.80;52.16
694;Grandval;351.0;241;15;18;;23.10;14.55;12.52;17.64;20.62;27.46;30.64;23.49;16.88;31.63
576;Grindelwald;4040.0;250;11;6;;32.49;33.40;42.76;65.31;65.03;74.31;73.14;85.34;83.86;82.69
303;Grossaffoltern;2812.0;243;1;15;;37.02;38.26;37.55;38.55;34.65;36.53;33.16;37.50;41.54;44.40
608;Grosshöchstetten;3289.0;246;12;11;351;70.24;75.35;77.46;90.34;89.74;102.31;158.17;539.85;926.19;197.49
841;Gsteig;986.0;248;20;20;;39.39;68.04;70.07;76.53;69.37;57.22;90.87;76.67;92.64;81.36
577;Gsteigwiler;430.0;250;11;14;;10.84;10.12;11.20;15.05;17.70;14.03;13.95;13.31;24.38;27.27
852;Guggisberg;1585.0;246;21;21;;0.00;0.00;0.00;0.00;0.00;0.00;0.00;0.00;0.00;0.00
665;Gurbrü;245.0;246;14;21;;6.59;21.33;6.06;7.14;1.64;31.11;8.96;8.95;21.03;10.34
867;Gurzelen;798.0;247;22;19;;10.62;10.18;23.45;16.07;9.52;11.56;12.23;10.64;7.58;4.54
327;Gutenburg;0.0;244;2;15;;-2.90;12.81;16.16;20.00;22.24;0.00;0.00;0.00;0.00;0.00
782;Guttannen;321.0;250;18;7;;113.76;126.27;131.72;177.43;161.66;226.60;198.69;187.01;146.03;201.73
578;Gündlischwand;284.0;250;11;17;;21.11;29.63;33.22;18.85;37.75;35.77;26.95;28.80;25.87;43.68
579;Habkern;640.0;250;11;21;;31.69;-0.55;22.50;80.02;90.36;299.72;67.99;77.79;146.49;107.15
736;Hagneck;415.0;243;16;15;;12.73;13.25;20.27;26.10;11.31;16.35;19.60;22.58;16.41;21.33
406;Hasle b.B.;3170.0;245;6;16;;0.16;0.77;-39.27;18.02;18.14;18.07;17.59;21.14;9.38;170.58
783;Hasliberg;1229.0;250;18;6;;44.92;35.53;56.97;62.96;52.82;67.72;46.75;52.57;63.98;66.14
927;Heiligenschwendi;675.0;247;24;7;;21.06;24.73;17.40;27.46;18.91;14.97;28.53;40.62;3.65;36.58
928;Heimberg;6365.0;247;24;12;942;38.29;47.58;46.09;43.32;46.86;12.76;27.76;27.97;26.85;30.53
977;Heimenhausen;1016.0;244;26;15;;16.46;8.72;21.14;21.28;16.44;9.82;73.17;17.99;25.46;24.56
407;Heimiswil;1636.0;245;6;21;;-0.21;3.27;-54.84;7.04;7.22;4.27;5.77;8.38;13.42;9.88
408;Hellsau;192.0;245;6;19;;16.21;12.90;13.11;36.20;-132.62;58.61;30.57;51.40;28.99;32.82
610;Herbligen;551.0;246;12;16;;10.03;9.55;10.46;9.68;10.42;2.84;3.82;4.35;4.87;4.09
978;Hermiswil;96.0;244;26;20;;14.56;14.29;12.91;15.77;12.47;10.47;7.03;10.21;3.47;24.48
737;Hermrigen;262.0;243;16;16;;26.74;28.51;28.26;29.13;25.76;26.97;42.87;31.60;70.53;33.50
979;Herzogenbuchsee;6795.0;244;26;4;;92.56;85.72;121.81;126.75;125.41;157.04;125.89;144.26;159.40;145.93
929;Hilterfingen;3998.0;247;24;13;942;113.82;112.20;108.01;112.73;121.54;126.46;181.17;188.51;170.88;170.03
409;Hindelbank;2094.0;245;6;17;;42.65;35.38;21.56;21.52;19.85;38.92;51.34;43.21;41.29;44.35
580;Hofstetten b.B.;567.0;250;11;17;;13.39;20.24;15.82;9.40;13.80;11.57;13.19;12.85;12.21;17.04
931;Homberg;502.0;247;24;21;;5.81;8.42;3.63;4.41;5.43;7.20;6.68;7.91;6.29;7.08
932;Horrenbach-Buchen;259.0;247;24;21;;18.48;35.01;34.70;36.36;20.86;20.51;37.08;13.16;15.74;19.35
954;Huttwil;4726.0;244;25;18;;117.08;119.28;137.89;128.24;420.42;122.17;105.69;106.13;101.21;108.35
609;Häutligen;239.0;246;12;21;;19.64;20.59;35.39;3.42;7.41;5.94;6.88;-3.67;-2.00;-3.18
410;Höchstetten;258.0;245;6;19;;17.43;21.32;11.61;36.17;51.77;35.07;39.20;70.47;42.60;39.43
930;Höfen;441.0;247;24;16;;16.93;17.37;10.28;8.90;6.35;7.11;8.37;6.48;7.82;8.78
541;Iffwil;409.0;246;9;20;;30.78;26.09;30.87;22.07;27.08;26.90;25.14;30.52;26.14;41.55
980;Inkwil;638.0;244;26;15;;26.87;26.18;22.18;21.22;19.50;19.55;22.06;21.45;23.57;24.87
784;Innertkirchen;886.0;250;18;19;;53.69;75.33;53.26;61.72;64.90;114.30;85.73;66.38;91.48;87.08
496;Ins;3260.0;243;8;20;;108.49;102.78;113.41;118.04;114.90;118.38;282.41;300.12;298.28;273.76
581;Interlaken;5481.0;250;11;6;;56.25;70.05;68.42;65.27;59.23;58.25;79.86;71.29;77.05;79.46
739;Ipsach;3913.0;242;16;13;371;57.71;53.61;60.67;54.40;46.15;52.13;55.47;48.96;55.18;56.15
582;Iseltwald;432.0;250;11;20;;23.54;40.12;50.10;1.52;25.01;-36.81;19.85;148.35;134.66;137.03
362;Ittigen;11006.0;246;3;9;351;76.46;78.96;71.53;75.14;76.73;83.11;87.70;95.72;86.88;87.39
868;Jaberg;258.0;246;22;15;;37.69;47.41;41.48;49.70;44.95;44.41;43.53;45.09;32.32;44.23
540;Jegenstorf;4680.0;246;9;10;351;99.64;88.50;88.87;86.29;75.90;78.08;75.89;66.05;55.40;41.71
738;Jens;681.0;243;16;15;;44.41;44.03;64.43;43.39;43.12;66.56;47.64;48.72;44.24;51.81
304;Kallnach;1563.0;243;1;19;;20.73;20.22;15.15;24.10;16.86;17.74;43.35;33.36;14.29;29.09
564;Kandergrund;810.0;249;10;8;;35.42;27.99;28.95;10.02;11.94;14.65;12.87;11.79;15.06;13.28
565;Kandersteg;1261.0;249;10;6;;182.21;135.92;147.03;150.94;177.44;149.93;158.50;162.22;241.02;206.12
305;Kappelen;1278.0;243;1;19;;18.22;14.17;16.94;15.77;15.45;10.03;28.50;21.44;15.81;15.01
869;Kaufdorf;1034.0;246;22;11;351;11.52;10.58;13.99;13.23;14.55;15.18;15.56;18.72;15.57;17.17
870;Kehrsatz;3964.0;246;22;10;351;34.82;34.46;56.74;57.49;49.91;51.20;50.81;63.57;48.29;44.46
411;Kernenried;449.0;245;6;15;;15.09;14.00;17.16;8.93;25.44;25.28;24.04;10.41;31.20;23.30
871;Kienersrüti;52.0;247;22;21;;5.24;5.18;11.52;7.18;12.89;148.37;31.67;38.23;16.08;-2.54
611;Kiesen;857.0;246;12;15;;31.83;27.48;34.31;33.64;34.66;44.30;38.63;36.02;40.57;123.76
412;Kirchberg;5613.0;245;6;12;404;57.84;56.17;58.61;74.57;70.93;78.24;81.66;87.05;91.80;87.43
872;Kirchdorf;814.0;246;22;20;;24.11;25.33;25.32;26.80;24.11;41.10;30.55;46.63;24.49;46.14
873;Kirchenthurnen;271.0;246;22;15;;15.90;16.37;15.52;18.98;16.62;16.62;16.97;15.92;11.32;14.73
354;Kirchlindach;2815.0;246;3;11;351;47.50;49.47;56.59;66.63;56.63;79.11;68.64;73.21;67.25;71.83
328;Kleindietwil;0.0;244;2;19;;16.04;21.59;20.36;20.41;22.50;22.33;21.75;23.06;22.86;0.00
612;Konolfingen;4739.0;246;12;9;351;74.27;75.70;81.09;87.82;88.78;76.90;89.45;102.91;112.74;125.53
413;Koppigen;2070.0;245;6;17;;49.70;41.44;56.87;53.12;52.27;79.44;64.55;62.79;59.88;80.24
566;Krattigen;989.0;249;10;17;;17.25;12.99;28.75;15.68;19.35;23.11;20.55;34.32;49.11;34.59
414;Krauchthal;2318.0;245;6;15;;25.50;20.72;-36.35;11.56;7.78;19.90;29.77;39.75;38.74;34.49
666;Kriechenwil;410.0;246;14;20;;5.76;6.88;18.97;21.46;5.84;6.26;6.78;13.66;17.55;13.64
355;Köniz;38633.0;246;3;9;351;71.40;70.29;77.47;83.92;85.55;88.42;89.44;100.40;100.21;112.85
435;La Ferrière;545.0;241;7;19;;8.22;8.82;8.00;11.71;13.75;16.03;15.88;16.76;18.74;15.48
436;La Heutte;486.0;241;7;15;;45.26;79.40;44.98;101.77;73.63;51.72;45.02;54.53;65.97;44.10
723;La Neuveville;3559.0;241;13;17;;248.58;318.57;318.10;263.73;280.71;305.13;271.66;337.67;252.99;230.31
722;Lamboing;682.0;241;13;16;;27.77;42.38;37.49;33.92;38.80;42.47;78.83;91.83;62.51;-136.47
613;Landiswil;628.0;246;12;21;;0.91;0.07;0.95;1.38;0.41;0.59;1.14;-5.80;-4.39;-5.16
329;Langenthal;15017.0;244;2;3;;214.28;213.58;201.51;191.37;210.64;201.91;218.35;222.81;236.49;255.25
902;Langnau i.E.;9018.0;245;23;3;;70.24;79.26;81.90;91.44;102.17;116.46;115.22;116.21;136.85;168.23
842;Lauenen;810.0;248;20;21;;73.88;76.50;72.47;85.71;99.38;107.81;114.42;106.94;102.93;103.59
667;Laupen;2830.0;246;14;10;351;107.97;65.80;79.53;57.83;65.71;76.91;82.03;61.77;58.22;93.07
903;Lauperswil;2680.0;245;23;19;;6.14;9.50;7.17;10.18;13.06;9.59;11.77;9.94;14.47;14.34
584;Lauterbrunnen;2741.0;250;11;6;;87.70;59.61;86.26;92.34;81.00;85.12;114.13;117.88;122.69;142.35
330;Leimiswil;0.0;244;2;19;;7.00;7.28;10.37;10.24;10.65;12.34;15.85;14.78;14.80;0.00
585;Leissigen;932.0;250;11;17;;23.78;24.17;28.78;29.29;33.71;25.66;33.20;24.93;31.26;34.39
387;Lengnau;4627.0;242;5;14;;27.42;23.16;23.36;24.50;24.39;36.91;37.70;37.41;40.62;43.48
792;Lenk;2419.0;248;19;6;;51.92;34.50;33.63;48.66;86.06;99.55;114.87;102.80;113.65;110.75
388;Leuzigen;1200.0;243;5;16;;33.84;35.08;42.41;35.09;53.63;33.82;50.10;36.83;51.69;-97.43
740;Ligerz;521.0;242;16;20;;48.15;77.72;75.33;91.52;72.17;59.14;67.03;111.40;24.15;67.17
542;Limpach;359.0;246;9;20;;36.89;30.17;29.23;57.22;49.39;40.10;82.09;67.08;45.76;41.04
614;Linden;1321.0;246;12;19;;6.67;4.56;4.41;4.53;4.47;7.04;7.57;1.04;8.58;6.00
874;Lohnstorf;224.0;246;22;21;;10.15;19.31;18.11;26.31;12.24;11.39;17.25;16.24;19.35;16.77
331;Lotzwil;2462.0;244;2;15;;14.74;26.35;29.13;28.24;30.18;35.54;32.30;33.66;26.09;30.18
696;Loveresse;317.0;241;15;19;;23.30;22.46;27.08;24.81;24.88;28.01;40.16;28.85;38.77;30.87
306;Lyss;13776.0;243;1;3;;174.24;150.90;185.31;148.27;152.38;154.08;200.86;209.92;230.01;223.41
415;Lyssach;1427.0;245;6;12;404;39.04;37.69;38.78;41.16;32.91;44.66;46.37;36.94;39.98;45.74
933;Längenbühl;0.0;247;24;20;;12.87;11.06;20.47;18.64;19.36;0.00;0.00;0.00;0.00;0.00
497;Lüscherz;537.0;243;8;20;;-170.20;-136.88;-130.77;-61.31;-122.47;-108.89;-180.05;-141.85;-101.75;-46.94
586;Lütschental;240.0;250;11;20;;0.70;0.59;0.90;0.89;0.84;0.97;0.77;0.76;0.63;0.58
955;Lützelflüh;4075.0;245;25;19;;97.53;87.54;70.62;80.06;77.42;91.96;109.18;99.96;139.85;137.36
332;Madiswil;3140.0;244;2;20;;68.62;72.84;74.87;90.15;106.29;85.39;95.37;105.63;85.70;75.99
697;Malleray;1970.0;241;15;18;;96.91;105.08;90.82;104.69;65.17;78.27;96.75;85.23;104.04;105.66
587;Matten b.I.;3780.0;250;11;13;;70.84;83.88;83.11;88.14;106.45;129.26;123.44;114.01;114.43;110.37
543;Mattstetten;588.0;246;9;11;351;34.82;31.88;29.71;34.27;28.33;50.98;29.16;28.64;28.76;32.22
389;Meienried;53.0;243;5;20;;3.59;0.00;0.00;0.00;0.00;-2.08;-3.27;0.75;-4.06;-2.67
307;Meikirch;2344.0;246;1;11;351;26.49;20.96;34.36;37.57;30.11;37.58;38.18;42.32;42.34;41.49
390;Meinisberg;1292.0;242;5;15;;39.55;45.97;41.98;42.51;42.76;43.61;65.34;47.69;51.41;49.27
785;Meiringen;4581.0;250;18;7;;114.53;114.25;104.93;104.72;110.60;110.99;118.17;142.87;153.54;115.43
333;Melchnau;1567.0;244;2;19;;27.23;51.63;46.49;47.58;69.08;55.67;50.02;35.14;40.98;39.31
741;Merzligen;411.0;243;16;15;;49.00;21.45;38.02;40.84;15.34;38.07;37.99;75.40;48.00;43.63
615;Mirchel;578.0;246;12;16;;11.62;6.57;6.18;11.84;12.39;12.75;13.34;5.81;25.48;17.01
699;Monible;38.0;241;15;21;;2.78;3.06;2.78;2.94;2.63;2.70;2.63;2.63;2.38;0.00
437;Mont-Tramelan;120.0;241;7;21;;4.69;3.09;1.52;3.95;0.00;1.83;1.57;3.71;1.65;10.33
544;Moosseedorf;3620.0;246;9;9;351;53.52;31.82;59.21;56.24;60.61;68.18;64.05;79.26;50.59;73.50
700;Moutier;7479.0;241;15;3;;219.89;208.68;216.66;225.88;225.09;250.51;252.65;284.68;259.47;264.74
356;Muri b.B.;12369.0;246;3;5;351;143.74;135.65;137.03;147.25;141.66;156.17;156.84;163.33;171.98;172.57
742;Mörigen;878.0;242;16;5;371;75.74;65.42;58.38;115.10;90.73;92.29;118.46;118.64;124.25;161.08
416;Mötschwil;142.0;245;6;22;;12.36;16.92;9.41;1.87;9.70;14.26;0.53;23.21;10.65;19.38
668;Mühleberg;2668.0;246;14;20;;27.48;28.85;34.49;37.54;35.44;56.69;37.40;50.09;42.94;42.81
875;Mühledorf;248.0;246;22;20;;24.83;62.79;37.96;31.02;49.23;81.36;40.08;52.17;39.97;37.87
876;Mühlethurnen;1377.0;246;22;15;;14.79;15.40;12.54;16.44;15.12;14.21;14.22;19.95;18.28;20.26
545;Mülchi;234.0;246;9;16;;63.48;63.65;81.13;98.77;54.75;53.78;50.34;63.30;61.58;69.96
546;Münchenbuchsee;9703.0;246;9;9;351;199.71;205.03;213.21;210.75;181.63;173.78;182.30;410.68;168.76;150.78
669;Münchenwiler;468.0;246;14;15;;15.44;16.87;16.39;15.91;31.49;34.10;26.59;23.98;24.79;22.84
547;Münchringen;593.0;246;9;15;;25.69;24.69;21.80;23.53;31.87;32.27;26.49;30.30;29.73;50.71
616;Münsingen;10841.0;246;12;9;351;144.52;132.43;165.21;175.17;188.87;193.01;200.55;210.25;201.04;198.22
498;Müntschemier;1330.0;243;8;20;;36.04;31.21;39.47;31.07;29.42;31.16;22.56;38.23;28.96;27.80
670;Neuenegg;4913.0;246;14;11;351;31.85;36.29;37.94;39.36;45.47;42.57;44.01;46.82;46.22;48.23
743;Nidau;6816.0;242;16;12;371;183.68;167.09;187.85;184.79;192.27;229.27;215.70;222.70;231.64;246.29
981;Niederbipp;4211.0;244;26;17;;34.34;65.35;64.99;65.81;72.82;73.06;77.82;78.25;72.45;76.57
617;Niederhünigen;641.0;246;12;15;;-0.03;2.18;1.39;1.77;1.46;1.41;0.87;1.66;1.76;0.51
877;Niedermuhlern;505.0;246;22;21;;7.12;7.43;11.41;20.21;11.30;12.29;12.19;9.03;8.73;12.88
588;Niederried b.I.;338.0;250;11;15;;-0.62;7.89;0.45;0.94;-8.24;19.08;26.10;34.04;46.83;64.25
308;Niederried b.K.;297.0;243;1;15;;-9.08;-12.71;18.43;1.39;-0.66;5.07;28.36;-24.15;-1.72;2.56
764;Niederstocken;257.0;247;17;15;;13.64;12.05;13.35;9.54;11.65;9.62;9.71;8.52;11.29;10.23
618;Niederwichtrach;0.0;246;12;11;;36.64;35.58;0.00;0.00;0.00;0.00;0.00;0.00;0.00;0.00
982;Niederönz;1554.0;244;26;15;;13.80;13.95;12.90;14.72;21.16;12.65;20.60;19.22;19.64;18.10
417;Niederösch;240.0;245;6;21;;10.12;6.28;7.64;8.88;7.79;26.63;10.37;18.49;12.89;11.28
724;Nods;742.0;241;13;20;;34.40;31.82;32.96;33.35;47.73;40.20;47.74;48.93;55.06;39.17
878;Noflen;260.0;246;22;21;;7.34;6.88;6.77;8.73;-0.51;6.50;7.26;12.44;4.60;5.59
357;Oberbalm;869.0;246;3;21;;14.30;12.02;18.20;17.75;18.48;14.43;20.43;14.25;6.15;15.81
983;Oberbipp;1568.0;244;26;15;;24.46;30.25;26.38;24.63;32.33;38.26;28.94;30.05;32.60;58.36
418;Oberburg;2875.0;245;6;13;404;16.16;18.09;16.38;15.80;15.86;15.56;16.48;20.93;15.54;18.10
619;Oberdiessbach;3102.0;246;12;17;;64.44;42.88;58.65;61.97;64.74;84.48;79.94;64.65;87.38;64.39
934;Oberhofen;2354.0;247;24;14;942;127.86;103.26;119.72;152.90;161.41;134.56;160.42;165.70;152.02;139.79
629;Oberhünigen;326.0;246;12;21;;1.90;4.11;3.61;1.43;0.34;0.13;1.57;0.14;2.31;0.00
935;Oberlangenegg;486.0;247;24;21;;12.44;10.19;6.74;14.82;3.48;21.85;45.70;12.51;19.43;15.10
589;Oberried a.Br.-S.;479.0;250;11;17;;53.75;-2.84;21.68;31.05;27.79;38.68;27.01;69.60;29.44;15.60
334;Obersteckholz;423.0;244;2;16;;15.10;23.05;22.34;22.19;22.86;22.39;37.97;22.53;39.37;22.82
765;Oberstocken;282.0;247;17;15;;6.12;5.47;7.18;6.89;6.48;5.58;8.54;5.87;-2.96;-2.66
620;Oberthal;781.0;246;12;21;;7.29;13.27;18.44;11.16;10.41;10.12;10.62;33.32;20.11;14.44
621;Oberwichtrach;0.0;246;12;10;;48.02;46.08;0.00;0.00;0.00;0.00;0.00;0.00;0.00;0.00
391;Oberwil b.B.;809.0;243;5;16;;18.36;16.29;18.85;19.95;18.76;17.97;21.21;20.07;19.07;28.10
766;Oberwil i.S.;795.0;249;17;21;;15.98;29.89;31.95;15.04;15.26;20.63;22.47;29.68;27.18;32.57
984;Oberönz;0.0;244;26;15;;21.10;20.53;13.68;17.50;20.14;16.24;0.00;0.00;0.00;0.00
419;Oberösch;112.0;245;6;21;;3.46;1.40;1.50;1.14;5.36;10.40;11.27;16.20;6.00;6.86
985;Ochlenberg;586.0;244;26;21;;9.79;9.98;12.05;11.98;9.88;9.77;10.43;5.93;6.70;8.35
335;Oeschenbach;237.0;244;2;21;;6.53;6.18;7.05;8.87;9.60;10.29;12.28;12.57;6.12;6.50
622;Oppligen;669.0;246;12;15;;9.68;5.78;11.39;9.53;10.19;12.41;10.91;15.57;17.26;15.19
744;Orpund;2637.0;242;16;13;371;39.76;44.93;38.54;62.18;37.45;37.26;36.82;39.00;41.37;48.15
438;Orvin;1196.0;241;7;17;;20.10;-4.26;18.89;20.74;28.04;32.12;33.42;36.83;29.95;30.19
363;Ostermundigen;15436.0;246;3;10;351;99.28;96.72;102.73;116.76;124.39;123.91;128.66;142.45;144.43;125.71
701;Perrefitte;471.0;241;15;15;;30.51;38.99;24.27;30.83;25.11;37.12;30.08;53.13;29.61;33.51
392;Pieterlen;3633.0;242;5;13;371;55.51;60.32;43.84;44.21;44.89;44.34;43.69;38.14;40.58;52.18
440;Plagne;364.0;241;7;14;371;27.40;27.40;26.72;28.88;28.79;28.66;33.34;34.19;21.63;23.36
936;Pohlern;278.0;247;24;15;;-2.92;-54.44;12.66;3.01;4.94;43.69;8.67;14.71;33.79;49.53
702;Pontenet;216.0;241;15;15;;24.37;21.36;21.24;21.22;20.69;22.48;28.04;25.96;34.37;28.42
745;Port;3302.0;242;16;14;371;121.30;120.89;111.54;117.11;109.89;102.31;115.54;122.75;115.61;121.92
725;Prêles;908.0;241;13;17;;18.85;21.25;21.32;17.02;15.44;32.99;28.98;30.58;31.55;31.44
439;Péry;1359.0;241;7;15;;49.74;56.27;66.04;68.90;51.16;51.94;52.73;65.27;61.98;64.45
309;Radelfingen;1176.0;243;1;16;;16.84;18.83;17.45;16.72;29.10;25.36;41.14;22.79;28.09;40.15
310;Rapperswil;2129.0;243;1;20;;22.31;28.12;24.60;29.20;21.09;13.82;27.59;57.24;30.80;33.58
715;Rebévelier;47.0;241;15;22;;0.23;0.00;0.00;1.04;1.22;2.04;0.00;1.04;0.00;0.64
703;Reconvilier;2213.0;241;15;18;;75.79;67.41;71.99;87.70;111.50;89.30;83.20;101.00;116.84;132.39
567;Reichenbach i.K.;3452.0;249;10;19;;8.53;9.08;9.66;8.67;9.50;-3.83;48.49;46.72;46.81;49.33
336;Reisiswil;191.0;244;2;21;;7.50;14.97;11.19;13.16;15.13;17.64;18.33;18.51;15.66;14.17
441;Renan;838.0;241;7;20;;29.36;25.13;31.92;30.80;39.21;39.89;48.05;49.40;49.47;51.10
767;Reutigen;963.0;247;17;20;;10.24;15.46;23.23;22.97;23.43;34.08;30.56;25.00;27.86;26.43
879;Riggisberg;2406.0;246;22;8;;35.74;32.35;32.04;36.64;36.26;43.24;49.68;37.90;39.76;38.03
590;Ringgenberg;2523.0;250;11;14;;31.21;44.59;52.38;67.60;60.50;60.77;53.84;62.43;61.26;78.02
704;Roches;228.0;241;15;22;;15.72;14.31;14.32;12.79;13.26;14.60;15.73;18.73;18.74;27.19
337;Roggwil;3865.0;244;2;17;;84.65;92.75;103.20;100.06;120.24;111.76;114.67;125.40;111.70;147.85
338;Rohrbach;1431.0;244;2;16;;9.75;10.06;11.23;9.94;12.17;9.90;16.40;22.31;30.51;12.23
339;Rohrbachgraben;423.0;244;2;21;;3.42;6.57;4.13;5.14;5.49;5.45;7.37;9.51;10.54;9.74
442;Romont;205.0;241;7;16;;16.05;15.70;15.04;14.63;20.30;21.52;16.96;36.87;33.75;35.30
623;Rubigen;2865.0;246;12;11;351;43.29;21.74;36.48;29.20;21.72;24.89;26.62;42.94;54.87;40.17
421;Rumendingen;77.0;245;6;8;;19.03;13.61;-40.68;22.05;20.20;24.07;95.88;85.46;27.23;44.97
987;Rumisberg;476.0;244;26;15;;32.31;31.53;34.75;29.80;37.14;45.30;55.23;38.80;40.38;35.36
548;Ruppoldsried;259.0;243;9;16;;25.98;28.48;23.03;66.56;52.17;33.52;23.27;40.63;33.14;39.44
986;Röthenbach b.H.;0.0;244;26;19;;12.88;29.50;17.81;22.37;12.52;18.06;35.37;0.00;0.00;0.00
904;Röthenbach i.E.;1272.0;245;23;21;;1.29;8.34;8.82;9.66;13.45;18.83;17.54;20.41;21.19;26.94
905;Rüderswil;2405.0;245;23;19;;6.38;6.75;7.58;8.71;8.74;14.16;12.27;4.91;5.85;7.03
420;Rüdtligen-Alchenflüh;2179.0;245;6;13;404;52.32;72.43;69.94;52.62;70.85;67.11;63.79;70.18;43.65;70.53
880;Rüeggisberg;1855.0;246;22;21;;20.41;14.68;17.89;14.13;12.31;6.37;11.82;6.51;15.08;12.01
956;Rüegsau;3062.0;245;25;20;;18.27;13.13;-34.78;18.70;16.95;18.57;19.09;24.43;23.03;24.32
881;Rümligen;450.0;246;22;20;;4.83;8.71;5.27;5.13;9.51;4.63;5.01;7.97;3.33;4.30
853;Rüschegg;1689.0;246;21;20;;16.92;15.85;31.46;18.04;15.18;12.64;15.36;13.95;7.99;38.94
393;Rüti b.B.;835.0;243;5;16;;44.82;59.49;43.01;55.15;45.92;50.96;36.73;36.77;35.17;39.72
422;Rüti b.L.;162.0;245;6;15;;5.22;7.17;6.42;5.72;5.51;6.56;10.28;6.67;5.25;6.33
882;Rüti b.R.;0.0;246;22;21;;14.46;12.05;4.57;5.98;5.49;5.97;8.66;0.00;0.00;0.00
340;Rütschelen;564.0;244;2;19;;10.71;16.40;21.37;14.34;14.80;15.42;20.54;32.40;35.23;41.91
843;Saanen;7240.0;248;20;6;;115.74;88.77;108.03;115.90;126.72;113.56;126.46;130.23;130.94;280.55
746;Safnern;1881.0;242;16;14;371;94.63;74.63;70.92;74.99;71.92;72.93;77.96;82.90;76.45;86.27
706;Saicourt;600.0;241;15;20;;23.80;25.67;25.68;29.18;33.66;24.32;24.16;49.82;32.36;55.18
443;Saint-Imier;4802.0;241;7;4;;199.73;237.42;215.20;217.70;255.57;226.61;261.95;251.55;274.19;246.09
707;Saules;153.0;241;15;19;;20.67;21.19;25.15;42.05;34.96;34.14;31.31;33.28;26.60;28.58
591;Saxeten;101.0;250;11;19;;65.67;82.00;11.27;67.22;159.20;-46.57;-36.03;11.74;-28.97;-21.93
549;Schalunen;366.0;246;9;11;351;23.03;22.22;19.33;21.17;17.41;19.66;17.63;21.96;23.02;16.33
906;Schangnau;925.0;245;23;21;;-0.46;2.32;-0.64;1.32;0.91;0.78;-0.01;4.53;0.36;-0.68
786;Schattenhalb;600.0;250;18;8;;21.60;24.60;45.25;27.92;24.06;12.02;21.72;32.29;22.74;17.63
708;Schelten;40.0;241;15;21;;6.67;5.67;5.88;21.09;12.61;2.07;20.00;24.03;15.00;16.30
550;Scheunen;84.0;246;9;21;;0.00;0.00;0.00;0.00;0.00;0.00;0.00;2.92;0.00;1.63
747;Scheuren;440.0;242;16;14;371;27.60;25.55;27.69;23.42;28.49;23.96;28.18;46.47;34.92;33.77
624;Schlosswil;657.0;246;12;15;;13.39;2.45;13.80;15.51;17.21;16.29;18.40;14.37;15.03;16.38
748;Schwadernau;651.0;242;16;14;371;26.95;30.02;33.76;49.96;42.96;39.76;44.28;40.74;35.40;39.35
592;Schwanden b.B.;603.0;250;11;15;;17.90;18.37;17.76;14.49;24.38;11.92;26.68;11.32;21.04;40.85
855;Schwarzenburg;6711.0;246;21;4;;0.00;0.00;0.00;0.00;0.00;0.00;0.00;0.00;0.00;74.47
341;Schwarzhäusern;485.0;244;2;15;;36.22;41.22;41.45;37.21;45.89;34.83;49.48;43.80;48.88;47.65
937;Schwendibach;254.0;247;24;15;;4.37;4.39;4.55;4.37;9.74;9.77;58.85;8.44;9.61;9.35
311;Schüpfen;3530.0;243;1;11;351;77.06;78.29;88.70;82.82;86.24;87.06;86.23;97.92;94.65;87.40
988;Seeberg;1389.0;244;26;20;;13.75;11.30;14.59;15.20;15.33;15.55;16.27;15.10;17.95;28.28
312;Seedorf;2987.0;243;1;20;;32.02;32.47;39.91;34.21;35.88;36.92;46.77;35.83;38.07;35.86
709;Seehof;71.0;241;15;21;;6.44;2.77;-0.57;0.16;-2.08;-1.04;-3.13;-3.21;-1.86;-1.24
883;Seftigen;2110.0;247;22;14;942;14.07;14.39;16.41;13.99;13.15;182.99;37.50;83.91;130.85;79.03
907;Signau;2749.0;245;23;19;;6.80;5.37;7.28;6.00;5.83;8.94;10.80;8.56;12.55;11.10
938;Sigriswil;4633.0;247;24;7;;90.35;89.82;88.64;87.92;80.57;87.35;82.49;90.22;93.12;89.49
499;Siselen;580.0;243;8;20;;15.52;12.47;16.15;13.76;17.10;15.20;19.76;15.09;19.99;15.91
444;Sonceboz;1804.0;241;7;18;;20.95;21.80;19.35;25.52;24.66;24.54;46.44;45.71;48.31;43.07
445;Sonvilier;1192.0;241;7;19;;22.99;23.70;22.46;23.82;24.15;24.22;30.64;32.07;32.49;32.51
710;Sornetan;131.0;241;15;21;;13.82;21.30;12.69;23.94;20.75;14.27;19.40;93.17;-35.50;105.93
711;Sorvilier;268.0;241;15;19;;20.60;34.72;20.95;21.67;23.39;31.42;22.98;24.43;27.24;23.24
712;Souboz;134.0;241;15;21;;88.68;47.51;27.00;48.84;47.52;44.00;45.36;42.08;63.14;37.16
768;Spiez;12477.0;249;17;12;942;97.86;88.39;104.06;101.82;104.89;105.37;105.06;96.04;109.06;128.07
793;St. Stephan;1379.0;248;19;20;;17.13;-0.99;10.79;12.72;9.38;11.16;1.94;45.24;68.92;45.76
939;Steffisburg;15423.0;247;24;13;942;51.12;51.40;54.62;36.81;31.11;32.82;42.58;33.43;39.76;37.77
358;Stettlen;2891.0;246;3;10;351;139.55;131.20;167.83;174.14;143.50;164.52;192.69;161.15;189.90;175.96
749;Studen;2837.0;243;16;13;371;280.55;256.50;238.55;215.85;90.30;136.93;120.04;98.55;104.52;108.73
957;Sumiswald;5039.0;245;25;19;;27.63;27.51;28.14;29.75;37.35;35.41;33.55;38.90;39.30;36.01
750;Sutz-Lattrigen;1352.0;242;16;14;371;39.24;37.63;53.78;50.69;38.55;47.42;52.79;49.95;63.14;63.40
713;Tavannes;3542.0;241;15;18;;100.90;105.59;105.46;130.14;127.37;132.07;135.78;141.07;134.22;148.08
940;Teuffenthal;168.0;247;24;21;;3.57;11.25;5.87;-1.01;4.06;4.85;4.97;2.98;5.52;4.64
941;Thierachern;2302.0;247;24;14;942;36.33;22.02;26.56;22.77;25.84;23.64;26.23;27.21;25.46;20.35
942;Thun;42623.0;247;24;2;942;102.71;91.17;104.64;107.23;101.01;108.33;93.45;96.07;91.35;117.77
342;Thunstetten;3063.0;244;2;17;;24.28;31.11;32.35;30.19;28.47;28.66;29.13;38.68;40.14;33.70
989;Thörigen;1027.0;244;26;15;;62.56;51.85;45.27;49.59;49.42;50.82;37.83;50.65;54.10;55.40
884;Toffen;2457.0;246;22;11;351;33.93;32.56;37.17;37.78;21.02;-58.84;23.34;36.34;25.01;29.97
958;Trachselwald;1024.0;245;25;21;;1.46;1.25;-0.66;4.19;4.45;3.34;10.66;10.03;13.65;8.78
446;Tramelan;4248.0;241;7;18;;238.33;224.72;229.83;236.09;240.61;294.04;317.94;304.58;275.32;274.74
500;Treiten;441.0;243;8;21;;12.28;20.72;8.69;8.22;16.43;19.95;29.01;15.07;13.21;12.98
631;Trimstein;508.0;246;12;11;351;19.72;13.50;14.28;33.95;12.61;16.48;24.96;19.85;23.12;19.13
908;Trub;1377.0;245;23;21;;5.16;6.15;9.90;7.67;7.48;40.26;13.61;18.07;21.64;25.86
909;Trubschachen;1392.0;245;23;19;;5.13;6.95;6.55;10.03;11.40;6.75;7.57;8.81;8.13;8.41
501;Tschugg;449.0;243;8;8;;24.05;21.57;22.11;23.97;25.10;33.92;26.19;29.89;51.37;30.75
753;Twann;0.0;242;16;20;;65.62;95.24;116.21;72.15;44.96;98.32;68.52;103.92;0.00;0.00
756;Twann-Tüscherz;1138.0;242;16;20;;0.00;0.00;0.00;0.00;0.00;0.00;0.00;0.00;20.44;39.96
625;Tägertschi;418.0;246;12;21;;11.70;11.95;14.38;14.32;14.46;16.97;19.34;11.52;11.91;14.76
751;Täuffelen;2655.0;243;16;17;;78.81;81.48;84.10;67.55;69.15;133.48;128.44;61.40;58.41;77.14
752;Tüscherz-Alfermée;0.0;242;16;5;371;70.49;62.26;86.24;61.57;64.42;138.51;79.99;71.06;0.00;0.00
943;Uebeschi;692.0;247;24;15;;14.24;14.07;10.01;14.82;13.59;13.81;13.57;20.06;13.43;12.91
944;Uetendorf;5946.0;247;24;12;942;17.77;14.79;17.36;13.70;48.70;53.67;49.01;48.54;50.25;51.10
945;Unterlangenegg;903.0;247;24;21;;12.90;11.35;8.02;7.85;5.25;15.24;8.73;9.02;12.37;12.59
593;Unterseen;5487.0;250;11;12;;83.11;82.01;93.69;82.05;97.37;105.30;113.45;104.42;113.03;106.83
343;Untersteckholz;0.0;244;2;21;;3.19;4.82;4.08;3.84;3.70;3.49;3.89;3.69;0.00;0.00
344;Ursenbach;908.0;244;2;19;;56.48;65.50;38.09;57.37;58.79;77.87;79.99;64.25;61.66;53.39
551;Urtenen;5665.0;246;9;9;351;93.66;113.92;96.67;93.94;96.73;132.36;101.89;110.42;111.75;98.99
885;Uttigen;1809.0;247;22;14;942;30.38;30.59;26.40;50.27;40.18;41.29;33.67;39.86;29.28;30.23
552;Utzenstorf;4123.0;245;9;17;;41.64;34.12;40.54;40.58;38.38;59.29;54.54;59.40;61.07;61.14
447;Vauffelin;411.0;241;7;14;371;29.43;30.13;26.07;33.03;27.41;40.44;43.96;39.63;67.75;48.62
359;Vechigen;4653.0;246;3;11;351;16.01;14.52;17.41;18.72;18.36;19.80;23.21;28.40;26.72;27.15
448;Villeret;895.0;241;7;18;;43.43;40.10;34.92;36.49;37.25;43.08;36.07;36.47;42.87;44.48
502;Vinelz;821.0;243;8;15;;-65.21;-68.46;-52.64;-8.31;-65.24;-79.49;-65.68;-71.99;-59.11;-46.12
946;Wachseldorn;232.0;247;24;21;;15.32;11.36;11.25;5.89;10.90;12.26;15.68;12.53;8.87;9.37
854;Wahlern;0.0;246;21;4;;53.31;49.10;54.51;56.39;60.27;62.99;64.15;59.07;86.83;0.00
888;Wald;1191.0;246;22;8;;0.00;0.00;15.00;14.65;17.48;19.31;20.57;21.33;17.69;20.39
626;Walkringen;1828.0;246;12;20;;8.58;7.76;9.17;6.38;6.42;7.33;23.02;7.26;6.99;6.51
990;Walliswil b.N.;204.0;244;26;16;;12.76;21.58;16.61;67.76;6.78;48.92;31.40;45.60;33.10;44.07
991;Walliswil b.W.;567.0;244;26;15;;22.67;22.14;17.01;33.69;14.98;21.85;17.89;20.29;13.45;13.30
754;Walperswil;938.0;243;16;19;;42.32;37.87;40.91;44.74;44.54;48.02;41.83;89.77;75.22;55.70
959;Walterswil;539.0;244;25;21;;3.70;5.83;7.36;7.06;10.22;73.67;11.36;12.88;10.68;11.14
992;Wangen a.A.;2088.0;244;26;17;;190.07;100.12;192.88;176.46;237.43;899.21;132.39;165.81;142.16;133.04
993;Wangenried;395.0;244;26;16;;16.55;15.73;17.72;17.87;19.39;21.02;21.15;15.15;18.58;9.02
994;Wanzwil;0.0;244;26;18;;40.78;19.80;20.36;23.32;18.93;21.03;8.82;0.00;0.00;0.00
886;Wattenwil;2692.0;247;22;17;;17.92;20.76;18.12;16.31;16.81;15.28;14.57;15.73;14.71;16.18
394;Wengi;612.0;243;5;20;;19.37;26.30;23.36;13.61;22.83;21.78;22.14;21.87;21.42;24.33
632;Wichtrach;4018.0;246;12;10;351;0.00;0.00;64.62;79.07;84.47;33.81;33.14;40.28;38.29;44.52
995;Wiedlisbach;2191.0;244;26;8;;64.06;72.57;73.27;109.44;77.82;78.38;133.21;114.69;82.35;101.02
553;Wiggiswil;100.0;246;9;21;;8.90;8.24;10.53;5.68;9.48;7.60;5.55;11.40;8.71;7.75
594;Wilderswil;2487.0;250;11;6;;12.39;28.35;21.71;20.63;30.45;22.12;22.36;25.40;20.63;36.66
554;Wiler b.U.;817.0;245;9;15;;25.33;24.20;22.77;24.67;21.34;29.93;25.01;34.78;36.99;38.01
671;Wileroltigen;390.0;246;14;21;;24.84;-3.81;13.52;33.60;13.69;14.64;15.55;17.21;16.80;12.86
423;Willadingen;201.0;245;6;15;;17.38;16.78;20.25;28.93;28.98;29.96;31.18;59.19;33.14;30.08
769;Wimmis;2413.0;249;17;17;;21.22;31.72;34.60;33.76;45.37;40.71;37.25;38.01;46.28;44.31
360;Wohlen b.B.;8877.0;246;3;11;351;92.18;93.82;90.45;98.14;99.05;105.13;112.95;119.40;121.87;123.28
996;Wolfisberg;198.0;244;26;16;;37.74;28.06;28.60;29.69;34.55;35.26;41.70;34.76;28.70;33.82
627;Worb;11236.0;246;12;10;351;75.57;63.74;68.87;66.55;73.87;84.10;83.75;80.11;97.60;100.52
755;Worben;2288.0;243;16;8;371;26.04;24.24;27.70;29.93;24.84;28.20;27.65;32.29;28.01;30.57
345;Wynau;1551.0;244;2;15;;12.91;26.69;21.68;19.69;21.90;19.39;27.67;25.09;24.09;23.97
424;Wynigen;2014.0;245;6;20;;11.27;6.83;-38.35;15.21;11.57;17.91;13.91;18.77;20.30;19.42
960;Wyssachen;1161.0;244;25;19;;23.25;23.66;29.36;25.98;25.37;29.02;32.45;41.78;41.53;38.57
555;Zauggenried;316.0;246;9;20;;13.17;15.53;9.94;10.96;9.89;24.09;-1.00;56.88;9.16;23.33
556;Zielebach;329.0;245;9;14;;8.83;6.97;7.73;14.31;13.76;14.05;13.84;13.99;16.88;14.66
887;Zimmerwald;0.0;246;22;21;;17.60;14.95;0.00;0.00;0.00;0.00;0.00;0.00;0.00;0.00
361;Zollikofen;9792.0;246;3;9;351;63.42;60.53;44.32;56.92;51.46;59.00;58.60;62.99;68.38;89.85
557;Zuzwil;578.0;246;9;15;;22.30;23.16;24.80;22.34;23.25;21.35;23.10;25.16;26.08;40.90
794;Zweisimmen;2998.0;248;19;4;;63.90;59.04;69.53;59.73;60.91;76.59;82.03;79.21;88.14;114.81
947;Zwieselberg;280.0;247;24;16;;12.71;11.85;11.43;15.21;13.44;13.64;12.97;13.70;14.64;11.76
628;Zäziwil;1591.0;246;12;15;;19.54;9.73;13.86;13.31;12.94;10.28;11.69;10.81;13.93;16.05

