K40 PPKG NettoA pro Km Gemeindestrassen;;;;;;;;;
Kurzbeschrieb: Nettoaufwand Gemeindestrassen (Funktion 620) dividiert durch
die Strassenlänge Klassen I - III.



BFS-Nr.;Gemeinde;Anzahl Einwohner;Verw.-Kreis ;Amtsbezirk;BFS Typ;Agglomeration BFS-Nr.;2002 [SFR];2003 [SFR];2004 [SFR];2005 [SFR];2006 [SFR];2007 [SFR];2008 [SFR];2009 [SFR];2010 [SFR];2011 [SFR]
301;Aarberg;4090.0;243;1;17;;18421.70;20059.25;17667.78;14999.35;20730.19;16685.67;21357.33;27069.90;24991.40;22902.06
321;Aarwangen;4214.0;244;2;15;;14043.45;15261.64;13131.29;14295.22;14441.17;13649.32;13085.28;10791.83;10360.72;9403.77
561;Adelboden;3583.0;249;10;6;;19425.12;22362.59;15934.04;14976.38;13543.47;13519.26;14830.92;14485.19;13606.69;12821.16
401;Aefligen;1036.0;245;6;14;404;9407.99;8792.00;10701.95;10198.77;6146.02;5641.71;10745.35;7820.88;8533.74;9483.07
731;Aegerten;1750.0;242;16;14;371;20987.99;18197.10;26692.21;28313.89;30790.37;36712.87;34291.92;41235.30;29431.79;32126.98
562;Aeschi b.Sp.;2070.0;249;10;7;;9793.73;12282.52;9958.23;12281.66;9940.24;9746.60;7920.91;10869.61;8965.32;6085.40
601;Aeschlen;0.0;246;12;21;;821.00;1364.64;5.08;2952.64;244.83;-1624.57;-1042.60;6084.00;0.00;0.00
951;Affoltern i.E.;1141.0;245;25;19;;4416.75;6335.52;7215.12;5036.07;5502.31;4047.00;610.53;5809.32;9119.92;8565.30
851;Albligen;0.0;246;21;20;;15334.12;21491.17;18671.20;11941.62;10770.90;12691.61;12414.16;16884.93;9279.44;0.00
402;Alchenstorf;570.0;245;6;16;;5792.42;7678.87;17995.05;7120.97;3770.55;5933.95;4307.74;3328.06;5864.45;5894.81
630;Allmendingen;515.0;246;12;11;351;6392.55;5101.20;19542.84;11726.11;14296.85;8775.75;9401.61;18762.83;11914.59;8536.40
921;Amsoldingen;797.0;247;24;16;;7199.23;5451.94;8025.37;6182.14;4238.87;2548.43;4481.91;5877.72;11971.56;5629.94
381;Arch;1542.0;243;5;18;;18358.38;20464.62;13592.26;15059.52;14778.29;19888.13;17202.04;21505.58;11508.76;17748.58
602;Arni;955.0;246;12;20;;3087.34;1935.79;1941.73;4579.33;6017.00;3263.98;5151.89;6555.41;6287.11;3190.51
971;Attiswil;1298.0;244;26;16;;5535.94;6079.57;5225.83;6955.12;4229.16;3122.74;4051.71;4078.25;6884.03;5078.79
322;Auswil;460.0;244;2;19;;1350.04;1644.70;893.75;927.42;767.12;-231.50;1795.58;2869.65;3788.27;-104.11
531;Ballmoos;0.0;246;9;21;;-764.61;-957.13;-263.00;258.45;-1852.88;-1817.10;-2921.57;-2132.29;0.00;0.00
532;Bangerten;158.0;243;9;21;;448.18;714.20;-1433.42;951.18;-674.12;-1904.42;-1885.46;-1887.31;927.16;-1915.37
323;Bannwil;676.0;244;2;15;;14467.46;13310.39;16403.10;20811.09;20021.04;17023.55;13579.08;15834.27;14873.15;10921.51
302;Bargen;1005.0;243;1;16;;4005.21;4678.79;3768.17;2754.08;4969.54;2397.14;3610.76;5279.04;4288.31;6250.89
571;Beatenberg;1126.0;250;11;7;;7618.37;8678.78;7213.45;7734.64;6079.53;5390.07;7021.31;9111.92;9376.62;7507.89
732;Bellmund;1490.0;242;16;14;371;32160.28;18843.37;15016.25;14823.02;13588.02;23725.45;16957.66;15384.54;22211.48;21188.19
861;Belp;10356.0;246;22;9;351;30510.26;29414.14;29553.69;30921.93;26091.61;24795.69;26900.38;26469.45;26988.12;24309.58
862;Belpberg;418.0;246;22;21;;3017.05;6363.85;7464.21;10620.16;8884.43;6204.03;11558.35;8491.76;12715.66;10079.07
681;Belprahon;300.0;241;15;15;;5466.37;14391.43;11784.06;7595.09;6502.72;2211.69;15260.02;4262.82;4232.53;7386.27
972;Berken;47.0;244;26;22;;-12628.00;-910.21;-7508.98;-3334.76;-12869.60;-16729.85;-9534.73;-5770.81;-5171.47;-11026.36
351;Bern;126664.0;246;3;1;351;106015.64;84042.66;101530.41;116344.34;133510.33;131493.45;138216.64;152023.23;151503.52;132735.87
973;Bettenhausen;686.0;244;26;15;;12722.07;12116.15;15726.99;14497.94;4676.15;3244.45;7434.88;6579.79;7722.07;4367.08
371;Biel;51323.0;242;4;2;371;6331.62;7298.18;7067.37;7793.65;8792.36;32643.98;33670.05;47204.87;43398.66;44071.16
603;Biglen;1729.0;246;12;15;;16075.82;16345.32;17713.11;17879.20;16386.14;10790.63;13665.66;19652.40;15914.53;17120.08
324;Bleienbach;654.0;244;2;19;;6604.59;6568.52;7971.82;5933.37;3984.02;3499.68;3694.16;2805.53;8763.32;6364.01
604;Bleiken b.O.;385.0;246;12;16;;2015.74;7312.33;1093.98;-215.96;-469.92;1171.90;967.54;768.34;1626.50;1721.57
922;Blumenstein;1182.0;247;24;17;;2975.07;3425.75;3221.84;3010.17;-8.51;179.95;592.59;591.89;5832.98;3687.84
352;Bolligen;6057.0;246;3;11;351;28232.39;25699.31;28732.19;32522.77;37608.46;28951.43;28433.55;30997.24;30328.79;29256.69
974;Bollodingen;0.0;244;26;19;;2469.38;2774.49;6041.11;6544.17;9216.85;4113.13;4154.54;3440.56;15399.07;0.00
791;Boltigen;1366.0;248;19;21;;-1136.61;-1036.75;-1319.87;-1823.20;-2289.20;-2559.67;-2576.38;-2585.22;-1830.41;-2442.58
605;Bowil;1381.0;246;12;19;;7089.68;10031.07;7559.93;7417.25;5720.17;6297.32;7140.50;9179.74;9400.24;6077.16
353;Bremgarten b.B.;4210.0;246;3;11;351;41357.10;51534.71;48019.51;45293.81;39765.96;39263.40;43348.02;45638.10;51693.90;48311.59
606;Brenzikofen;524.0;246;12;15;;7694.44;4827.59;6462.36;5294.99;2268.10;2569.90;4905.64;4014.88;4631.09;1551.07
573;Brienz;3014.0;250;11;7;;18099.82;20872.21;14399.48;16665.83;16480.68;17123.32;17620.82;23417.89;20421.25;17241.28
574;Brienzwiler;511.0;250;11;17;;6258.32;8457.70;4676.47;4055.82;4380.99;2875.44;4922.60;6779.80;6968.99;6540.44
733;Brügg;4155.0;242;16;12;371;35629.23;35330.39;41148.69;36249.34;36153.26;35417.17;36238.56;40632.45;29857.11;28144.05
491;Brüttelen;577.0;243;8;21;;4878.12;6017.27;7350.97;3421.73;2849.66;3654.91;4525.70;4723.78;6201.57;4482.45
923;Buchholterberg;1531.0;247;24;19;;2345.38;3585.81;3849.44;3719.87;3196.30;1981.27;2362.93;3473.05;3441.95;2506.76
404;Burgdorf;15549.0;245;6;3;404;62142.30;64374.48;63434.66;62476.02;15364.00;15431.71;55.72;286.82;0.00;163.27
863;Burgistein;1026.0;247;22;16;;14429.28;14043.46;17405.76;15400.67;16763.25;16865.83;11112.22;14312.32;14816.99;11894.63
384;Busswil b.B.;0.0;243;5;14;371;10212.25;10601.50;15853.40;13477.14;5636.75;3721.22;8041.06;12502.63;9030.26;0.00
325;Busswil b.M.;201.0;244;2;20;;1532.59;5224.92;1722.85;438.98;1067.32;-2293.44;1353.67;1446.42;1611.20;915.13
403;Bäriswil;1005.0;246;6;11;351;20590.44;21063.53;28545.76;19783.64;20596.26;16209.76;20477.29;20896.01;19220.25;12726.73
533;Bätterkinden;3171.0;245;9;15;;12940.17;10367.85;13304.32;13224.99;13937.92;13068.82;13601.72;15019.91;22862.72;15176.43
682;Bévilard;1681.0;241;15;18;;27430.48;27613.42;23949.10;24637.16;17830.12;23913.34;21374.87;24524.18;14373.99;11826.10
572;Bönigen;2447.0;250;11;7;;23966.73;21872.43;24008.12;22597.14;21252.94;22556.14;22480.64;23577.46;20647.64;23426.22
382;Büetigen;827.0;243;5;15;;3034.26;4013.16;3064.98;3688.47;5470.34;3486.19;-4776.71;-16847.98;-10505.67;-17123.14
734;Bühl;419.0;243;16;16;;7727.01;8078.77;6361.46;4641.33;7782.41;7630.63;18884.12;3330.90;3084.79;4185.46
383;Büren a.A.;3295.0;243;5;17;;13786.38;19429.11;13508.09;14566.16;11086.45;16133.23;13565.69;20763.19;19995.01;15662.71
534;Büren z.H.;468.0;246;9;15;;9214.82;5178.20;8774.04;10500.28;11922.78;9537.59;8160.50;8806.64;12110.14;5644.91
683;Champoz;162.0;241;15;21;;20.83;-948.50;-158.66;-2384.03;-1720.75;-1164.82;-693.36;-1046.26;-1905.74;-2596.29
684;Châtelat;113.0;241;15;21;;2339.59;2134.78;2080.73;4937.44;4908.99;9887.47;1925.60;633.21;1327.99;-1865.22
661;Clavaleyres;49.0;246;14;21;;1895.38;-1282.48;-1908.09;-1538.80;-1944.51;-2955.23;-1837.20;-586.14;1113.15;2097.78
687;Corcelles;214.0;241;15;15;;7147.20;2284.33;1604.17;-2449.20;1800.02;-1063.51;2635.92;1964.05;2103.74;-744.43
431;Corgémont;1551.0;241;7;18;;8233.19;10381.90;10396.65;9901.32;6958.36;6824.07;8833.73;10916.62;8856.65;8268.47
432;Cormoret;495.0;241;7;15;;5082.50;6090.41;4858.36;6922.69;4142.49;3694.43;3276.20;6583.64;4199.41;3071.89
433;Cortébert;697.0;241;7;15;;5423.25;5303.37;5222.53;7321.99;3482.87;6925.84;3688.68;3320.28;3968.36;3339.30
690;Court;1390.0;241;15;18;;6276.75;7392.14;4964.73;5365.15;3568.13;3081.96;4418.15;3655.45;6538.75;3222.25
434;Courtelary;1283.0;241;7;18;;4879.94;8417.58;4810.46;5907.60;7343.17;5773.60;7760.93;13832.87;10491.42;10716.57
691;Crémines;550.0;241;15;18;;5564.36;3148.20;2258.53;134.65;3591.04;949.44;1520.38;4203.08;1352.92;-166.93
535;Deisswil b.M.;97.0;246;9;15;;342.17;-51.48;-30.77;-128.04;-764.08;-1711.29;-3705.21;-1543.48;-1589.52;-1766.50
536;Diemerswil;199.0;246;9;11;351;1407.37;1564.92;10686.02;1562.20;4484.36;-425.79;-1649.81;3761.56;-667.86;-128.54
762;Diemtigen;2140.0;249;17;21;;-796.23;-770.51;-759.85;-711.23;-838.20;-759.54;-1073.80;-1633.05;-1527.50;-1818.50
385;Diessbach b.B.;923.0;243;5;15;;12999.29;18487.71;16923.38;11842.12;10662.00;2098.86;8245.68;9762.30;8560.18;6105.36
721;Diesse;443.0;241;13;17;;14401.79;12267.34;4390.81;6945.15;2639.56;4866.20;4751.84;3759.05;5435.45;4021.46
386;Dotzigen;1358.0;243;5;15;;12596.52;12509.10;15382.07;12811.95;18346.34;13700.10;12691.33;7383.12;5583.57;290.73
575;Därligen;416.0;250;11;15;;19649.59;31377.58;14227.21;9476.68;13817.68;13560.96;11646.19;10325.03;15746.70;16990.44
761;Därstetten;833.0;249;17;19;;3559.49;4355.89;3104.73;2968.56;4040.01;3958.73;2098.85;3215.57;4517.68;3414.86
952;Dürrenroth;1064.0;245;25;21;;4170.80;6125.82;6844.08;7222.88;4254.05;4663.04;4797.35;5170.03;6873.22;3338.21
901;Eggiwil;2453.0;245;23;21;;3952.45;4618.64;4343.92;2394.33;2123.51;3102.77;1514.66;2403.75;3874.80;1567.13
864;Englisberg;0.0;246;22;8;;2285.77;8976.57;0.00;0.00;0.00;0.00;0.00;0.00;0.00;0.00
735;Epsach;341.0;243;16;16;;3027.51;2389.62;1140.69;662.32;-225.47;2940.37;-2996.70;760.56;485.65;-181.36
953;Eriswil;1347.0;244;25;19;;5121.47;6607.93;7003.45;6631.30;4249.61;940.62;5841.10;7825.35;7745.27;8838.82
924;Eriz;496.0;247;24;21;;4600.81;1851.34;1650.58;2979.27;2547.46;799.25;1349.74;8546.83;5198.53;1307.85
492;Erlach;1278.0;243;8;17;;26965.03;24843.22;13858.30;31763.17;40952.11;50500.57;45180.53;65773.32;56580.92;36567.81
763;Erlenbach i.S.;1695.0;249;17;20;;2019.31;3781.12;2959.18;1686.67;1777.86;5637.93;3637.40;3717.94;5493.87;1163.35
405;Ersigen;1589.0;245;6;19;;8683.43;8279.74;7163.37;6618.88;6325.50;7006.31;11287.49;14671.71;11191.79;12471.67
692;Eschert;377.0;241;15;19;;3709.87;4346.84;2536.10;3382.98;3730.73;6196.28;857.01;4056.46;3164.80;2292.42
537;Etzelkofen;289.0;246;9;18;;2965.43;1160.32;1787.56;6324.99;-712.63;-68.12;-527.70;1316.98;2773.17;191.23
372;Evilard;2424.0;242;4;5;371;29349.96;34974.38;36337.24;36446.19;31782.48;35348.76;31357.28;61326.02;57786.11;27067.20
925;Fahrni;741.0;247;24;20;;6922.65;9452.55;8435.82;8074.99;4071.23;4011.82;5219.16;5916.04;5053.99;6104.90
975;Farnern;209.0;244;26;15;;717.41;533.25;2981.99;-708.43;-2422.12;-18.19;-2540.64;-591.63;177.35;-1254.77
662;Ferenbalm;1270.0;246;14;15;;4528.56;4623.67;3037.95;2736.24;2675.73;1823.21;2646.78;1460.85;2521.02;3232.30
493;Finsterhennen;501.0;243;8;20;;108.73;-223.22;-91.12;-196.33;-1642.32;-961.05;-929.70;-880.93;196.62;-950.24
926;Forst;0.0;247;24;15;;1557.36;3275.90;4461.28;2629.74;4487.55;0.00;0.00;0.00;0.00;0.00
948;Forst-Längenbühl;704.0;247;24;19;;0.00;0.00;0.00;0.00;0.00;2044.08;6578.88;1540.73;4115.43;458.91
538;Fraubrunnen;1791.0;246;9;11;351;11416.15;10861.67;12577.17;14269.96;14580.19;15905.36;15311.86;17055.15;11909.52;14006.54
663;Frauenkappelen;1256.0;246;14;11;351;14992.90;15593.37;13588.67;11608.48;11711.59;11747.29;10330.00;11375.45;13080.93;13935.46
607;Freimettigen;424.0;246;12;15;;4198.17;3495.52;2626.18;2909.43;-1029.48;-535.36;-71.52;1478.26;3142.99;1383.18
563;Frutigen;6703.0;249;10;4;;13360.98;11965.15;9403.08;10164.75;13106.91;11300.08;14136.40;17426.67;13015.46;11839.51
781;Gadmen;229.0;250;18;22;;969.63;1926.86;1481.12;1617.59;-66.25;963.54;1964.94;3162.39;2718.05;4404.55
494;Gals;729.0;243;8;20;;1155.86;2708.45;2374.82;942.66;498.75;6372.33;983.92;3090.75;605.51;4117.09
495;Gampelen;791.0;243;8;17;;3360.94;2816.36;3645.78;3331.86;2067.44;868.79;-289.20;1158.17;2742.94;107.26
865;Gelterfingen;242.0;246;22;21;;6420.72;7382.58;9114.11;8094.41;6520.20;6786.90;9166.03;9140.94;19003.59;9547.17
866;Gerzensee;1134.0;246;22;20;;11714.58;10947.69;13535.01;15980.84;13623.19;8625.27;9691.59;13273.55;11021.90;11610.03
664;Golaten;303.0;246;14;21;;2863.50;5287.34;1720.00;7803.56;4501.11;8997.80;5153.90;11733.12;10644.95;10056.71
326;Gondiswil;724.0;244;2;19;;5258.96;5141.78;5636.19;5895.43;5019.68;2855.13;3418.79;7090.85;7744.56;4610.90
976;Graben;291.0;244;26;15;;2898.92;2876.14;3583.68;1548.65;-140.54;-122.58;469.13;2551.93;2314.97;1089.85
539;Grafenried;976.0;246;9;11;351;3077.76;5247.30;4062.79;3691.64;3435.07;3700.59;4589.68;6115.69;5174.81;5855.23
694;Grandval;351.0;241;15;18;;5371.07;3954.92;1911.61;-1555.95;110.25;79.25;399.58;1273.50;2622.63;1656.41
576;Grindelwald;4040.0;250;11;6;;20066.79;17191.10;16138.42;26450.89;24762.86;23338.04;24848.01;29782.50;23599.14;20370.26
303;Grossaffoltern;2812.0;243;1;15;;10266.07;10227.63;11037.57;9552.42;9167.77;9565.71;5690.05;8468.37;8512.61;7076.34
608;Grosshöchstetten;3289.0;246;12;11;351;19107.53;22503.29;22085.36;17647.62;22110.55;21251.72;26399.92;31679.08;31226.22;26859.99
841;Gsteig;986.0;248;20;20;;-8651.16;2458.56;1900.13;1378.97;2346.71;-260.50;1008.00;3830.02;1582.42;-1344.29
577;Gsteigwiler;430.0;250;11;14;;13946.54;6673.95;17100.48;29633.45;17093.82;14618.04;21975.90;23088.20;15534.47;14963.84
852;Guggisberg;1585.0;246;21;21;;8096.88;8595.53;7476.53;9669.62;5649.70;6600.27;7559.33;8631.36;13685.05;11187.98
665;Gurbrü;245.0;246;14;21;;627.60;2157.87;1103.68;308.24;1639.01;106.49;706.86;2242.94;5240.13;3696.52
867;Gurzelen;798.0;247;22;19;;1720.62;3195.37;1261.66;2537.88;2787.20;2021.16;650.70;3051.88;4003.84;3512.61
327;Gutenburg;0.0;244;2;15;;3166.89;10139.73;12801.76;2034.43;20680.32;0.00;0.00;0.00;0.00;0.00
782;Guttannen;321.0;250;18;7;;4988.45;6762.19;8377.41;7276.03;5012.29;4415.79;7634.95;10390.22;8039.54;5258.45
578;Gündlischwand;284.0;250;11;17;;24808.98;31730.79;53211.60;50782.38;63355.32;3261.88;33508.95;47278.51;16908.37;18550.09
579;Habkern;640.0;250;11;21;;3919.35;5214.65;3519.00;3143.55;2025.68;1204.69;2399.77;2989.13;1903.07;1707.54
736;Hagneck;415.0;243;16;15;;6020.77;8406.78;9122.98;10410.56;5246.53;3053.42;5552.04;7264.07;6620.08;7311.25
406;Hasle b.B.;3170.0;245;6;16;;14545.51;15927.87;14987.73;14373.13;12541.95;11302.63;15224.48;18645.09;17108.78;15192.25
783;Hasliberg;1229.0;250;18;6;;8333.02;11791.22;6282.33;11494.30;5748.33;2263.33;7767.86;8278.38;6981.71;7635.21
927;Heiligenschwendi;675.0;247;24;7;;26225.68;30072.24;16689.55;16661.15;13142.25;12098.36;14909.09;23539.65;22239.86;19078.53
928;Heimberg;6365.0;247;24;12;942;24605.52;27637.26;25172.40;24453.04;25080.73;23330.78;24835.42;29964.47;30817.02;26621.56
977;Heimenhausen;1016.0;244;26;15;;268.81;-232.76;-1123.89;585.28;-1274.82;3247.19;9889.80;-557.50;970.43;2104.25
407;Heimiswil;1636.0;245;6;21;;9443.41;9298.43;10508.52;12384.13;13426.67;14569.57;13097.55;16598.68;15479.27;11430.35
408;Hellsau;192.0;245;6;19;;3156.87;4915.09;6061.60;2546.04;1191.56;3250.82;-994.88;-212.71;6851.34;55.89
610;Herbligen;551.0;246;12;16;;6568.73;6575.84;8187.00;4392.09;5807.04;7067.91;5562.55;9592.03;2203.66;1709.03
978;Hermiswil;96.0;244;26;20;;955.95;7472.64;10363.40;484.65;8735.79;4359.72;1166.69;9056.84;5182.31;10387.40
737;Hermrigen;262.0;243;16;16;;34.38;2533.45;1037.07;2735.99;2401.07;-326.58;4114.09;2990.69;4211.49;4010.45
979;Herzogenbuchsee;6795.0;244;26;4;;27627.15;26534.62;27254.47;23696.43;25070.30;20186.90;19991.88;21468.25;22919.95;21329.71
929;Hilterfingen;3998.0;247;24;13;942;78445.93;69402.34;46796.93;47941.57;45222.83;50292.42;38516.22;34890.70;34449.01;29815.84
409;Hindelbank;2094.0;245;6;17;;9241.89;14422.56;18938.07;13393.19;9252.55;18707.07;15871.39;13304.39;11778.37;11979.90
580;Hofstetten b.B.;567.0;250;11;17;;2875.27;4836.91;3834.29;3330.85;3908.90;3190.96;2349.30;3044.99;7047.38;4903.26
931;Homberg;502.0;247;24;21;;1156.99;1770.08;1986.38;4353.76;3610.42;1070.65;3941.14;7296.52;4582.72;6982.79
932;Horrenbach-Buchen;259.0;247;24;21;;2821.82;2436.04;1289.08;2779.23;1875.14;1320.78;2199.93;1822.82;960.27;-600.28
954;Huttwil;4726.0;244;25;18;;16620.10;16664.74;16159.18;17621.42;20055.83;13186.79;14946.14;19601.78;21559.92;15784.55
609;Häutligen;239.0;246;12;21;;-1204.26;2494.63;3074.07;699.97;-965.12;3649.43;5314.18;460.55;-1234.76;-1666.31
410;Höchstetten;258.0;245;6;19;;3011.15;6622.34;6368.99;1643.77;2526.24;7915.37;5248.19;4410.46;8632.43;2201.22
930;Höfen;441.0;247;24;16;;2566.56;1930.50;1996.28;-416.91;-1194.22;278.82;-77.12;189.87;1935.83;529.77
541;Iffwil;409.0;246;9;20;;2237.05;4883.45;1554.78;1141.11;7621.55;3382.08;2788.35;6301.99;3742.33;2051.41
980;Inkwil;638.0;244;26;15;;6043.89;1630.60;3567.99;974.42;6515.50;5734.42;173.97;5070.34;4136.74;11320.59
784;Innertkirchen;886.0;250;18;19;;3845.82;4361.38;6615.88;4975.13;5019.19;4772.83;4428.24;4464.10;4903.55;3220.83
496;Ins;3260.0;243;8;20;;10355.75;10758.39;10139.60;8757.57;8185.25;8103.75;9234.27;8680.19;8918.79;7379.49
581;Interlaken;5481.0;250;11;6;;64276.97;68503.05;65636.25;77998.41;63826.85;59368.47;62622.88;70165.04;61640.45;60217.98
739;Ipsach;3913.0;242;16;13;371;74965.71;81539.60;60667.22;43801.14;28400.24;38386.08;42564.32;37836.57;33121.17;33645.23
582;Iseltwald;432.0;250;11;20;;8581.81;9084.87;7212.16;6697.44;5448.59;6818.23;6374.05;5614.20;4404.37;4179.05
362;Ittigen;11006.0;246;3;9;351;11708.59;14269.71;9080.33;9673.88;8421.36;5224.99;7888.91;11109.90;10847.88;5354.97
868;Jaberg;258.0;246;22;15;;9050.28;4104.66;5728.10;4003.19;2267.82;493.02;5130.68;8802.25;4650.88;78.95
540;Jegenstorf;4680.0;246;9;10;351;14022.00;14035.61;14754.10;14168.64;11843.33;11947.36;14391.90;18258.43;15231.13;15198.62
738;Jens;681.0;243;16;15;;9844.42;16261.95;10208.23;8556.59;8680.22;18575.46;9575.53;12593.98;12629.73;16448.14
304;Kallnach;1563.0;243;1;19;;9602.91;7525.18;7127.19;7557.50;6769.69;5458.87;9207.08;6494.93;8272.43;7471.76
564;Kandergrund;810.0;249;10;8;;1626.56;3549.27;1810.86;2030.52;440.33;982.60;724.43;5360.69;3270.33;1355.47
565;Kandersteg;1261.0;249;10;6;;1971.27;3002.84;5291.84;3843.44;1511.87;1414.18;2392.25;4158.18;3430.24;2900.59
305;Kappelen;1278.0;243;1;19;;6800.07;8458.06;7100.13;6590.46;6664.04;5155.99;7053.36;7882.74;6909.02;6979.42
869;Kaufdorf;1034.0;246;22;11;351;15109.82;14603.44;13985.43;16246.44;14623.27;16362.55;13211.89;16066.57;18600.29;16978.47
870;Kehrsatz;3964.0;246;22;10;351;21813.33;21398.03;20860.03;17236.17;14172.33;13266.13;14019.70;15910.44;21684.10;15747.23
411;Kernenried;449.0;245;6;15;;98.33;891.34;202.52;425.05;-997.88;-773.44;-1468.62;-886.97;920.56;-99.35
871;Kienersrüti;52.0;247;22;21;;-1192.53;2790.00;8008.56;-1693.45;-3200.55;-3359.95;-1999.64;-2754.83;688.91;1556.42
611;Kiesen;857.0;246;12;15;;8689.49;12132.12;9270.19;16744.15;7578.57;16127.66;18390.23;16549.07;18275.79;12113.02
412;Kirchberg;5613.0;245;6;12;404;15453.62;14967.28;15883.34;13969.94;13468.05;10510.46;12795.83;10657.87;12760.07;10529.54
872;Kirchdorf;814.0;246;22;20;;7957.92;10448.23;11116.82;11161.16;5073.19;6395.02;7900.03;17007.89;7272.16;13134.84
873;Kirchenthurnen;271.0;246;22;15;;14539.45;12658.79;46693.42;33306.35;22987.13;24508.30;49238.91;36814.77;50622.06;24470.30
354;Kirchlindach;2815.0;246;3;11;351;15664.31;17315.11;18570.10;17447.72;16839.06;19039.56;17061.03;20425.54;24772.49;19962.42
328;Kleindietwil;0.0;244;2;19;;1023.59;-551.53;3598.85;7471.57;2214.81;5743.01;6960.69;7483.37;6196.93;0.00
612;Konolfingen;4739.0;246;12;9;351;34440.91;26627.45;26444.06;36341.69;31159.54;22872.86;27158.43;32755.35;27074.10;34175.77
413;Koppigen;2070.0;245;6;17;;13959.01;11911.99;10784.99;11457.50;12180.24;7509.60;8288.02;10304.48;12421.60;14384.36
566;Krattigen;989.0;249;10;17;;42336.93;41418.96;41296.07;40313.87;38614.20;24876.51;35521.88;35395.14;27207.18;16996.45
414;Krauchthal;2318.0;245;6;15;;6918.00;9560.92;5877.91;8205.75;7577.74;7913.00;8575.53;9004.87;9648.59;8189.82
666;Kriechenwil;410.0;246;14;20;;84.80;143.94;558.26;-1145.56;-2832.88;-728.59;-2513.45;-3291.62;-1188.41;-2542.66
355;Köniz;38633.0;246;3;9;351;42259.20;38241.15;37200.48;38105.80;35170.07;35242.62;35864.95;39556.92;39100.70;34784.95
435;La Ferrière;545.0;241;7;19;;3980.29;3627.01;8449.60;8860.06;3534.55;14126.52;6719.10;11903.19;8204.54;14016.60
436;La Heutte;486.0;241;7;15;;19243.64;15715.07;12114.14;11830.47;12844.18;13725.59;13263.75;14540.71;8344.88;5507.17
723;La Neuveville;3559.0;241;13;17;;49673.39;44367.36;49706.35;52682.33;47162.88;44084.87;51186.53;48272.17;43801.51;38296.30
722;Lamboing;682.0;241;13;16;;20124.34;18048.16;10037.11;7689.13;8052.88;8466.61;12296.59;14850.49;8204.70;7588.27
613;Landiswil;628.0;246;12;21;;3229.33;3853.42;5275.98;4684.70;2829.87;2600.05;3220.74;5862.07;6542.42;2318.79
329;Langenthal;15017.0;244;2;3;;32829.87;32287.18;26283.96;25170.39;27614.51;15699.35;27367.48;28559.55;27955.00;23751.20
902;Langnau i.E.;9018.0;245;23;3;;11274.92;13402.72;12419.52;10896.78;9088.06;8265.09;9793.54;11360.68;11109.26;10008.20
842;Lauenen;810.0;248;20;21;;4019.97;6808.60;4527.83;4563.58;4555.01;3527.06;4056.03;6143.11;3412.54;4930.23
667;Laupen;2830.0;246;14;10;351;13607.61;12021.90;9574.82;10371.20;8820.27;11195.39;11477.50;14855.38;16270.69;14508.13
903;Lauperswil;2680.0;245;23;19;;7112.09;6983.08;7039.51;5847.53;4040.02;8353.25;5777.25;5448.27;5381.85;3706.22
584;Lauterbrunnen;2741.0;250;11;6;;50859.47;52768.01;43647.36;45319.19;42015.70;45946.66;43896.24;49536.16;35977.87;39420.45
330;Leimiswil;0.0;244;2;19;;1600.23;1937.45;3442.70;8642.61;7358.05;1715.94;1238.30;4612.59;11879.31;0.00
585;Leissigen;932.0;250;11;17;;10160.48;16015.19;15314.92;19405.67;17512.80;18237.39;15655.27;16692.23;20865.27;16337.11
387;Lengnau;4627.0;242;5;14;;23527.32;23855.98;23156.45;23463.66;20497.08;23479.32;27100.59;29308.56;28276.82;26394.58
792;Lenk;2419.0;248;19;6;;3630.15;7477.25;8690.77;12990.14;9933.80;10885.13;12520.86;13604.91;10614.62;9858.02
388;Leuzigen;1200.0;243;5;16;;4218.37;5322.00;6076.96;1305.88;5714.92;4098.71;5301.37;5399.98;6670.46;3926.87
740;Ligerz;521.0;242;16;20;;30779.43;28611.88;24189.34;21022.47;18837.20;22469.52;27545.59;19343.96;27223.00;28525.07
542;Limpach;359.0;246;9;20;;2680.55;3777.75;4259.12;5369.13;6510.94;8397.53;4001.91;9247.78;7821.25;7196.85
614;Linden;1321.0;246;12;19;;4236.45;5636.71;5142.95;4177.09;2972.37;4830.39;3420.64;8768.88;6520.53;8819.72
874;Lohnstorf;224.0;246;22;21;;164.44;-837.47;-1109.99;-208.09;-1313.35;-278.72;558.83;1713.30;2006.22;-991.01
331;Lotzwil;2462.0;244;2;15;;19892.45;19682.38;19195.19;16026.13;15259.42;10754.48;13238.94;13581.47;19004.47;14643.19
696;Loveresse;317.0;241;15;19;;12694.80;255.77;9008.16;7703.27;9242.75;5407.38;4838.95;5679.08;7762.95;5449.16
306;Lyss;13776.0;243;1;3;;31545.82;34724.88;23501.05;23658.73;22788.92;17593.50;16828.08;18410.67;18302.00;14228.81
415;Lyssach;1427.0;245;6;12;404;9320.59;8799.71;18851.57;13356.65;10041.33;9013.91;14946.51;20305.53;11089.80;17505.08
933;Längenbühl;0.0;247;24;20;;1452.51;1552.86;1266.30;735.36;-457.34;0.00;0.00;0.00;0.00;0.00
497;Lüscherz;537.0;243;8;20;;4138.46;4377.30;10468.47;9414.74;10770.71;10532.47;10254.54;8536.08;10203.89;10267.27
586;Lütschental;240.0;250;11;20;;1947.82;3496.65;3031.28;3979.77;-4019.30;-1706.94;-8516.85;-3273.43;-409.93;-2853.40
955;Lützelflüh;4075.0;245;25;19;;10146.51;11919.90;8808.87;9986.36;9816.37;8188.87;7099.39;11373.73;10113.63;8288.48
332;Madiswil;3140.0;244;2;20;;9359.61;7993.51;7695.50;8102.49;6394.61;7438.70;8343.42;10027.08;10966.68;8650.31
697;Malleray;1970.0;241;15;18;;8754.05;3652.22;9083.89;10916.55;4022.56;9151.60;10272.00;10288.91;12028.14;8992.44
587;Matten b.I.;3780.0;250;11;13;;22631.46;16312.17;19445.05;17316.58;19616.27;13975.18;17648.27;23597.75;22692.68;20685.77
543;Mattstetten;588.0;246;9;11;351;2469.25;507.96;3753.50;4298.48;-1136.03;-408.68;-2449.07;617.26;602.47;1109.54
389;Meienried;53.0;243;5;20;;1523.91;5893.70;553.01;13825.75;17797.65;7038.13;-1772.15;13460.40;4286.87;9172.29
307;Meikirch;2344.0;246;1;11;351;20957.81;20528.69;23454.84;22668.88;21462.73;20723.62;18458.24;21804.97;21830.82;20867.22
390;Meinisberg;1292.0;242;5;15;;26956.23;24784.02;14756.36;19267.13;13940.43;15046.94;15488.20;23842.62;9567.24;12337.04
785;Meiringen;4581.0;250;18;7;;13513.59;14865.99;11899.16;12542.60;8980.72;10701.88;10211.70;11877.69;25578.62;13621.17
333;Melchnau;1567.0;244;2;19;;25680.07;20958.32;20110.15;20982.22;85280.85;49273.29;35846.71;8708.05;26335.60;29464.05
741;Merzligen;411.0;243;16;15;;7800.88;8366.86;6053.83;7969.42;9954.37;7206.99;7649.23;5692.92;10965.36;6671.03
615;Mirchel;578.0;246;12;16;;5739.27;7500.25;5447.21;2459.81;1973.64;289.21;1225.17;2938.50;4224.31;1586.83
699;Monible;38.0;241;15;21;;3949.68;9573.36;6118.37;8197.86;2959.55;9463.86;18072.69;9921.15;10152.34;7292.07
437;Mont-Tramelan;120.0;241;7;21;;4483.55;4958.35;4189.63;2818.86;4059.20;1620.89;5460.62;5599.17;9592.96;3477.35
544;Moosseedorf;3620.0;246;9;9;351;12592.99;14939.73;12947.59;13881.30;12339.14;13184.90;12723.44;17737.80;16997.35;15778.81
700;Moutier;7479.0;241;15;3;;22520.25;23767.39;17338.81;20226.67;17156.93;20393.09;15581.22;18198.70;18415.39;17348.41
356;Muri b.B.;12369.0;246;3;5;351;31603.71;40664.76;39354.32;38342.93;38164.72;35215.59;35421.45;39509.67;40623.50;37636.41
742;Mörigen;878.0;242;16;5;371;9680.85;5710.14;7512.47;7766.25;7132.81;3002.05;4283.15;6159.86;15182.67;14148.29
416;Mötschwil;142.0;245;6;22;;4874.24;2425.55;4850.50;2204.21;2457.68;966.12;-52.32;3486.03;4142.41;-920.11
668;Mühleberg;2668.0;246;14;20;;6869.73;8262.21;7874.37;8932.71;9091.49;9478.15;7841.46;9656.06;12358.77;11589.10
875;Mühledorf;248.0;246;22;20;;66856.32;56450.00;62609.39;82004.31;62405.33;87560.15;36065.74;40414.97;10640.55;8495.99
876;Mühlethurnen;1377.0;246;22;15;;8078.43;10440.56;11158.45;12208.78;10814.23;12085.18;11889.15;11647.10;13091.61;16062.42
545;Mülchi;234.0;246;9;16;;222.80;309.93;-69.05;-875.13;-795.01;-363.54;-2076.11;-983.39;-1165.82;-1364.99
546;Münchenbuchsee;9703.0;246;9;9;351;28340.01;25352.93;26692.81;25894.24;24431.89;21865.18;23534.23;25088.16;25285.99;20667.96
669;Münchenwiler;468.0;246;14;15;;3397.95;6532.82;6708.21;8244.59;7028.16;7780.26;5480.96;8491.07;7886.11;5768.75
547;Münchringen;593.0;246;9;15;;2608.88;2840.05;4592.41;6131.74;2703.92;2671.23;606.86;3281.29;1391.91;2969.58
616;Münsingen;10841.0;246;12;9;351;33374.42;31176.28;34008.73;29778.72;32302.48;24404.59;27314.87;24471.56;22363.98;21363.85
498;Müntschemier;1330.0;243;8;20;;4653.73;3622.49;2397.29;3548.94;2966.57;2881.26;1009.60;2551.16;3324.65;3645.41
670;Neuenegg;4913.0;246;14;11;351;6905.39;6502.71;6171.68;6402.01;5933.50;11206.58;5452.58;7673.12;8327.96;6669.80
743;Nidau;6816.0;242;16;12;371;49087.13;39762.71;35553.20;35724.85;40394.03;39520.18;39294.03;49638.04;41884.99;45724.79
981;Niederbipp;4211.0;244;26;17;;10076.37;8373.84;7564.05;6243.09;6889.14;5436.14;5978.20;9274.30;9590.61;5804.32
617;Niederhünigen;641.0;246;12;15;;1652.31;1744.29;2916.91;1128.44;1633.34;-314.95;2448.66;3734.49;5690.67;1102.30
877;Niedermuhlern;505.0;246;22;21;;694.13;5827.87;4625.14;6335.45;5793.66;6560.51;7946.93;9808.59;17957.76;21316.90
588;Niederried b.I.;338.0;250;11;15;;54114.03;54571.77;28451.14;23349.10;21562.24;22877.79;15431.62;15535.21;14051.08;16330.81
308;Niederried b.K.;297.0;243;1;15;;5881.71;5663.97;4712.96;4837.09;5430.49;4320.33;3127.23;5335.05;5479.88;6164.92
764;Niederstocken;257.0;247;17;15;;5111.89;4417.05;5229.54;5084.80;3466.57;-540.40;396.73;4367.85;4116.66;5180.84
618;Niederwichtrach;0.0;246;12;11;;5141.23;5293.55;0.00;0.00;0.00;0.00;0.00;0.00;0.00;0.00
982;Niederönz;1554.0;244;26;15;;11901.34;12618.95;11694.36;10034.87;10592.85;8438.56;8996.86;7889.00;7403.28;6261.24
417;Niederösch;240.0;245;6;21;;-607.22;-26.87;1284.90;28.66;-1784.00;2689.94;-101.14;7121.01;799.36;-685.29
724;Nods;742.0;241;13;20;;2007.79;1406.69;1456.72;-196.55;-3108.93;-3104.23;-69557.24;-818.53;1327.22;710.89
878;Noflen;260.0;246;22;21;;2003.92;1150.35;2311.35;2757.83;467.23;-47.78;163.58;-625.48;5946.15;2091.42
357;Oberbalm;869.0;246;3;21;;3730.53;6141.73;8613.78;9700.45;5330.12;4587.10;6084.39;8464.32;9372.70;2966.11
983;Oberbipp;1568.0;244;26;15;;7755.88;7879.62;11255.49;9916.63;7330.75;8162.54;9299.23;11142.38;8679.19;9729.49
418;Oberburg;2875.0;245;6;13;404;10384.20;8809.20;8081.95;5826.74;6682.46;7715.12;5192.81;6463.00;7819.06;10740.60
619;Oberdiessbach;3102.0;246;12;17;;11825.55;12218.23;11919.93;12935.03;9629.38;11804.29;9959.23;16562.63;10206.60;10282.21
934;Oberhofen;2354.0;247;24;14;942;32219.80;41110.76;40277.54;42451.84;41178.11;48642.61;47595.60;55232.98;48137.94;37071.78
629;Oberhünigen;326.0;246;12;21;;2046.64;3123.42;3466.77;3571.19;2207.11;1132.88;2331.45;4576.18;4752.27;3868.73
935;Oberlangenegg;486.0;247;24;21;;7313.51;6887.22;13100.04;20154.58;3112.79;7645.59;8259.13;13782.91;13205.52;8425.16
589;Oberried a.Br.-S.;479.0;250;11;17;;16641.62;21969.00;16697.30;15664.86;22207.63;12704.55;17649.02;12472.14;19978.40;22628.36
334;Obersteckholz;423.0;244;2;16;;2922.71;2111.45;1348.92;1148.29;-762.47;-2347.52;3425.63;3314.12;4002.03;-1104.97
765;Oberstocken;282.0;247;17;15;;5519.87;3790.91;3656.65;5045.25;3414.90;1249.58;1480.43;4025.09;12116.99;7699.95
620;Oberthal;781.0;246;12;21;;6209.11;8430.31;9077.67;6888.93;7591.92;6665.66;5365.47;8847.37;6977.92;6598.06
621;Oberwichtrach;0.0;246;12;10;;8321.72;9234.72;0.00;0.00;0.00;0.00;0.00;0.00;0.00;0.00
391;Oberwil b.B.;809.0;243;5;16;;10499.93;10322.34;9319.56;11026.62;7874.54;10470.95;7360.00;7681.78;8556.52;7310.54
766;Oberwil i.S.;795.0;249;17;21;;3010.81;3809.68;4890.31;3959.15;3433.66;471.36;1029.18;1708.39;2573.20;990.06
984;Oberönz;0.0;244;26;15;;12650.48;3922.10;2331.74;2150.60;1922.87;7589.91;0.00;0.00;0.00;0.00
419;Oberösch;112.0;245;6;21;;2170.51;2187.12;3781.22;3263.89;2132.95;-2376.24;-2312.21;-1867.47;-1006.08;1670.10
985;Ochlenberg;586.0;244;26;21;;4270.07;4891.11;4236.47;4125.49;3312.48;6335.22;2338.70;5843.47;21987.16;8578.92
335;Oeschenbach;237.0;244;2;21;;14200.20;16542.27;12953.82;12594.42;16933.27;23751.36;16173.92;18883.74;13594.64;4152.00
622;Oppligen;669.0;246;12;15;;3897.72;3484.28;4088.49;4908.48;1919.87;32.85;-909.31;2998.49;5949.30;4457.48
744;Orpund;2637.0;242;16;13;371;20621.85;20402.70;21094.08;20916.55;27474.55;36951.57;33181.15;29157.86;29233.27;26894.08
438;Orvin;1196.0;241;7;17;;18295.20;24744.61;17563.93;20106.10;24442.46;14484.97;24742.28;18370.38;18879.46;19508.18
363;Ostermundigen;15436.0;246;3;10;351;9202.76;6844.56;7888.58;8753.81;5950.84;6120.32;7277.71;10711.64;12338.64;-50299.98
701;Perrefitte;471.0;241;15;15;;10421.15;9190.63;3560.69;2092.82;1822.81;7744.86;3749.99;3595.93;2321.95;2239.27
392;Pieterlen;3633.0;242;5;13;371;21185.64;21024.22;14873.79;19731.70;16495.50;14567.80;17676.33;18394.53;18995.14;14065.33
440;Plagne;364.0;241;7;14;371;9444.56;9050.72;3422.84;4882.04;7560.94;561.00;1432.95;5036.02;1836.26;-930.13
936;Pohlern;278.0;247;24;15;;652.77;-899.88;-1263.01;-1126.92;-2324.95;-2414.93;-1302.32;-2343.60;-1575.79;-1582.80
702;Pontenet;216.0;241;15;15;;12608.62;9876.82;11039.70;12612.47;13304.48;25078.97;9131.44;9956.16;10076.83;5980.02
745;Port;3302.0;242;16;14;371;33253.82;31003.95;25480.20;22329.70;21617.41;22465.47;25458.90;28437.29;30302.46;27989.35
725;Prêles;908.0;241;13;17;;8916.37;10563.31;9204.92;7577.89;4691.81;5399.62;10285.15;9494.74;9897.01;7441.49
439;Péry;1359.0;241;7;15;;10559.85;11289.80;12674.94;14639.37;13504.99;14175.03;13892.45;11840.12;13298.81;10217.86
309;Radelfingen;1176.0;243;1;16;;7461.21;8297.81;11391.57;9619.02;7189.54;6543.91;6722.78;9774.38;6100.63;11040.45
310;Rapperswil;2129.0;243;1;20;;9424.72;10255.55;8436.50;7917.11;6509.11;11252.74;11468.99;7289.34;11875.08;10107.51
715;Rebévelier;47.0;241;15;22;;7534.51;56351.41;55571.25;29588.12;52135.62;9984.00;39469.38;67920.50;64502.25;145666.63
703;Reconvilier;2213.0;241;15;18;;16964.26;19816.71;24185.00;21408.25;20350.17;17332.04;22131.92;18895.06;16947.24;13385.15
567;Reichenbach i.K.;3452.0;249;10;19;;560.43;734.27;876.22;191.78;-773.35;859.85;2997.81;4678.94;7944.57;4954.22
336;Reisiswil;191.0;244;2;21;;737.06;2765.28;3008.39;6040.59;1125.77;1726.43;3472.94;3564.76;7613.09;2590.21
441;Renan;838.0;241;7;20;;8948.98;7986.30;7952.20;7795.59;6187.26;5467.69;5181.26;7194.41;10753.81;8368.48
767;Reutigen;963.0;247;17;20;;9110.06;9744.34;4818.29;5026.45;4163.24;3152.82;2481.37;5777.19;3788.69;5426.55
879;Riggisberg;2406.0;246;22;8;;23164.06;24059.62;20843.27;21798.38;24335.68;20999.53;24082.93;14475.49;14256.58;11339.15
590;Ringgenberg;2523.0;250;11;14;;27946.99;29758.53;26622.59;28080.94;30622.74;38129.60;35627.29;31206.41;30195.14;29661.78
704;Roches;228.0;241;15;22;;-578.13;1330.61;493.42;359.03;-1186.92;438.80;-1665.28;-972.61;-927.22;-1714.87
337;Roggwil;3865.0;244;2;17;;9123.98;13860.07;12517.85;10713.71;12127.68;9939.03;11495.22;10766.77;9747.82;6380.25
338;Rohrbach;1431.0;244;2;16;;12660.61;12344.84;10363.52;10298.34;7724.29;5594.76;13596.42;8462.01;9523.97;8931.06
339;Rohrbachgraben;423.0;244;2;21;;603.68;1295.15;894.91;418.20;2937.74;-1085.63;-1099.72;820.50;3675.50;-366.66
442;Romont;205.0;241;7;16;;-1357.15;2514.94;-399.93;855.99;-699.15;-2073.13;1920.30;1174.09;353.59;-1299.80
623;Rubigen;2865.0;246;12;11;351;17339.80;17023.77;21077.01;22452.88;27447.03;31724.98;31568.95;41958.51;33069.05;32085.20
421;Rumendingen;77.0;245;6;8;;1594.25;752.71;1188.13;856.39;-1159.21;-1061.12;-1374.68;-1958.01;-982.18;-562.84
987;Rumisberg;476.0;244;26;15;;16888.65;15341.30;11086.86;7981.43;11701.46;9107.24;7871.32;8343.14;7655.97;4960.37
548;Ruppoldsried;259.0;243;9;16;;768.60;-203.95;4837.78;4510.57;3219.97;2211.60;775.05;2503.54;7095.75;4757.14
986;Röthenbach b.H.;0.0;244;26;19;;2985.34;4338.70;971.79;3508.50;6463.41;1135.34;2721.49;0.00;0.00;0.00
904;Röthenbach i.E.;1272.0;245;23;21;;1697.13;3832.77;3866.17;4982.17;1802.16;1819.47;2931.47;4459.47;4699.03;3911.46
905;Rüderswil;2405.0;245;23;19;;4159.65;7548.89;5614.97;3784.44;3422.40;1688.51;4166.90;6123.76;5622.62;4706.02
420;Rüdtligen-Alchenflüh;2179.0;245;6;13;404;8654.71;7244.57;4982.56;7625.47;5957.80;3415.58;6483.75;8494.40;1357.00;3607.53
880;Rüeggisberg;1855.0;246;22;21;;8099.02;6824.06;6876.39;4602.40;5855.20;3646.26;5960.37;6196.98;7664.08;4324.80
956;Rüegsau;3062.0;245;25;20;;3913.20;8487.57;5172.90;8810.05;4209.19;3215.82;6059.14;8461.69;6742.27;5618.63
881;Rümligen;450.0;246;22;20;;2325.58;4189.48;3397.24;4390.99;4228.48;2489.24;5048.42;8122.31;9952.58;4119.09
853;Rüschegg;1689.0;246;21;20;;4378.68;6928.28;6193.10;8195.54;5562.36;4237.20;5212.24;7156.62;12141.13;4166.33
393;Rüti b.B.;835.0;243;5;16;;13258.64;12910.42;12263.12;12542.44;15433.78;9941.06;10788.96;15014.26;12704.47;12346.47
422;Rüti b.L.;162.0;245;6;15;;1032.93;516.32;3608.86;495.91;2814.38;-1485.43;11929.50;2227.01;5974.10;23830.42
882;Rüti b.R.;0.0;246;22;21;;-935.00;140.68;1634.51;-748.56;2428.83;617.67;-527.22;0.00;0.00;0.00
340;Rütschelen;564.0;244;2;19;;1846.34;1121.61;1782.89;718.88;473.18;-934.36;658.15;952.32;7517.57;1900.32
843;Saanen;7240.0;248;20;6;;22012.24;21715.40;18620.10;18983.04;18800.15;18514.43;17402.65;19341.38;12510.46;16372.30
746;Safnern;1881.0;242;16;14;371;13125.64;17491.80;19357.73;14283.94;15548.39;14131.42;11341.05;12583.88;10371.45;6697.57
706;Saicourt;600.0;241;15;20;;-549.61;-232.01;-820.54;1572.83;1701.16;1605.24;2251.41;3470.57;4750.10;1230.73
443;Saint-Imier;4802.0;241;7;4;;40361.67;39897.06;39093.79;38816.93;50735.87;46097.74;48429.84;45552.23;38551.48;42521.95
707;Saules;153.0;241;15;19;;0.00;0.00;0.00;0.00;0.00;0.00;690.83;-480.37;1429.50;257.10
591;Saxeten;101.0;250;11;19;;6389.82;5409.68;7216.80;4480.54;4318.76;3047.86;3354.65;1437.62;2850.79;2738.21
549;Schalunen;366.0;246;9;11;351;2402.50;9111.90;4284.12;3973.34;9022.73;9922.73;4591.80;4924.81;8014.47;5073.41
906;Schangnau;925.0;245;23;21;;3075.44;2980.31;3146.77;2386.75;2825.70;1347.89;3428.17;3755.50;4987.89;2820.54
786;Schattenhalb;600.0;250;18;8;;8994.87;9548.32;9793.60;9844.28;5130.58;7686.41;5767.07;13109.80;3665.41;8215.66
708;Schelten;40.0;241;15;21;;-3200.35;65.42;-3970.12;-2136.20;-2781.69;-2965.41;-3081.83;-762.94;-1937.92;-2794.29
550;Scheunen;84.0;246;9;21;;20856.49;-1767.93;-1514.87;5479.64;-3172.60;-3281.40;-3341.30;-2463.14;-2592.86;-3301.18
747;Scheuren;440.0;242;16;14;371;-260.02;1651.47;1601.98;4106.50;-219.34;1065.96;-1068.87;3430.57;1831.39;561.16
624;Schlosswil;657.0;246;12;15;;2852.82;5215.31;8403.70;8833.56;8808.96;3366.14;3931.88;13338.23;8394.97;3749.53
748;Schwadernau;651.0;242;16;14;371;1012.92;991.98;1506.55;381.70;1742.48;-1444.27;2384.53;693.01;1175.73;-1419.37
592;Schwanden b.B.;603.0;250;11;15;;6223.78;7683.04;5694.58;4900.64;2990.46;3840.90;3672.05;6175.06;5472.74;4254.99
855;Schwarzenburg;6711.0;246;21;4;;0.00;0.00;0.00;0.00;0.00;0.00;0.00;0.00;0.00;20504.46
341;Schwarzhäusern;485.0;244;2;15;;1075.41;1044.18;540.84;1419.95;1549.55;505.17;-1615.91;886.23;-729.75;-1619.94
937;Schwendibach;254.0;247;24;15;;491.60;824.72;3761.48;3193.28;1163.42;-175.98;3959.71;4444.62;7533.35;2024.55
311;Schüpfen;3530.0;243;1;11;351;9189.18;10736.73;9063.63;9072.89;6844.39;8836.79;8421.20;9436.21;10362.98;8444.39
988;Seeberg;1389.0;244;26;20;;1896.78;1743.67;1819.94;1786.35;552.46;669.17;500.83;2448.41;9054.23;4390.22
312;Seedorf;2987.0;243;1;20;;14598.94;12719.54;14269.12;11336.02;8990.89;9817.26;8739.58;10610.70;9410.86;8165.03
709;Seehof;71.0;241;15;21;;-1920.83;-1374.48;-1051.46;-2508.63;-2412.17;-2280.12;-3211.17;-1776.04;-1966.48;-1877.80
883;Seftigen;2110.0;247;22;14;942;40033.01;41767.86;30609.12;28009.39;18549.32;24439.18;22755.34;25089.99;22782.75;20429.46
907;Signau;2749.0;245;23;19;;6759.48;6651.90;5443.75;7096.16;4907.90;5131.16;5814.30;5890.89;8204.25;6689.62
938;Sigriswil;4633.0;247;24;7;;12732.37;12316.56;12398.22;11059.27;12767.06;10171.19;11922.21;15006.56;16882.03;13513.17
499;Siselen;580.0;243;8;20;;49.35;816.93;2404.67;1738.84;1761.38;2956.56;3995.57;5513.90;6793.96;6179.82
444;Sonceboz;1804.0;241;7;18;;17464.26;17199.56;13502.92;14880.27;14755.78;14328.79;12762.78;15934.05;16639.47;37989.62
445;Sonvilier;1192.0;241;7;19;;5128.06;6072.55;6502.46;7184.00;7512.76;6900.61;8209.36;9842.88;8261.54;3298.50
710;Sornetan;131.0;241;15;21;;-2109.17;2472.13;2265.39;578.94;1574.18;-2089.30;-1340.77;1672.70;904.65;-1696.58
711;Sorvilier;268.0;241;15;19;;4830.63;6054.11;3523.29;1958.14;1415.08;1723.20;1065.79;626.06;1521.91;1570.10
712;Souboz;134.0;241;15;21;;369.73;2309.09;44.85;-2597.22;-1398.56;-1901.88;-2729.92;-1381.25;-1783.93;-2608.53
768;Spiez;12477.0;249;17;12;942;3983.93;18462.46;18971.52;20122.63;16684.48;14483.62;18555.39;21363.94;22518.23;18426.72
793;St. Stephan;1379.0;248;19;20;;-124.84;-81.07;332.13;368.84;411.45;469.85;625.85;1683.15;835.98;998.19
939;Steffisburg;15423.0;247;24;13;942;18797.20;19432.39;15496.66;30534.71;28416.72;28686.21;33830.01;31605.19;31148.99;32480.68
358;Stettlen;2891.0;246;3;10;351;58174.01;53620.18;50276.90;56911.29;62712.04;77851.15;76727.79;77280.88;46727.41;51963.53
749;Studen;2837.0;243;16;13;371;31282.11;25501.73;20479.36;15061.86;14936.75;20186.22;16358.65;14941.04;14382.16;9511.30
957;Sumiswald;5039.0;245;25;19;;14624.55;13368.54;14702.89;15411.62;14286.09;12058.97;16003.94;14183.18;16571.14;11873.17
750;Sutz-Lattrigen;1352.0;242;16;14;371;9860.69;13154.62;11121.20;9036.03;8727.49;6529.93;6997.25;7519.34;8196.54;8154.91
713;Tavannes;3542.0;241;15;18;;25846.69;27401.88;18379.33;19645.37;17822.57;16188.04;17365.88;19830.63;17896.78;15791.73
940;Teuffenthal;168.0;247;24;21;;264.99;2753.81;4034.59;2710.56;-355.32;-1638.18;3260.62;244.68;724.88;-891.55
941;Thierachern;2302.0;247;24;14;942;15578.46;15102.76;10556.78;11440.55;10062.13;9691.51;10966.91;10362.68;11184.74;12822.00
942;Thun;42623.0;247;24;2;942;92547.08;86924.51;78963.22;73641.91;71977.75;66503.45;66881.40;73303.59;75375.85;68687.02
342;Thunstetten;3063.0;244;2;17;;12976.24;15682.02;12747.91;11709.13;11405.51;13770.23;12456.00;13783.79;16577.24;11346.31
989;Thörigen;1027.0;244;26;15;;25337.49;30447.32;19108.13;30225.21;22949.65;9423.05;20481.92;12343.91;13298.57;14734.01
884;Toffen;2457.0;246;22;11;351;19859.51;19715.77;20539.48;24783.35;24972.65;17906.86;23418.04;26184.67;23972.74;19012.39
958;Trachselwald;1024.0;245;25;21;;2538.53;2962.87;1737.79;1515.53;929.25;1094.92;1892.80;2716.18;4387.87;2947.02
446;Tramelan;4248.0;241;7;18;;25370.24;29778.63;29767.32;37193.91;33402.30;33315.88;48978.13;27779.93;31703.72;29572.70
500;Treiten;441.0;243;8;21;;3072.51;4181.11;2964.03;3743.66;4341.43;3944.16;3435.15;4237.69;4396.82;6474.75
631;Trimstein;508.0;246;12;11;351;6849.00;5319.08;4220.46;5163.95;8880.83;-955.27;1390.26;3758.13;5252.93;6165.74
908;Trub;1377.0;245;23;21;;417.11;1761.95;2184.45;2166.19;724.19;954.05;2488.71;2032.10;3884.75;1261.25
909;Trubschachen;1392.0;245;23;19;;3336.12;4827.43;3976.27;6090.30;4166.78;2278.96;4271.40;4707.59;5402.39;2523.98
501;Tschugg;449.0;243;8;8;;-2160.71;43.48;-719.26;2813.16;572.36;-1975.20;602.85;3617.67;-915.20;-1395.10
753;Twann;0.0;242;16;20;;9511.02;12010.29;8423.49;12821.52;12091.05;7277.41;13692.65;14708.10;0.00;0.00
756;Twann-Tüscherz;1138.0;242;16;20;;0.00;0.00;0.00;0.00;0.00;0.00;0.00;0.00;16877.13;18342.86
625;Tägertschi;418.0;246;12;21;;6339.27;10911.42;4215.56;4392.60;4131.39;2559.01;4021.70;4938.62;6188.88;5846.57
751;Täuffelen;2655.0;243;16;17;;21917.21;22266.29;17650.50;16490.32;11845.38;32701.24;17432.96;25483.88;22625.41;19350.56
752;Tüscherz-Alfermée;0.0;242;16;5;371;31393.97;31343.58;25756.98;28142.40;23140.60;31425.77;27118.80;29899.28;0.00;0.00
943;Uebeschi;692.0;247;24;15;;4027.63;5707.34;6720.97;4940.45;4702.30;4666.27;5029.41;7466.61;3617.37;2292.61
944;Uetendorf;5946.0;247;24;12;942;17101.14;19159.18;15649.96;15041.29;10986.18;14324.58;14223.31;15922.66;15812.06;15492.57
945;Unterlangenegg;903.0;247;24;21;;6555.65;10255.53;6936.74;8612.52;5914.87;5281.58;7016.05;10000.06;9017.73;5577.99
593;Unterseen;5487.0;250;11;12;;42365.71;44652.83;30907.78;30640.74;30960.25;32962.55;37117.00;43612.00;35891.28;35809.14
343;Untersteckholz;0.0;244;2;21;;1818.56;-220.27;3859.49;981.40;-2440.41;-1555.00;-2600.48;-637.00;0.00;0.00
344;Ursenbach;908.0;244;2;19;;5286.79;6346.48;10539.86;8935.34;8112.67;10199.45;9054.54;11588.54;12254.15;3965.95
551;Urtenen;5665.0;246;9;9;351;63075.96;70189.20;79294.79;70414.11;59742.31;58554.11;69150.50;68967.01;65196.26;66280.65
885;Uttigen;1809.0;247;22;14;942;10927.41;15816.31;15524.41;14191.55;8049.87;12061.65;15863.40;17927.79;9888.10;4776.58
552;Utzenstorf;4123.0;245;9;17;;7615.57;11935.77;10272.07;12331.46;10313.33;11216.25;10769.22;12099.76;10230.07;11192.82
447;Vauffelin;411.0;241;7;14;371;5074.38;6418.51;5772.73;3922.53;6674.45;2291.68;3389.88;5057.02;6703.91;-206.93
359;Vechigen;4653.0;246;3;11;351;28557.32;28553.11;28413.82;26382.47;23960.26;26542.00;24645.45;27947.24;26028.77;26422.36
448;Villeret;895.0;241;7;18;;13991.05;16135.12;16968.79;17494.14;20105.50;29505.58;19429.24;19516.80;17762.33;14319.72
502;Vinelz;821.0;243;8;15;;9188.17;14243.90;13998.35;21648.51;14882.73;15066.51;10358.59;15388.73;13809.44;13997.14
946;Wachseldorn;232.0;247;24;21;;1360.40;4251.03;2730.99;2695.83;-930.75;276.06;816.36;3469.36;2171.37;2106.51
854;Wahlern;0.0;246;21;4;;16254.55;18688.15;18212.66;19899.63;21194.29;19691.99;19928.05;24630.86;25588.65;0.00
888;Wald;1191.0;246;22;8;;0.00;0.00;9417.79;10281.14;7700.35;7654.24;7986.70;4560.85;8465.48;7367.79
626;Walkringen;1828.0;246;12;20;;15970.87;19108.91;19743.45;15984.34;10664.85;10226.67;12614.61;15995.57;13621.17;11827.26
990;Walliswil b.N.;204.0;244;26;16;;1536.47;6915.62;3767.47;6362.44;4597.50;-2211.86;28733.35;4155.34;-7396.36;369.27
991;Walliswil b.W.;567.0;244;26;15;;3208.74;5574.09;5051.19;5189.57;5853.45;4212.85;3127.12;8678.51;3598.38;3717.97
754;Walperswil;938.0;243;16;19;;4487.67;4687.24;4277.96;2967.68;3122.26;3827.76;2103.05;1974.86;3799.96;2436.44
959;Walterswil;539.0;244;25;21;;3594.49;5408.93;3359.09;2680.33;2901.95;2568.40;799.42;2743.97;4929.19;1236.42
992;Wangen a.A.;2088.0;244;26;17;;17637.66;22503.62;20562.12;20751.02;45130.28;91952.37;12783.75;14333.17;15669.42;14815.67
993;Wangenried;395.0;244;26;16;;3129.89;4935.28;3041.92;-44.40;1919.06;1179.15;3091.22;4616.52;5984.10;139.63
994;Wanzwil;0.0;244;26;18;;2099.70;3031.87;-2612.10;1702.92;2940.48;501.66;847.39;0.00;0.00;0.00
886;Wattenwil;2692.0;247;22;17;;17795.97;19372.44;15263.69;14174.90;13238.20;12446.24;11226.06;11176.74;11069.57;10232.32
394;Wengi;612.0;243;5;20;;3958.80;1776.68;4775.17;7631.61;5303.03;4483.69;2706.93;4236.74;9191.16;5076.92
632;Wichtrach;4018.0;246;12;10;351;0.00;0.00;6618.22;6928.33;6652.51;6550.59;6418.72;7760.80;8225.41;6104.62
995;Wiedlisbach;2191.0;244;26;8;;10383.48;13821.01;10215.22;11578.33;9336.47;9115.41;10711.31;12425.40;10009.09;9042.24
553;Wiggiswil;100.0;246;9;21;;-1225.09;-287.83;-684.44;671.54;-2075.24;-885.66;-3182.12;-1549.75;-1530.08;-2265.98
594;Wilderswil;2487.0;250;11;6;;23093.19;24335.60;20643.98;17858.59;16792.80;16577.18;17058.53;15809.88;15059.02;14712.33
554;Wiler b.U.;817.0;245;9;15;;17022.48;11635.44;11135.54;11282.44;10548.94;12150.92;10729.20;12762.93;12494.97;10971.33
671;Wileroltigen;390.0;246;14;21;;869.75;2699.91;2371.57;1532.74;117.83;-1409.77;-1836.50;1910.59;2221.20;104.45
423;Willadingen;201.0;245;6;15;;1743.33;745.66;273.72;-22.62;307.23;-314.71;-2372.98;204.21;1252.68;734.79
769;Wimmis;2413.0;249;17;17;;8430.14;8749.58;8462.61;4892.11;4142.96;6298.72;6743.33;6603.82;8507.14;4906.84
360;Wohlen b.B.;8877.0;246;3;11;351;19030.54;19378.37;17425.24;19309.23;17752.30;19303.48;18592.93;17316.16;19624.52;18829.90
996;Wolfisberg;198.0;244;26;16;;741.27;2741.53;1657.46;1232.47;1049.19;671.29;1082.83;2142.93;2662.78;-688.63
627;Worb;11236.0;246;12;10;351;31695.27;32075.57;35793.76;39038.72;36389.26;42768.02;37606.68;42218.66;32967.89;29809.24
755;Worben;2288.0;243;16;8;371;10316.03;10365.01;7894.27;14868.65;10156.04;10126.35;11827.93;13076.36;15061.58;12044.97
345;Wynau;1551.0;244;2;15;;16272.90;16246.70;15068.91;15387.54;15581.24;13846.87;11906.46;15679.02;12329.35;11492.11
424;Wynigen;2014.0;245;6;20;;2789.04;2020.13;3086.79;3089.92;3114.20;1010.03;1695.94;2372.34;4852.57;2375.59
960;Wyssachen;1161.0;244;25;19;;7590.79;12744.62;13748.76;14331.31;12758.57;9625.33;15118.76;16431.63;18203.62;13098.04
555;Zauggenried;316.0;246;9;20;;3083.72;2716.52;2955.74;1244.34;1870.41;2993.72;9837.10;3650.31;7578.66;4499.61
556;Zielebach;329.0;245;9;14;;4743.52;2877.01;2720.12;4260.38;1760.44;155.59;-68.56;3704.84;7128.84;6899.98
887;Zimmerwald;0.0;246;22;21;;9795.19;10545.83;0.00;0.00;0.00;0.00;0.00;0.00;0.00;0.00
361;Zollikofen;9792.0;246;3;9;351;50064.46;47285.78;48061.44;46259.94;44643.27;47974.61;46189.11;49284.18;38715.89;41751.70
557;Zuzwil;578.0;246;9;15;;6685.50;2626.84;3620.62;4470.37;7621.22;8549.60;6313.14;4408.69;8828.17;6242.67
794;Zweisimmen;2998.0;248;19;4;;5927.27;7810.76;6320.10;9983.82;13510.11;9545.45;12687.73;13699.45;10849.21;10905.63
947;Zwieselberg;280.0;247;24;16;;4093.97;4845.28;8794.27;7611.16;1125.50;2761.25;2923.92;1159.12;1084.32;-239.61
628;Zäziwil;1591.0;246;12;15;;25252.72;22845.34;26749.47;25911.33;27861.51;24438.95;27101.12;36314.26;27240.20;32045.11

