K42 NPE NettoA pro Einwohner;;;;;;;;;
Kurzbeschrieb: Total Aufwand Laufende Rechnung ohne durchlaufende Beiträge (37), interne
Verrechnungen (39), übrige Abschreibungen (332) und Finanzausgleich (920.361) minus
Total Ertrag Laufende Rechnung ohne Steuern (40), Benützungsgebühren (434),
Verkaufserlöse (435) und Finanzausgleich (920.444) dividiert durch die Einwohnerzahl.

BFS-Nr.;Gemeinde;Anzahl Einwohner;Verw.-Kreis ;Amtsbezirk;BFS Typ;Agglomeration BFS-Nr.;2002 [SFR];2003 [SFR];2004 [SFR];2005 [SFR];2006 [SFR];2007 [SFR];2008 [SFR];2009 [SFR];2010 [SFR];2011 [SFR]
301;Aarberg;4090.0;243;1;17;;3470.23;3443.04;3146.91;3419.82;3843.94;3459.18;3569.83;3325.04;3535.95;1942.71
321;Aarwangen;4214.0;244;2;15;;2682.16;2603.44;2823.65;3059.55;1938.40;2910.26;2574.05;2716.74;3215.37;2719.58
561;Adelboden;3583.0;249;10;6;;2429.06;1935.01;2730.14;2771.39;2723.18;2770.74;2927.42;2859.19;3023.11;3076.32
401;Aefligen;1036.0;245;6;14;404;2162.79;2134.74;1780.56;2182.99;2209.79;2067.52;2185.61;2094.08;1029.13;2030.78
731;Aegerten;1750.0;242;16;14;371;3317.35;3047.88;2952.70;3040.33;3037.25;2750.33;3368.24;3120.57;3089.32;3273.05
562;Aeschi b.Sp.;2070.0;249;10;7;;2164.53;2137.53;1969.06;2320.86;2137.66;2257.88;2413.41;2260.91;2280.22;2233.51
601;Aeschlen;0.0;246;12;21;;1746.58;1638.52;1740.11;2216.91;2101.86;1537.05;2236.94;2460.06;0.00;0.00
951;Affoltern i.E.;1141.0;245;25;19;;3360.62;3468.58;3819.76;3602.45;-1260.14;2232.40;2551.61;2213.49;2490.19;2535.93
851;Albligen;0.0;246;21;20;;1933.54;2166.36;1426.67;2333.06;2470.84;2625.41;2811.66;2554.62;2547.54;0.00
402;Alchenstorf;570.0;245;6;16;;1756.27;1938.96;2023.84;2101.72;2206.85;1906.94;2324.68;2308.47;2421.51;2296.52
630;Allmendingen;515.0;246;12;11;351;3081.09;2311.05;3000.69;2533.92;3184.99;2947.11;1721.36;2506.81;2572.38;1871.28
921;Amsoldingen;797.0;247;24;16;;2325.09;2249.72;2249.42;2308.99;1933.10;2247.54;2533.34;2357.52;2486.90;2247.95
381;Arch;1542.0;243;5;18;;3695.64;3254.23;3223.89;3240.44;3221.68;3349.77;3841.84;3561.01;3601.55;3719.83
602;Arni;955.0;246;12;20;;2640.31;2531.80;2596.57;2607.12;2813.24;2613.95;2683.51;2577.09;2722.68;2851.02
971;Attiswil;1298.0;244;26;16;;2104.47;2091.14;2149.43;2292.05;2038.40;2360.29;2391.07;2261.10;2225.31;2448.20
322;Auswil;460.0;244;2;19;;2400.97;2668.61;2493.05;2301.49;-346.73;1846.12;2155.71;2202.22;2227.66;2287.83
531;Ballmoos;0.0;246;9;21;;2412.61;2233.89;2971.38;3056.64;2675.30;2750.23;2702.43;2978.23;0.00;0.00
532;Bangerten;158.0;243;9;21;;1778.69;2065.20;1808.18;1976.31;1504.93;2001.67;1964.06;1843.31;1985.16;2512.70
323;Bannwil;676.0;244;2;15;;2248.33;2263.58;2080.91;2229.47;949.34;2743.58;2464.39;2663.02;1900.69;2551.27
302;Bargen;1005.0;243;1;16;;3374.71;3052.24;3277.21;3530.68;3490.19;3450.96;3503.51;3137.35;3562.52;3651.78
571;Beatenberg;1126.0;250;11;7;;2966.68;2936.05;2893.54;3105.92;3192.04;3296.13;3090.88;3382.50;3173.81;3066.81
732;Bellmund;1490.0;242;16;14;371;2546.74;2787.97;2812.05;2626.10;2901.96;2601.67;2826.07;2800.09;3282.59;2986.53
861;Belp;10356.0;246;22;9;351;2697.15;2760.88;2878.42;3065.90;2931.69;2700.83;2903.94;2756.69;3160.05;2969.50
862;Belpberg;418.0;246;22;21;;1481.10;1786.76;1865.35;1995.82;1903.05;1920.49;2154.15;1915.29;2408.06;1500.58
681;Belprahon;300.0;241;15;15;;2371.86;2678.05;2262.43;2620.59;3289.74;2745.23;2804.36;2802.84;2808.81;3175.58
972;Berken;47.0;244;26;22;;1154.15;2233.01;1542.68;2253.23;-2668.33;1690.38;1757.48;-5144.02;2319.69;2706.65
351;Bern;126664.0;246;3;1;351;2737.78;3463.56;3192.38;3133.43;3470.64;3871.94;3822.82;3591.75;4368.71;4063.89
973;Bettenhausen;686.0;244;26;15;;2317.21;2248.86;2409.74;2379.87;-1086.65;1859.06;1813.77;1841.82;2040.84;1670.75
371;Biel;51323.0;242;4;2;371;2346.86;2507.21;2309.53;2696.04;2708.60;2888.52;3282.92;2841.35;2801.13;2925.01
603;Biglen;1729.0;246;12;15;;2720.88;3039.63;3033.22;3097.31;2931.68;2736.50;3076.46;3265.25;3082.14;3153.54
324;Bleienbach;654.0;244;2;19;;2785.21;2644.02;3006.35;2982.10;1431.62;1749.94;1783.66;1639.70;2761.98;2544.15
604;Bleiken b.O.;385.0;246;12;16;;1999.79;2218.00;1937.00;2007.30;2143.45;2211.10;2391.66;2428.80;2453.34;2357.76
922;Blumenstein;1182.0;247;24;17;;2947.47;2866.36;2462.16;2870.97;2952.20;2405.33;3201.99;3227.16;3080.43;979.65
352;Bolligen;6057.0;246;3;11;351;2513.97;2478.35;2540.28;2603.97;2670.06;2726.13;3020.99;3003.77;2867.11;2926.68
974;Bollodingen;0.0;244;26;19;;2866.29;2867.75;2823.51;2889.05;-2793.31;2340.00;2149.58;2312.44;2398.56;0.00
791;Boltigen;1366.0;248;19;21;;2358.29;2470.26;2425.96;2533.90;2407.20;2364.49;2574.32;2466.96;2341.69;2583.08
605;Bowil;1381.0;246;12;19;;1775.12;1768.42;1886.04;1945.35;2205.86;2267.85;2427.09;2349.69;2252.72;2328.99
353;Bremgarten b.B.;4210.0;246;3;11;351;2343.87;2589.50;2381.25;2558.30;2567.15;2524.45;2720.94;2603.25;2584.46;2609.61
606;Brenzikofen;524.0;246;12;15;;1769.74;2236.12;2064.01;2399.90;2384.01;2368.51;2232.87;2177.95;2259.55;2332.07
573;Brienz;3014.0;250;11;7;;3569.16;3641.34;3096.55;2824.47;3319.75;3163.84;3297.25;3483.16;4060.46;4002.64
574;Brienzwiler;511.0;250;11;17;;3557.90;3618.96;3136.33;2515.88;3356.44;2972.53;3321.71;2392.61;3477.65;2832.16
733;Brügg;4155.0;242;16;12;371;3704.24;3540.76;3940.27;3568.89;3827.16;3345.08;4358.75;4215.52;4211.12;4108.88
491;Brüttelen;577.0;243;8;21;;1534.68;2236.56;2231.65;2423.50;2432.43;2296.23;2534.79;2591.80;2426.51;2728.52
923;Buchholterberg;1531.0;247;24;19;;2113.76;2140.03;2162.41;2272.21;2029.06;1915.18;2394.03;2442.47;2368.18;2332.63
404;Burgdorf;15549.0;245;6;3;404;1962.26;1664.76;1936.31;1924.45;2724.77;2733.95;2834.85;2746.63;2653.83;2511.80
863;Burgistein;1026.0;247;22;16;;2190.23;2158.90;2198.79;2192.47;2260.26;2177.70;2320.36;1428.48;1461.38;2428.55
384;Busswil b.B.;0.0;243;5;14;371;2186.02;1994.59;1946.63;2029.16;2007.42;2121.60;2248.50;2210.27;2080.15;0.00
325;Busswil b.M.;201.0;244;2;20;;2576.67;2391.88;2678.72;2831.34;-963.32;1882.65;2562.42;2575.63;2501.72;2636.33
403;Bäriswil;1005.0;246;6;11;351;2534.48;2591.28;2349.00;2490.45;2593.27;2495.23;2543.67;654.97;2741.85;2664.71
533;Bätterkinden;3171.0;245;9;15;;1971.75;1808.84;2034.76;1964.35;2007.92;2137.61;2256.17;2237.59;2302.80;2208.90
682;Bévilard;1681.0;241;15;18;;2506.92;2525.57;2747.52;2421.69;2651.37;2593.06;2900.63;2418.90;2716.65;2410.03
572;Bönigen;2447.0;250;11;7;;2284.76;2277.19;2160.08;2299.88;2321.71;2325.93;2530.68;2466.83;2464.84;2597.00
382;Büetigen;827.0;243;5;15;;2589.91;2375.87;2419.31;2300.38;2369.41;2506.58;2576.88;2598.41;2641.83;2494.04
734;Bühl;419.0;243;16;16;;2304.20;2177.80;2289.47;2409.28;2513.47;2127.21;2453.70;2182.22;2243.37;2566.24
383;Büren a.A.;3295.0;243;5;17;;2258.60;2149.97;2346.75;2319.68;1539.46;2274.27;2452.28;2574.04;2452.45;2533.52
534;Büren z.H.;468.0;246;9;15;;2242.85;2745.40;2965.00;2688.42;2438.89;2686.67;3040.74;2578.65;2613.66;2647.71
683;Champoz;162.0;241;15;21;;2051.21;2273.79;2896.86;1977.83;1334.02;2056.87;2676.88;2397.78;993.26;2241.06
684;Châtelat;113.0;241;15;21;;1925.21;1440.81;1628.46;2453.93;2138.16;2846.65;2758.83;2697.88;2588.28;2872.61
661;Clavaleyres;49.0;246;14;21;;2032.00;2199.41;1319.71;2092.00;2175.50;2850.63;2366.16;2236.31;2890.73;2996.02
687;Corcelles;214.0;241;15;15;;2109.63;2312.16;2572.95;2359.31;2444.07;2529.55;3182.61;2850.27;2613.03;2795.35
431;Corgémont;1551.0;241;7;18;;2250.37;2285.46;2249.27;2388.25;655.15;2671.41;3197.57;2516.41;2422.14;3267.96
432;Cormoret;495.0;241;7;15;;2621.51;2540.63;2397.12;2718.74;2581.86;2546.96;2547.13;2629.27;2723.99;2631.81
433;Cortébert;697.0;241;7;15;;2639.64;2432.20;2614.63;2683.29;2691.00;2628.88;2812.79;2525.17;2968.43;3059.45
690;Court;1390.0;241;15;18;;2475.30;2419.34;2156.07;2243.71;2382.88;2284.20;2597.75;2551.01;2307.37;2421.14
434;Courtelary;1283.0;241;7;18;;2860.64;2779.10;2716.03;3050.11;2870.11;3230.80;2721.26;2883.29;3228.21;3152.55
691;Crémines;550.0;241;15;18;;1732.58;2162.44;2166.86;2493.16;2603.83;2551.48;2999.57;2892.61;2725.23;3003.84
535;Deisswil b.M.;97.0;246;9;15;;1458.45;1529.28;2097.89;1821.81;1926.47;1903.72;1807.11;2243.87;2382.48;1258.07
536;Diemerswil;199.0;246;9;11;351;2139.09;2044.73;1907.55;2437.27;2117.10;2197.67;2348.82;2375.62;2482.03;2353.34
762;Diemtigen;2140.0;249;17;21;;1520.30;1507.59;1583.06;1600.66;1689.70;1664.89;1848.84;1794.43;1935.25;1948.60
385;Diessbach b.B.;923.0;243;5;15;;2863.84;2928.06;2922.09;3245.43;2839.87;3008.66;3058.88;3169.12;3162.96;2958.00
721;Diesse;443.0;241;13;17;;2642.15;2812.34;2656.48;2891.00;259.34;2960.70;3110.59;3069.60;1841.20;2478.34
386;Dotzigen;1358.0;243;5;15;;2260.66;2378.93;2187.86;2381.31;2170.05;2152.10;2572.14;2307.58;2253.73;2393.43
575;Därligen;416.0;250;11;15;;2804.59;3156.46;1811.82;2843.43;2684.65;3101.39;2782.39;2686.01;2690.39;2488.21
761;Därstetten;833.0;249;17;19;;2377.54;2190.57;2067.74;2201.25;2230.87;2134.49;2222.36;2135.93;2448.31;2465.22
952;Dürrenroth;1064.0;245;25;21;;2930.40;3301.04;3301.95;3607.47;-2518.72;2382.53;3003.81;2677.16;2348.81;2244.35
901;Eggiwil;2453.0;245;23;21;;2073.56;2096.42;2032.23;2313.20;2283.14;2329.85;1902.63;2071.06;2063.60;2444.14
864;Englisberg;0.0;246;22;8;;1664.56;1765.55;0.00;0.00;0.00;0.00;0.00;0.00;0.00;0.00
735;Epsach;341.0;243;16;16;;1416.01;1850.40;1689.38;2390.26;2366.35;1267.67;2304.99;2279.51;2335.75;2299.41
953;Eriswil;1347.0;244;25;19;;2637.37;2578.30;2612.90;2680.82;-999.88;2534.48;3244.95;3094.84;3095.07;3484.16
924;Eriz;496.0;247;24;21;;2400.38;1486.40;2717.22;2925.91;1483.16;2682.70;2748.20;1857.06;2306.38;2013.09
492;Erlach;1278.0;243;8;17;;2794.11;2651.79;2374.81;2958.88;2630.56;3008.98;3264.43;3058.07;2996.92;3039.03
763;Erlenbach i.S.;1695.0;249;17;20;;2065.03;2178.59;2352.29;2512.99;2362.41;2376.33;2580.53;2264.36;2251.75;2136.37
405;Ersigen;1589.0;245;6;19;;2185.22;2229.32;2313.24;2382.25;2368.56;1959.49;2118.90;2349.40;2487.99;2594.45
692;Eschert;377.0;241;15;19;;2127.21;2187.87;2283.34;2434.12;2246.36;2602.08;2630.55;2695.39;2573.79;2552.94
537;Etzelkofen;289.0;246;9;18;;1822.61;1939.55;1835.87;2001.11;2329.73;2311.94;2423.48;2561.65;2573.71;2603.14
372;Evilard;2424.0;242;4;5;371;2359.34;2354.00;2426.08;2545.72;2830.91;2165.56;2522.09;2875.01;2775.04;2806.30
925;Fahrni;741.0;247;24;20;;2100.37;2192.05;2144.95;2044.43;2059.38;2380.68;2393.12;2280.43;2234.54;1930.16
975;Farnern;209.0;244;26;15;;2226.27;2188.33;2339.96;2404.18;2239.98;1547.24;2906.43;2778.59;2080.29;2697.07
662;Ferenbalm;1270.0;246;14;15;;1932.21;3695.54;1977.26;2005.26;1994.08;2128.30;2005.82;2073.21;2132.41;2297.70
493;Finsterhennen;501.0;243;8;20;;2401.24;2382.58;2502.55;2594.55;2686.09;2756.39;2889.54;1828.59;2799.19;2812.58
926;Forst;0.0;247;24;15;;1382.50;2158.45;2184.73;2147.54;2416.49;0.00;0.00;0.00;0.00;0.00
948;Forst-Längenbühl;704.0;247;24;19;;0.00;0.00;0.00;0.00;0.00;1788.92;2466.89;2441.53;2236.67;2138.10
538;Fraubrunnen;1791.0;246;9;11;351;2240.51;1810.61;1952.12;2211.53;2263.47;2072.01;2502.79;2486.89;2417.40;2768.05
663;Frauenkappelen;1256.0;246;14;11;351;2063.54;2238.07;2412.33;2457.05;2698.69;2636.44;2753.16;2636.18;2545.17;2604.17
607;Freimettigen;424.0;246;12;15;;2046.03;2291.17;2045.79;2028.50;2161.86;2374.37;2257.36;1998.57;2193.98;2109.05
563;Frutigen;6703.0;249;10;4;;1845.75;1947.72;1992.43;1916.08;1892.76;1861.16;1967.81;1947.96;1963.81;1724.79
781;Gadmen;229.0;250;18;22;;4323.94;3776.79;3614.63;3659.33;3629.96;3483.16;4171.46;3934.02;4993.02;3199.87
494;Gals;729.0;243;8;20;;2448.50;2581.24;2429.46;2487.88;2166.89;2517.85;2539.53;2344.65;2537.29;2797.26
495;Gampelen;791.0;243;8;17;;2645.67;2616.44;2784.36;2838.68;2666.60;2673.96;2811.59;2731.91;2893.54;2016.21
865;Gelterfingen;242.0;246;22;21;;2236.23;1424.36;1860.87;1949.69;2255.35;2108.53;2235.48;1911.69;2106.87;1904.95
866;Gerzensee;1134.0;246;22;20;;2858.04;2876.43;2749.36;2916.62;2774.64;2077.48;2730.46;2136.68;2850.45;2693.96
664;Golaten;303.0;246;14;21;;2232.97;2319.21;2612.50;2628.35;2592.33;2459.95;3037.96;2801.07;2464.47;3093.59
326;Gondiswil;724.0;244;2;19;;2731.02;2786.77;3099.35;3179.27;-630.09;2121.23;2247.36;2130.23;2401.91;2460.82
976;Graben;291.0;244;26;15;;1988.66;2442.00;2153.23;1712.92;1153.45;530.52;2151.24;2247.07;2097.97;2279.25
539;Grafenried;976.0;246;9;11;351;2272.35;2063.71;2162.76;2052.93;2393.41;1994.57;2075.78;2331.99;2209.48;2314.21
694;Grandval;351.0;241;15;18;;2527.75;2409.92;2946.05;3081.11;2935.65;3141.15;3024.75;2835.67;2611.83;2843.85
576;Grindelwald;4040.0;250;11;6;;3415.44;3168.46;3002.57;3386.07;3726.38;3862.71;3918.42;3658.65;3447.65;3590.20
303;Grossaffoltern;2812.0;243;1;15;;1959.12;2032.02;2080.69;2140.58;2156.89;2158.26;2159.66;2085.65;2399.85;2090.21
608;Grosshöchstetten;3289.0;246;12;11;351;2566.21;2752.03;2707.86;2628.85;2831.32;2808.71;2764.70;2622.97;2675.44;3387.65
841;Gsteig;986.0;248;20;20;;1756.46;2128.12;1808.72;2084.57;2177.90;2309.24;2523.09;3047.23;2818.05;2694.02
577;Gsteigwiler;430.0;250;11;14;;2151.10;2413.63;2099.75;2398.49;2194.71;1675.86;2272.46;2249.20;2362.95;1225.30
852;Guggisberg;1585.0;246;21;21;;2333.66;2406.35;2507.13;2695.88;2683.81;2616.46;2850.56;2778.16;3041.02;2714.83
665;Gurbrü;245.0;246;14;21;;1794.92;1547.15;2063.18;2291.69;2432.72;1832.17;2667.04;2272.70;1553.04;2960.04
867;Gurzelen;798.0;247;22;19;;2368.81;2233.32;2233.45;2475.37;2466.24;2494.32;2480.85;2462.08;2513.50;2471.17
327;Gutenburg;0.0;244;2;15;;2230.47;2645.02;3145.25;3198.34;-4606.04;0.00;0.00;0.00;0.00;0.00
782;Guttannen;321.0;250;18;7;;3914.70;3873.68;4097.44;3957.71;4219.64;3813.94;4338.42;4756.13;4494.21;4878.26
578;Gündlischwand;284.0;250;11;17;;2502.53;2523.96;2020.43;2424.03;2915.57;2351.20;1851.14;2389.26;2651.84;2566.25
579;Habkern;640.0;250;11;21;;2557.37;2752.70;2751.87;2838.76;2824.01;2965.39;3277.68;3065.89;3146.13;2979.72
736;Hagneck;415.0;243;16;15;;2255.02;2014.88;2009.38;2177.76;2057.01;2099.54;2485.43;2133.30;2256.32;2288.55
406;Hasle b.B.;3170.0;245;6;16;;1967.79;1706.76;1869.17;1929.50;2007.15;1676.79;1678.20;1859.28;1959.48;1577.77
783;Hasliberg;1229.0;250;18;6;;2629.13;2763.50;2834.33;3004.01;2921.40;2531.04;3082.75;3153.90;3114.48;3688.91
927;Heiligenschwendi;675.0;247;24;7;;2685.66;2572.53;2698.97;2373.65;2091.01;2431.96;2591.54;2710.44;2691.15;2527.66
928;Heimberg;6365.0;247;24;12;942;1415.83;1592.62;1750.45;1724.21;1861.72;1671.19;1723.39;1724.64;1809.79;1905.35
977;Heimenhausen;1016.0;244;26;15;;2921.79;3149.70;3053.73;2550.69;2498.40;915.57;-1269.44;369.62;1810.33;2043.91
407;Heimiswil;1636.0;245;6;21;;1930.97;1744.71;1880.75;1780.01;1564.32;1852.46;2355.61;2267.68;2412.12;2471.26
408;Hellsau;192.0;245;6;19;;1687.12;1828.45;1868.20;2379.35;2102.98;2117.13;2332.36;2257.17;2378.25;2356.49
610;Herbligen;551.0;246;12;16;;2203.20;2129.94;2266.79;1903.70;2247.28;2305.17;2204.65;2212.54;2219.18;2352.96
978;Hermiswil;96.0;244;26;20;;3509.55;259.33;2131.35;2280.17;-571.11;2543.67;2329.38;2599.16;2875.09;3316.95
737;Hermrigen;262.0;243;16;16;;2175.30;2455.40;2398.62;2615.73;2127.96;2143.92;2543.66;2578.23;2825.07;2660.89
979;Herzogenbuchsee;6795.0;244;26;4;;2280.73;2260.76;1704.68;2330.29;2197.27;2063.32;674.44;2208.09;1958.56;2189.12
929;Hilterfingen;3998.0;247;24;13;942;1973.06;2051.97;2402.39;2531.73;2407.59;2375.32;2924.68;2512.25;2609.62;2686.35
409;Hindelbank;2094.0;245;6;17;;1805.03;1753.59;1979.10;1949.79;1846.88;1944.31;2177.96;1989.83;1711.73;2099.17
580;Hofstetten b.B.;567.0;250;11;17;;2424.11;2457.61;2233.93;2392.41;2130.00;2321.70;2446.21;2345.13;2152.83;2116.53
931;Homberg;502.0;247;24;21;;2405.99;2284.02;2130.61;2111.70;1993.55;2258.23;2439.93;2290.76;2183.02;857.50
932;Horrenbach-Buchen;259.0;247;24;21;;2013.19;2228.30;2471.25;2611.77;2243.41;2325.83;2665.16;2421.49;2067.77;2431.88
954;Huttwil;4726.0;244;25;18;;2779.65;1612.96;1601.10;1460.28;-3311.60;1072.58;1783.64;1363.88;1334.47;1531.01
609;Häutligen;239.0;246;12;21;;2132.76;1753.26;1729.74;2191.15;1873.63;1963.29;1861.39;2120.88;1868.67;2075.57
410;Höchstetten;258.0;245;6;19;;1707.96;1783.79;1676.38;2039.64;2350.84;2328.02;2411.06;2285.40;2550.92;2190.13
930;Höfen;441.0;247;24;16;;1892.40;2120.68;2376.34;2505.12;2672.08;2384.76;2487.27;2701.84;2149.37;2595.87
541;Iffwil;409.0;246;9;20;;1926.17;1817.42;1851.64;1967.56;1915.06;1977.08;2123.52;2216.13;2199.46;2130.48
980;Inkwil;638.0;244;26;15;;2746.04;2844.36;2718.11;2668.45;206.25;2156.57;2305.73;2109.08;2477.60;2324.22
784;Innertkirchen;886.0;250;18;19;;2663.27;2574.96;2722.93;2796.46;2918.89;2852.86;2971.79;2924.54;2644.84;3381.39
496;Ins;3260.0;243;8;20;;3295.63;3403.22;3040.51;3162.23;3230.68;3193.87;3331.29;3177.67;3269.94;3414.03
581;Interlaken;5481.0;250;11;6;;3212.46;3212.40;3230.80;3621.93;3616.55;3078.62;2802.04;2742.69;2985.61;3521.89
739;Ipsach;3913.0;242;16;13;371;2490.53;2124.66;2259.60;2207.48;2222.77;2005.16;2376.36;2259.33;2201.16;2283.10
582;Iseltwald;432.0;250;11;20;;2723.58;2946.07;1888.84;1912.91;2869.80;2733.82;3081.94;2623.72;2709.41;2647.14
362;Ittigen;11006.0;246;3;9;351;2412.32;2416.20;2326.59;2537.23;2399.47;2364.26;2409.01;2951.31;2538.49;2481.33
868;Jaberg;258.0;246;22;15;;1869.66;2114.25;2369.40;2199.90;2244.41;2389.39;1859.17;1968.10;1987.21;2174.22
540;Jegenstorf;4680.0;246;9;10;351;2161.38;1735.00;2053.97;2085.53;2165.11;2036.26;2339.60;2287.74;2173.60;2302.14
738;Jens;681.0;243;16;15;;2821.39;2690.19;2693.17;2785.84;2776.32;2836.62;2794.88;2679.05;2761.26;2986.60
304;Kallnach;1563.0;243;1;19;;2349.85;2639.23;2681.02;2708.60;2693.83;2755.04;2846.53;2836.35;2736.61;2982.76
564;Kandergrund;810.0;249;10;8;;1575.47;1477.06;1352.31;1550.84;1985.07;2076.43;2039.33;2107.06;2244.09;2162.71
565;Kandersteg;1261.0;249;10;6;;2453.45;2519.40;2530.66;2715.13;2509.56;2542.56;2703.66;2774.19;2829.07;2955.65
305;Kappelen;1278.0;243;1;19;;1754.57;1710.14;2090.18;2119.02;2262.05;2258.47;2496.69;1749.91;2368.67;2443.39
869;Kaufdorf;1034.0;246;22;11;351;2436.49;2539.95;2603.84;2096.76;2172.33;2084.25;2191.92;2425.20;2301.64;2314.32
870;Kehrsatz;3964.0;246;22;10;351;2128.77;2339.92;2522.19;2369.10;1868.08;2333.01;2351.54;2111.58;2465.81;2457.15
411;Kernenried;449.0;245;6;15;;1703.06;1605.05;1650.66;1876.68;1853.64;1822.52;1826.19;2042.49;1911.27;2269.50
871;Kienersrüti;52.0;247;22;21;;2227.53;1638.54;2427.94;2348.21;2460.45;2641.20;2731.94;2489.73;2904.47;2665.67
611;Kiesen;857.0;246;12;15;;2341.29;2585.31;2267.59;2489.42;2481.50;2816.67;2621.66;2529.51;2435.45;2567.14
412;Kirchberg;5613.0;245;6;12;404;1895.77;1692.78;2005.75;2128.24;1996.36;2037.86;2164.83;2058.36;2069.04;2159.57
872;Kirchdorf;814.0;246;22;20;;1995.80;2066.46;1932.45;2114.64;1862.67;2195.83;2291.08;2373.43;2166.15;1825.01
873;Kirchenthurnen;271.0;246;22;15;;2116.94;2109.67;2179.25;2317.44;2159.26;1801.23;2608.95;2346.30;2375.83;2432.30
354;Kirchlindach;2815.0;246;3;11;351;2415.14;2338.92;2085.99;1851.20;2249.89;2346.83;2571.29;2495.57;2677.02;2381.26
328;Kleindietwil;0.0;244;2;19;;3397.07;3616.24;3176.26;3409.04;-2042.83;2265.49;2114.45;2396.40;2533.50;0.00
612;Konolfingen;4739.0;246;12;9;351;2334.27;2672.11;2565.17;2431.76;2262.23;2593.36;2495.50;2416.29;2661.79;1771.37
413;Koppigen;2070.0;245;6;17;;2282.56;2327.45;2367.28;2537.43;2500.44;2189.16;2375.01;2414.26;2668.08;2672.32
566;Krattigen;989.0;249;10;17;;2253.79;2317.70;2465.02;2670.72;2013.87;2372.98;2420.26;2272.95;2414.19;2387.40
414;Krauchthal;2318.0;245;6;15;;2199.93;2035.51;1964.31;2337.77;2353.00;2457.88;2478.15;2479.33;2661.05;2795.18
666;Kriechenwil;410.0;246;14;20;;1906.07;2064.47;2113.97;1670.70;2067.30;2036.87;2054.70;1330.83;2078.92;2208.56
355;Köniz;38633.0;246;3;9;351;2616.12;2685.37;2628.14;2767.29;2693.70;2660.65;2983.07;2775.70;2930.39;2804.92
435;La Ferrière;545.0;241;7;19;;2606.27;2330.03;2498.92;2796.43;2596.45;2836.99;2789.36;3012.62;2965.79;3078.02
436;La Heutte;486.0;241;7;15;;2886.10;2815.63;2732.82;2905.87;2862.89;2574.21;3054.61;2808.82;3323.13;2791.48
723;La Neuveville;3559.0;241;13;17;;4011.84;3616.62;3970.29;3887.94;3945.70;3946.74;4257.43;4178.34;4461.81;4552.54
722;Lamboing;682.0;241;13;16;;3144.47;3010.61;2757.14;2952.35;3250.33;2855.88;3379.53;3769.08;3374.79;3029.79
613;Landiswil;628.0;246;12;21;;1646.96;2179.46;2366.90;2328.69;2484.73;2507.98;2642.85;2591.18;2993.11;2715.75
329;Langenthal;15017.0;244;2;3;;2862.67;2830.87;2645.21;2841.64;-4413.12;2358.53;2462.83;2623.43;2796.01;2851.77
902;Langnau i.E.;9018.0;245;23;3;;2350.79;2211.70;2344.84;2240.16;2417.54;2389.26;2549.97;2412.43;2584.98;2520.83
842;Lauenen;810.0;248;20;21;;1838.92;2173.33;2377.10;2440.48;2564.13;2444.22;2766.76;2691.69;2733.55;2865.65
667;Laupen;2830.0;246;14;10;351;2679.30;2631.18;2824.03;2622.46;2645.74;2781.80;2720.59;2800.85;2598.62;2605.86
903;Lauperswil;2680.0;245;23;19;;2040.27;1753.88;2095.62;2080.49;2052.28;2270.82;2263.85;2222.84;2250.31;2339.16
584;Lauterbrunnen;2741.0;250;11;6;;3597.21;3299.03;3310.12;3591.09;3476.19;3517.23;4360.89;4088.19;4082.18;4275.67
330;Leimiswil;0.0;244;2;19;;2706.74;2756.76;2713.93;2982.11;-2419.20;1954.17;2017.96;2355.82;2447.65;0.00
585;Leissigen;932.0;250;11;17;;2406.33;2666.40;2229.40;2669.28;2882.04;2590.73;2860.26;2794.06;3053.07;3050.95
387;Lengnau;4627.0;242;5;14;;3154.41;2788.49;2457.32;2770.01;2119.17;2838.50;3246.75;3009.42;3072.71;3337.58
792;Lenk;2419.0;248;19;6;;3611.44;3500.81;3344.89;3395.67;3292.70;3401.22;3768.03;3569.04;3643.78;3172.28
388;Leuzigen;1200.0;243;5;16;;2697.33;2549.17;2952.86;2859.22;2942.39;2868.71;3313.70;3010.13;2466.35;1722.14
740;Ligerz;521.0;242;16;20;;3853.71;3429.30;3741.20;3486.86;4167.22;3859.27;3729.01;3030.93;3194.40;3379.04
542;Limpach;359.0;246;9;20;;2683.91;1904.74;2533.96;2631.36;2506.50;2781.75;2732.47;2631.78;2536.80;2469.81
614;Linden;1321.0;246;12;19;;2120.99;2075.74;2043.89;2214.68;2114.87;1979.99;2252.14;2088.06;2524.14;2633.39
874;Lohnstorf;224.0;246;22;21;;1887.41;1898.01;1895.87;1638.80;1768.66;1901.61;2151.70;2336.69;2481.84;2581.12
331;Lotzwil;2462.0;244;2;15;;2350.50;2573.90;2728.01;2934.70;2700.70;2801.25;2025.36;2880.20;3072.24;2312.92
696;Loveresse;317.0;241;15;19;;2168.77;3074.81;2288.65;2195.62;1826.17;2500.41;2445.62;2289.89;2419.65;2482.73
306;Lyss;13776.0;243;1;3;;2368.94;2398.16;2451.34;2205.43;2254.09;2358.46;2590.79;2492.58;2619.62;2546.57
415;Lyssach;1427.0;245;6;12;404;1924.87;1837.74;2573.39;2170.19;2034.42;2433.78;2624.22;2036.23;2443.12;2475.52
933;Längenbühl;0.0;247;24;20;;2211.19;2254.15;2151.18;2109.18;2212.54;0.00;0.00;0.00;0.00;0.00
497;Lüscherz;537.0;243;8;20;;3355.06;3347.70;3358.36;3505.03;3689.00;3507.01;3796.36;3614.26;3791.38;3884.20
586;Lütschental;240.0;250;11;20;;2272.29;2077.28;2194.34;2971.40;2033.84;2550.18;2725.45;2762.63;2773.09;2887.78
955;Lützelflüh;4075.0;245;25;19;;2201.81;2198.82;2212.68;2317.06;2027.91;2322.85;2541.12;2426.44;2459.90;2247.58
332;Madiswil;3140.0;244;2;20;;2601.48;2328.30;2365.48;2582.86;-571.67;2217.80;3046.74;2817.37;2865.66;2297.59
697;Malleray;1970.0;241;15;18;;2318.09;2458.92;2378.03;2693.06;2259.82;2669.75;2268.88;2362.28;2392.02;2458.05
587;Matten b.I.;3780.0;250;11;13;;2204.14;2491.54;2253.48;2249.68;2346.11;2264.02;2398.05;2436.90;2501.60;2424.87
543;Mattstetten;588.0;246;9;11;351;2331.01;2054.02;2154.74;2113.70;2177.39;2273.34;2343.73;2401.92;2306.07;2325.15
389;Meienried;53.0;243;5;20;;2089.95;1867.62;1434.84;1969.97;2289.75;2101.97;1646.80;2396.97;1659.40;4399.58
307;Meikirch;2344.0;246;1;11;351;2490.34;2436.05;2361.30;2560.53;2570.31;2458.07;2492.59;2444.28;2571.90;2568.82
390;Meinisberg;1292.0;242;5;15;;2590.53;2206.45;2230.27;2550.65;2408.74;2120.55;2560.14;2594.73;2438.91;2523.88
785;Meiringen;4581.0;250;18;7;;2082.22;2102.44;2130.83;2482.60;2172.72;1990.45;2280.91;1833.85;1223.56;1685.64
333;Melchnau;1567.0;244;2;19;;3231.60;3181.77;2741.57;3035.36;-608.35;2481.36;3168.34;3077.25;3334.72;2692.95
741;Merzligen;411.0;243;16;15;;2184.87;1684.66;2185.48;2142.98;2342.43;2120.18;2535.44;2593.94;2345.83;2610.46
615;Mirchel;578.0;246;12;16;;1450.59;-7.21;1278.59;971.59;1270.10;1416.16;1859.15;1895.64;2000.58;1982.93
699;Monible;38.0;241;15;21;;2439.54;2254.74;2795.40;3350.17;-2215.45;3410.47;4417.38;3373.66;3637.90;3568.89
437;Mont-Tramelan;120.0;241;7;21;;1984.94;1995.48;2023.91;1974.42;2265.45;2243.36;2430.89;2294.04;2812.96;2813.70
544;Moosseedorf;3620.0;246;9;9;351;2701.04;2483.26;2683.63;2484.43;2633.95;2653.12;2942.35;2271.65;2551.98;2617.35
700;Moutier;7479.0;241;15;3;;3525.78;3390.67;3286.78;3444.64;3632.54;3810.10;3762.71;3739.50;3768.12;3967.85
356;Muri b.B.;12369.0;246;3;5;351;2180.55;2340.82;2460.63;1465.40;2145.22;1440.12;2118.60;2254.87;2235.59;2383.32
742;Mörigen;878.0;242;16;5;371;2481.95;3694.84;2611.50;2538.76;2823.06;2402.76;3144.81;2985.46;3168.11;3041.74
416;Mötschwil;142.0;245;6;22;;2038.33;1668.39;2255.27;2432.49;2255.41;2434.66;2187.36;2377.23;2370.45;2459.26
668;Mühleberg;2668.0;246;14;20;;2062.47;2353.92;2060.29;2378.27;2443.27;2364.61;2623.56;1993.58;2734.45;2596.83
875;Mühledorf;248.0;246;22;20;;2606.50;2414.42;2739.26;2281.22;2267.72;2359.71;2250.60;2223.23;2516.92;2538.46
876;Mühlethurnen;1377.0;246;22;15;;2203.96;2237.39;2004.98;2302.15;2295.80;2109.92;2386.60;2247.42;2347.92;2392.87
545;Mülchi;234.0;246;9;16;;2456.01;2230.62;2691.39;2588.00;2457.92;2530.16;2677.13;2539.24;2792.11;2726.50
546;Münchenbuchsee;9703.0;246;9;9;351;3194.29;3079.30;3353.30;3259.00;3391.64;3225.69;3627.12;3270.77;3602.08;3519.97
669;Münchenwiler;468.0;246;14;15;;1779.71;2311.91;2428.06;2368.18;1258.79;2214.43;2303.93;2013.23;1966.08;2295.66
547;Münchringen;593.0;246;9;15;;1610.89;1673.56;1816.47;2226.94;2259.51;2316.47;2408.23;2409.54;2268.77;2404.66
616;Münsingen;10841.0;246;12;9;351;2056.42;3133.16;3401.78;3566.30;3461.39;3049.02;3728.56;3638.19;3623.61;3613.63
498;Müntschemier;1330.0;243;8;20;;2177.92;2133.26;1860.24;2204.27;2122.31;2708.86;2660.83;2377.20;2373.30;2402.87
670;Neuenegg;4913.0;246;14;11;351;2213.52;2168.29;2017.28;2144.59;2103.71;2382.52;2181.63;2115.52;2277.04;1912.55
743;Nidau;6816.0;242;16;12;371;2941.84;2867.42;2683.45;2792.71;2622.07;2689.50;3079.85;2538.86;2603.15;2863.30
981;Niederbipp;4211.0;244;26;17;;2904.15;2549.95;2927.79;3174.13;1507.64;2022.33;2946.98;3034.31;2716.39;2821.62
617;Niederhünigen;641.0;246;12;15;;2124.99;1935.77;1971.58;1809.93;2120.25;2117.18;1905.00;1780.05;2210.38;2277.92
877;Niedermuhlern;505.0;246;22;21;;1801.47;1898.69;2019.46;2097.80;2158.79;1751.07;2215.99;2194.93;2141.42;2223.21
588;Niederried b.I.;338.0;250;11;15;;2908.39;2658.93;2509.12;2594.02;2633.85;2634.38;2756.07;2347.03;2801.59;3139.38
308;Niederried b.K.;297.0;243;1;15;;2166.23;2423.50;1922.70;2400.70;2600.44;2446.61;2641.42;2631.11;2471.61;2805.36
764;Niederstocken;257.0;247;17;15;;1870.21;2378.07;2547.85;2411.67;2368.26;2470.66;2832.52;2694.85;2374.72;2523.81
618;Niederwichtrach;0.0;246;12;11;;2656.27;2392.97;0.00;0.00;0.00;0.00;0.00;0.00;0.00;0.00
982;Niederönz;1554.0;244;26;15;;2217.31;2259.80;2306.36;2444.71;2025.68;1827.51;1982.08;2039.30;1129.12;1910.10
417;Niederösch;240.0;245;6;21;;2351.55;2079.94;1839.50;1501.08;2119.21;2147.80;2334.95;2599.15;2437.57;2336.44
724;Nods;742.0;241;13;20;;4054.22;3520.99;3328.05;3855.69;3246.71;3546.28;3664.38;3329.52;3522.49;3392.22
878;Noflen;260.0;246;22;21;;1985.98;1692.32;2217.90;2238.16;2226.90;2045.87;2507.49;2007.45;1221.70;2065.39
357;Oberbalm;869.0;246;3;21;;1061.39;1620.03;1979.95;2147.12;2344.77;2355.12;2507.38;2456.24;1607.68;2369.76
983;Oberbipp;1568.0;244;26;15;;1974.64;2033.84;1995.30;2291.33;2342.66;1878.32;2239.23;2270.85;1303.01;2279.04
418;Oberburg;2875.0;245;6;13;404;3170.66;3057.83;1953.26;2068.19;1987.34;1834.77;2134.79;2085.50;2102.65;2289.32
619;Oberdiessbach;3102.0;246;12;17;;2519.20;3102.56;2920.43;2998.44;2490.67;3115.96;3235.13;3126.12;3293.74;3166.74
934;Oberhofen;2354.0;247;24;14;942;2969.98;3460.39;2968.19;3222.75;3117.02;3106.44;3437.53;3574.35;3808.25;3631.25
629;Oberhünigen;326.0;246;12;21;;1095.46;1688.01;1798.86;1888.79;1883.66;1983.10;2007.42;1960.54;2113.28;2129.82
935;Oberlangenegg;486.0;247;24;21;;1953.88;1916.54;2133.24;2577.22;2013.83;2333.96;2452.67;2336.04;2371.09;2340.52
589;Oberried a.Br.-S.;479.0;250;11;17;;3070.43;2994.61;2808.28;2981.10;2719.41;3093.88;3005.93;3303.77;3399.04;3198.23
334;Obersteckholz;423.0;244;2;16;;2796.66;2961.09;2788.68;3012.07;941.41;1350.61;2625.77;2506.83;2656.90;2418.37
765;Oberstocken;282.0;247;17;15;;1875.28;2469.65;2496.82;2289.91;2364.43;2457.84;2618.67;1991.40;2803.12;2932.18
620;Oberthal;781.0;246;12;21;;1870.23;2053.92;2030.61;1906.79;2109.67;2255.03;2361.31;2013.43;2469.35;2324.29
621;Oberwichtrach;0.0;246;12;10;;1811.35;1693.26;0.00;0.00;0.00;0.00;0.00;0.00;0.00;0.00
391;Oberwil b.B.;809.0;243;5;16;;3016.10;2857.08;2950.55;3084.47;2585.46;2896.83;3347.57;3163.79;3347.90;3284.31
766;Oberwil i.S.;795.0;249;17;21;;2153.99;2247.12;2275.86;2275.63;2259.11;2154.82;2120.61;2344.39;2500.41;2361.81
984;Oberönz;0.0;244;26;15;;2513.70;2389.48;2417.65;2428.36;1201.18;1989.69;0.00;0.00;0.00;0.00
419;Oberösch;112.0;245;6;21;;1789.23;1827.74;1731.25;2158.10;1736.40;640.56;2638.11;2698.92;2703.17;3094.96
985;Ochlenberg;586.0;244;26;21;;2553.77;2794.29;2970.08;2884.46;-3040.06;2078.67;2273.31;2139.10;3058.14;2374.38
335;Oeschenbach;237.0;244;2;21;;1970.39;2366.56;2977.75;3221.23;331.85;2422.74;2546.64;2459.43;2591.70;2367.44
622;Oppligen;669.0;246;12;15;;-718.95;1029.97;1859.82;2148.07;2075.97;2346.97;2357.15;2367.03;2340.67;2367.29
744;Orpund;2637.0;242;16;13;371;2477.27;2208.85;2210.17;2642.99;2310.48;2116.32;2744.08;2474.20;2460.57;2562.89
438;Orvin;1196.0;241;7;17;;3002.55;2584.95;2936.25;3070.59;2691.22;2787.60;2668.50;2443.39;2459.18;2257.02
363;Ostermundigen;15436.0;246;3;10;351;2467.27;2411.64;2475.72;2527.32;2577.00;2807.93;3146.43;2765.83;3186.08;3061.36
701;Perrefitte;471.0;241;15;15;;2656.21;2304.21;2199.49;2241.21;2323.10;2521.46;2499.00;2591.18;2507.42;2355.35
392;Pieterlen;3633.0;242;5;13;371;3083.06;2685.17;2885.40;2890.22;2891.49;2687.51;2878.47;2862.73;3208.65;2677.81
440;Plagne;364.0;241;7;14;371;2008.21;1975.84;2189.97;2485.98;2569.66;2336.20;2859.58;2614.43;2796.16;1773.54
936;Pohlern;278.0;247;24;15;;2054.54;2066.78;2124.14;2330.24;2431.55;2397.85;2752.03;2699.12;2478.47;2664.46
702;Pontenet;216.0;241;15;15;;2535.17;2139.80;2478.03;2780.91;2741.01;2710.52;2954.25;2714.06;2833.73;2770.28
745;Port;3302.0;242;16;14;371;3223.01;3364.13;2935.10;3315.30;3178.09;2597.87;2881.38;3347.04;3414.65;3326.35
725;Prêles;908.0;241;13;17;;2481.66;2684.25;2609.86;2796.59;2608.31;2730.38;2728.01;2590.34;2433.71;2554.55
439;Péry;1359.0;241;7;15;;2644.94;3038.52;2988.19;2972.68;3266.16;2583.22;3046.48;3130.42;2798.01;2756.19
309;Radelfingen;1176.0;243;1;16;;2148.36;2131.08;2150.02;2452.54;2399.39;2323.35;2388.61;2420.54;2434.04;2566.29
310;Rapperswil;2129.0;243;1;20;;2072.61;2323.51;2218.22;2053.29;2338.97;2240.44;2568.62;2252.18;2486.58;2886.62
715;Rebévelier;47.0;241;15;22;;2870.55;2990.79;4055.95;2978.90;1251.44;3396.52;2968.07;2662.64;3471.62;3314.11
703;Reconvilier;2213.0;241;15;18;;2134.85;2519.94;2303.15;2667.92;2624.83;2483.73;2868.76;2702.52;2444.18;2335.67
567;Reichenbach i.K.;3452.0;249;10;19;;1858.64;1606.89;2098.92;2554.64;2166.73;1853.60;2289.98;2236.65;2251.38;2464.07
336;Reisiswil;191.0;244;2;21;;2535.38;2672.90;2641.42;3063.28;-1163.15;1997.21;2355.37;2208.87;2403.90;2604.85
441;Renan;838.0;241;7;20;;2572.92;2564.58;3062.53;3639.58;2918.38;3129.05;3061.60;3466.94;3238.16;3283.39
767;Reutigen;963.0;247;17;20;;2185.66;2231.79;2180.53;2104.05;2196.44;2225.47;2428.16;2436.90;2116.72;2317.45
879;Riggisberg;2406.0;246;22;8;;3129.56;3302.98;3151.57;3406.89;3399.10;2590.68;3305.81;3153.17;3384.24;2192.20
590;Ringgenberg;2523.0;250;11;14;;2367.13;1976.03;1887.17;2112.39;2058.73;2036.35;2188.40;2006.31;2116.84;2335.53
704;Roches;228.0;241;15;22;;3046.47;3106.90;3068.51;2456.80;3517.80;2942.33;3283.54;3367.65;3117.27;2489.03
337;Roggwil;3865.0;244;2;17;;2683.92;2977.94;2890.44;2976.04;3178.90;2812.23;3107.92;3025.78;2928.61;1282.08
338;Rohrbach;1431.0;244;2;16;;3430.77;2481.05;2838.04;2857.26;-1280.31;1326.29;2675.60;2043.84;2082.76;2205.69
339;Rohrbachgraben;423.0;244;2;21;;718.41;2030.36;2049.28;2225.67;-63.05;2173.48;2501.27;2505.38;2648.44;2501.69
442;Romont;205.0;241;7;16;;2558.00;2780.92;2608.22;3045.51;2671.34;2834.43;2978.22;3451.26;2959.50;2999.14
623;Rubigen;2865.0;246;12;11;351;2312.13;2252.51;2248.75;698.72;1812.27;2093.17;2230.59;2211.68;2386.69;2465.94
421;Rumendingen;77.0;245;6;8;;2160.50;1686.39;2025.23;2307.51;1964.51;1732.20;1718.23;1824.13;1690.92;2422.83
987;Rumisberg;476.0;244;26;15;;2237.05;2482.67;2355.09;2327.67;2438.02;2377.68;2576.12;1850.44;2528.56;2659.59
548;Ruppoldsried;259.0;243;9;16;;2213.93;2099.63;2447.81;2462.16;2127.46;2031.58;2725.20;2508.42;2571.58;2378.55
986;Röthenbach b.H.;0.0;244;26;19;;1922.98;2751.21;2564.85;2800.68;961.70;1581.03;1332.88;0.00;0.00;0.00
904;Röthenbach i.E.;1272.0;245;23;21;;2037.33;2114.92;2376.33;2315.25;2217.63;2301.83;2548.07;2497.92;2429.12;2488.69
905;Rüderswil;2405.0;245;23;19;;1733.14;1946.42;1940.02;2084.72;2043.99;1759.96;2175.21;2224.94;2055.72;1709.88
420;Rüdtligen-Alchenflüh;2179.0;245;6;13;404;1814.12;1838.64;1640.08;1943.84;1883.77;1720.34;1813.64;1636.98;1836.22;1872.87
880;Rüeggisberg;1855.0;246;22;21;;2047.36;2256.69;2290.21;2267.81;2300.65;2224.17;2533.36;2392.69;2516.61;2426.53
956;Rüegsau;3062.0;245;25;20;;1904.86;1978.01;1986.76;2108.48;2070.35;2014.32;2194.18;2035.14;1869.91;2203.99
881;Rümligen;450.0;246;22;20;;2581.90;1917.15;2330.64;2124.46;2116.88;2055.30;2240.12;2151.84;2260.18;2376.60
853;Rüschegg;1689.0;246;21;20;;2394.32;2354.81;2453.80;2554.07;2422.52;2450.70;2598.90;1898.75;2403.88;2202.34
393;Rüti b.B.;835.0;243;5;16;;4178.92;4049.54;4115.29;4047.55;4129.85;4393.72;4585.02;4714.79;4413.36;3856.02
422;Rüti b.L.;162.0;245;6;15;;1806.89;1574.19;1914.20;1944.34;2002.07;1898.60;1952.87;1692.61;2120.56;2376.14
882;Rüti b.R.;0.0;246;22;21;;2480.99;2374.05;1877.08;2655.71;2485.43;2334.89;3753.34;0.00;0.00;0.00
340;Rütschelen;564.0;244;2;19;;1253.43;1705.69;2631.99;2504.59;-153.86;1668.09;1148.24;1853.52;1961.70;1865.73
843;Saanen;7240.0;248;20;6;;3176.91;2390.31;2877.62;3201.09;3241.69;3472.76;3343.47;3511.99;3616.13;3671.03
746;Safnern;1881.0;242;16;14;371;3090.08;2794.61;2963.30;3113.97;3288.84;2984.01;2708.35;3209.33;3238.40;2985.95
706;Saicourt;600.0;241;15;20;;2404.07;2294.72;2023.05;2117.02;2438.19;2334.07;2732.48;2675.42;2714.83;2635.42
443;Saint-Imier;4802.0;241;7;4;;4157.71;4094.40;4211.22;4501.21;4625.46;4372.50;4668.81;4586.28;4611.20;4922.88
707;Saules;153.0;241;15;19;;1886.30;2459.28;2375.50;2451.05;866.86;2342.40;2326.41;2540.22;2831.45;2658.84
591;Saxeten;101.0;250;11;19;;1662.25;2736.66;2379.97;2618.69;2844.65;2305.61;3657.66;3490.29;3653.18;1896.29
549;Schalunen;366.0;246;9;11;351;1720.65;1792.69;1711.75;1995.93;2250.29;2221.04;2388.97;2416.99;2410.66;2111.29
906;Schangnau;925.0;245;23;21;;2269.24;2337.30;2262.88;2441.93;2551.32;2523.27;2712.21;2834.00;2690.45;2555.22
786;Schattenhalb;600.0;250;18;8;;2436.88;2622.61;2936.28;2951.69;2970.04;2818.83;3193.71;2566.54;3159.14;3554.16
708;Schelten;40.0;241;15;21;;2997.41;2985.45;1756.87;2139.21;2383.52;2058.60;2970.65;1858.92;2873.24;2497.86
550;Scheunen;84.0;246;9;21;;2129.38;1124.65;1810.19;1810.92;1665.75;1750.36;1748.97;1709.17;2043.75;2113.64
747;Scheuren;440.0;242;16;14;371;1985.31;1949.87;2067.69;2130.89;1960.85;2016.51;2317.64;2370.24;2303.30;2295.28
624;Schlosswil;657.0;246;12;15;;2023.08;1816.52;1976.98;1873.00;2108.64;1414.46;1863.77;2227.24;2450.54;2289.31
748;Schwadernau;651.0;242;16;14;371;2293.38;1994.13;2341.79;2245.04;2181.45;1523.25;1771.39;1782.29;2246.20;2305.06
592;Schwanden b.B.;603.0;250;11;15;;2072.76;2164.56;2162.13;2203.97;2247.29;2186.90;2378.06;2302.77;2283.22;2091.09
855;Schwarzenburg;6711.0;246;21;4;;0.00;0.00;0.00;0.00;0.00;0.00;0.00;0.00;0.00;2432.57
341;Schwarzhäusern;485.0;244;2;15;;2658.98;2428.43;2834.54;2838.65;-95.47;1990.78;2305.78;2046.07;2350.45;2533.26
937;Schwendibach;254.0;247;24;15;;2038.43;2064.67;2165.14;2002.12;2016.67;1878.55;2244.41;2042.53;2130.51;1659.73
311;Schüpfen;3530.0;243;1;11;351;2416.39;2346.53;2294.94;2137.08;2288.27;2457.48;2169.35;2373.08;2528.17;2342.75
988;Seeberg;1389.0;244;26;20;;1832.00;1951.87;1937.92;2013.90;1538.21;2002.01;2243.48;2007.18;2218.90;1976.83
312;Seedorf;2987.0;243;1;20;;2401.38;2642.26;2790.02;2803.35;2735.17;2677.20;3108.99;3086.99;3136.19;3142.42
709;Seehof;71.0;241;15;21;;1983.37;2577.88;1979.62;1178.64;1148.16;1983.15;1514.06;1981.35;2067.60;215.88
883;Seftigen;2110.0;247;22;14;942;2202.99;2408.45;2364.72;2408.62;2388.30;2595.29;2693.12;2448.95;2561.82;2496.33
907;Signau;2749.0;245;23;19;;1975.79;2095.24;2019.52;2114.56;2077.64;2144.75;2344.41;2084.81;2297.96;2254.39
938;Sigriswil;4633.0;247;24;7;;2603.61;2548.06;2473.75;2619.94;2567.54;2331.94;2959.13;2715.45;2655.00;2648.85
499;Siselen;580.0;243;8;20;;2689.32;2849.59;2505.48;2995.44;3137.60;3103.77;3454.91;3426.23;3329.40;3616.15
444;Sonceboz;1804.0;241;7;18;;2617.28;2456.13;2465.06;2819.34;2947.43;2830.94;2924.60;2566.58;2646.85;2985.07
445;Sonvilier;1192.0;241;7;19;;2409.47;2674.14;2463.97;2674.62;2748.42;2784.14;2974.70;2724.21;2747.38;2633.88
710;Sornetan;131.0;241;15;21;;1981.91;2742.77;2761.75;3162.55;2511.97;2320.37;2692.91;2690.27;2524.37;2627.31
711;Sorvilier;268.0;241;15;19;;2104.39;2100.62;1944.86;2309.21;2287.61;2356.87;2787.63;2499.96;2518.70;2402.97
712;Souboz;134.0;241;15;21;;3644.80;3078.70;3273.26;2913.35;-1660.55;3711.08;3225.80;3452.71;2682.28;3055.61
768;Spiez;12477.0;249;17;12;942;2005.32;1757.02;1997.70;1927.15;1845.02;1861.50;1583.73;1376.90;1532.31;1553.22
793;St. Stephan;1379.0;248;19;20;;2225.34;2300.70;2218.11;2644.55;2235.70;2154.68;2327.20;2210.57;2230.82;1818.18
939;Steffisburg;15423.0;247;24;13;942;2123.36;2088.29;2053.46;2086.05;1892.10;1757.17;2250.85;2083.64;2084.95;2182.81
358;Stettlen;2891.0;246;3;10;351;3186.73;3052.16;2915.73;3324.24;2791.54;3033.09;3312.63;3009.09;2853.35;2958.91
749;Studen;2837.0;243;16;13;371;2063.81;2371.71;2274.57;2259.70;2571.73;2334.56;2574.90;2475.07;2655.54;2495.95
957;Sumiswald;5039.0;245;25;19;;2051.74;1952.45;2303.16;2358.79;2191.57;2158.65;2419.92;1959.11;1903.77;2263.40
750;Sutz-Lattrigen;1352.0;242;16;14;371;2488.14;2611.69;2626.21;2616.55;2445.32;2374.47;2481.06;2388.57;2403.43;2644.69
713;Tavannes;3542.0;241;15;18;;2636.70;2672.50;2530.84;2788.40;2557.43;2359.53;2535.44;2465.21;2541.72;2418.26
940;Teuffenthal;168.0;247;24;21;;2468.67;2704.92;2298.74;2149.45;2378.89;2083.48;2533.48;2218.92;2122.66;2440.77
941;Thierachern;2302.0;247;24;14;942;2009.30;1707.88;1885.51;1780.37;1342.61;1816.60;2214.82;2060.03;1985.23;2168.40
942;Thun;42623.0;247;24;2;942;2001.89;2238.87;2159.36;2280.32;2273.52;2393.77;2416.51;2366.80;2529.84;2614.68
342;Thunstetten;3063.0;244;2;17;;3256.74;3156.66;3197.46;3330.12;833.54;2099.62;2612.43;2306.05;2786.42;2761.56
989;Thörigen;1027.0;244;26;15;;3007.78;2710.09;3077.09;3175.44;57.38;1872.23;2108.82;1931.29;1956.94;2036.13
884;Toffen;2457.0;246;22;11;351;2237.41;2217.40;2104.55;2247.07;2519.91;1616.54;2426.60;2165.07;2380.44;2019.83
958;Trachselwald;1024.0;245;25;21;;2160.71;2156.58;2153.66;2354.39;2288.33;2424.62;2514.42;2491.64;2423.40;2365.55
446;Tramelan;4248.0;241;7;18;;3607.03;3463.19;3548.36;3608.98;3780.36;3679.27;3973.05;3577.13;3621.81;3761.73
500;Treiten;441.0;243;8;21;;1794.69;1880.10;2114.13;2226.91;1708.22;2565.07;2817.28;3496.46;2458.82;2746.59
631;Trimstein;508.0;246;12;11;351;2400.13;2143.15;2094.63;1537.02;2609.40;2271.56;2531.01;2215.92;2418.60;2345.37
908;Trub;1377.0;245;23;21;;1934.65;2086.07;2225.34;2240.79;1695.67;2061.22;2431.62;2332.77;2327.38;2448.79
909;Trubschachen;1392.0;245;23;19;;2417.19;2177.65;2258.86;2314.29;2454.68;2373.61;2847.78;2628.38;2685.28;2727.85
501;Tschugg;449.0;243;8;8;;2426.42;2614.70;2272.98;2405.07;2935.81;2999.12;2865.29;2816.36;3063.79;3081.69
753;Twann;0.0;242;16;20;;3358.95;3553.57;3168.26;3947.59;4354.89;2782.10;3237.12;3346.83;0.00;0.00
756;Twann-Tüscherz;1138.0;242;16;20;;0.00;0.00;0.00;0.00;0.00;0.00;0.00;0.00;2950.97;3328.10
625;Tägertschi;418.0;246;12;21;;2118.96;1981.03;2093.38;2142.49;2213.99;2085.34;2142.59;2099.04;2218.81;2253.45
751;Täuffelen;2655.0;243;16;17;;1889.54;2100.73;2055.79;1987.19;1997.14;1494.87;1968.43;2376.56;2172.79;2278.81
752;Tüscherz-Alfermée;0.0;242;16;5;371;3412.41;3320.06;3908.29;3297.49;3805.10;3595.75;3953.63;3738.39;0.00;0.00
943;Uebeschi;692.0;247;24;15;;2070.19;2073.47;2146.10;2145.46;2274.91;2248.75;2441.35;2422.97;2514.78;2611.75
944;Uetendorf;5946.0;247;24;12;942;1997.23;1913.06;1952.52;2028.54;1838.66;2037.99;2191.82;2057.64;2127.49;2065.63
945;Unterlangenegg;903.0;247;24;21;;1919.53;1967.46;2053.56;1895.37;2008.64;2043.81;2208.71;1797.84;1877.01;1646.67
593;Unterseen;5487.0;250;11;12;;2259.36;2297.20;2322.73;2378.61;2493.38;2397.74;2539.72;2616.32;2438.37;2400.46
343;Untersteckholz;0.0;244;2;21;;1976.97;1865.86;1800.03;2066.45;-3654.57;1927.73;-728.34;865.54;0.00;0.00
344;Ursenbach;908.0;244;2;19;;3013.84;3258.68;3250.55;3218.26;-4457.71;3317.32;3352.39;3065.25;3496.60;3908.13
551;Urtenen;5665.0;246;9;9;351;2013.81;1878.97;2002.06;2078.70;2347.07;2322.40;1885.87;1763.10;1798.34;2199.78
885;Uttigen;1809.0;247;22;14;942;2087.11;2107.67;2064.96;2059.36;1223.79;2160.99;2387.07;2345.29;1512.94;2260.38
552;Utzenstorf;4123.0;245;9;17;;2065.94;2367.74;2101.78;1912.09;2194.73;2218.25;2262.36;2206.44;2287.38;2243.56
447;Vauffelin;411.0;241;7;14;371;2717.68;2739.68;2502.35;1828.71;2625.59;1901.73;2929.16;2707.08;2648.69;2848.39
359;Vechigen;4653.0;246;3;11;351;2389.19;2131.08;2270.50;2424.88;2496.53;2247.45;2499.83;2329.62;2523.05;2690.50
448;Villeret;895.0;241;7;18;;2607.43;3658.40;1373.87;3298.00;3001.66;3213.28;3097.97;2843.17;3115.44;2983.15
502;Vinelz;821.0;243;8;15;;2406.13;2399.85;2444.52;2666.54;2535.36;2467.54;2715.81;2628.17;2664.66;2725.96
946;Wachseldorn;232.0;247;24;21;;1923.21;1990.76;1746.53;2128.02;1931.92;2031.43;2210.98;2338.07;2254.19;1979.00
854;Wahlern;0.0;246;21;4;;2173.39;2183.89;2170.96;2266.18;2355.10;2333.75;2435.10;2389.47;2530.54;0.00
888;Wald;1191.0;246;22;8;;0.00;0.00;2448.17;2342.16;2295.28;2357.01;2520.66;2436.71;2450.39;2201.37
626;Walkringen;1828.0;246;12;20;;2276.49;2157.72;2041.05;2085.19;1983.03;2210.84;2491.80;2346.24;2456.19;2759.12
990;Walliswil b.N.;204.0;244;26;16;;1392.06;1091.91;698.28;1207.64;-1490.70;1100.26;1467.30;811.42;1200.08;389.56
991;Walliswil b.W.;567.0;244;26;15;;2218.29;2084.83;2143.82;2217.18;2324.77;2297.05;2078.77;2269.25;1853.37;2220.05
754;Walperswil;938.0;243;16;19;;860.71;934.92;1097.65;1071.48;978.68;1010.26;1361.64;1223.21;748.50;1124.43
959;Walterswil;539.0;244;25;21;;2610.63;2830.38;2926.81;2746.10;283.79;2416.28;2416.41;2547.32;2495.89;2668.51
992;Wangen a.A.;2088.0;244;26;17;;1984.34;2154.82;2194.97;2048.82;175.88;755.57;2710.98;2586.90;2568.85;2474.97
993;Wangenried;395.0;244;26;16;;1868.94;1954.09;1852.98;2028.38;1899.61;1176.68;2388.43;2152.55;2274.94;2247.90
994;Wanzwil;0.0;244;26;18;;2588.93;2616.80;2798.94;3075.56;2194.02;2284.28;2165.89;0.00;0.00;0.00
886;Wattenwil;2692.0;247;22;17;;2013.71;2131.36;2329.53;2410.69;2194.12;2171.18;2207.89;1975.79;2071.82;2195.98
394;Wengi;612.0;243;5;20;;2337.64;2320.04;2209.40;2220.74;2147.27;2332.58;2440.03;864.58;2557.71;2585.88
632;Wichtrach;4018.0;246;12;10;351;0.00;0.00;2136.62;1998.25;2200.53;2185.37;2287.69;2269.36;2249.19;2400.11
995;Wiedlisbach;2191.0;244;26;8;;2217.45;2251.41;2121.68;2296.23;559.71;2212.65;2371.97;2271.92;2457.23;2486.45
553;Wiggiswil;100.0;246;9;21;;1587.71;1352.31;1663.96;1621.84;1549.94;376.34;1560.41;1587.41;2040.92;935.30
594;Wilderswil;2487.0;250;11;6;;2421.75;2730.30;2740.25;2918.53;3052.13;2890.91;3051.13;3063.59;2785.56;2863.17
554;Wiler b.U.;817.0;245;9;15;;1770.82;2387.64;2433.14;1931.81;2209.89;2319.36;2402.91;2278.23;2437.72;2340.88
671;Wileroltigen;390.0;246;14;21;;1939.35;1797.74;1991.67;2165.06;2260.88;2194.58;2256.75;2549.51;2608.91;4386.82
423;Willadingen;201.0;245;6;15;;1779.19;1512.85;1865.71;1964.85;1417.38;1686.31;2205.08;2310.18;2133.69;2222.90
769;Wimmis;2413.0;249;17;17;;2348.96;2316.95;2310.14;2350.75;2379.61;2178.16;2538.48;2072.92;2045.95;2276.40
360;Wohlen b.B.;8877.0;246;3;11;351;2440.28;2442.70;2317.10;2645.94;2584.82;2407.55;2777.35;2812.06;2693.49;2778.17
996;Wolfisberg;198.0;244;26;16;;2515.88;2728.91;2667.97;2871.83;3097.96;3092.77;3054.18;3046.60;3090.43;1133.77
627;Worb;11236.0;246;12;10;351;2142.74;2115.38;2195.01;2093.94;1997.81;2374.31;2535.65;2478.57;2462.34;2505.19
755;Worben;2288.0;243;16;8;371;2448.52;2225.92;2259.99;2361.53;2368.44;2446.00;2409.77;2379.39;2167.09;2415.49
345;Wynau;1551.0;244;2;15;;3177.19;3354.31;2763.88;3019.73;-354.91;2972.91;3162.75;2657.35;2539.44;2654.90
424;Wynigen;2014.0;245;6;20;;1889.97;1915.89;2056.61;2202.46;3.26;1915.68;2020.69;2097.17;2199.87;2113.05
960;Wyssachen;1161.0;244;25;19;;3000.87;2918.56;3077.10;3106.96;-78.58;2109.80;2510.75;2562.17;2657.23;2540.60
555;Zauggenried;316.0;246;9;20;;2039.37;1844.33;2292.03;2119.92;1998.31;2511.17;2471.54;2299.82;2300.96;2443.15
556;Zielebach;329.0;245;9;14;;1901.35;2106.70;2210.78;2314.57;1998.39;2048.69;2374.93;2238.53;2250.90;2278.62
887;Zimmerwald;0.0;246;22;21;;1263.50;1272.78;0.00;0.00;0.00;0.00;0.00;0.00;0.00;0.00
361;Zollikofen;9792.0;246;3;9;351;2322.42;2327.65;2147.27;2151.45;2273.57;2118.75;2494.96;2406.05;2273.95;2376.10
557;Zuzwil;578.0;246;9;15;;2084.50;1711.65;2129.61;2120.36;2201.77;2095.10;2253.82;1840.12;2224.50;2303.60
794;Zweisimmen;2998.0;248;19;4;;1935.18;1942.63;1942.75;2170.76;2201.71;2045.53;2421.12;2196.75;1835.52;2099.91
947;Zwieselberg;280.0;247;24;16;;2212.17;2029.50;2047.78;2413.17;1849.76;1960.17;2452.39;2490.92;2508.78;2364.20
628;Zäziwil;1591.0;246;12;15;;2721.27;2403.29;2436.81;2529.10;2651.32;2652.57;2528.08;2263.73;2129.44;2291.84

