K43 FPE Finanzertrag pro Einwohner;;;;;;;;;
Kurzbeschrieb: Total Ertrag Laufende Rechnung ohne Durchlaufende Beiträge (47), Entnahmen
 aus Spezialfinanzierungen (48) interne Verrechnungen (49) dividiert durch die Einwohnerzahl.



BFS-Nr.;Gemeinde;Anzahl Einwohner;Verw.-Kreis ;Amtsbezirk;BFS Typ;Agglomeration BFS-Nr.;2002 [SFR];2003 [SFR];2004 [SFR];2005 [SFR];2006 [SFR];2007 [SFR];2008 [SFR];2009 [SFR];2010 [SFR];2011 [SFR]
301;Aarberg;4090.0;243;1;17;;5167.58;5476.31;5898.75;6126.61;6773.83;6653.28;6886.94;7849.66;8305.58;7871.13
321;Aarwangen;4214.0;244;2;15;;4126.90;4123.14;4253.27;4533.12;6604.91;4810.93;5002.50;6432.34;7007.65;6567.02
561;Adelboden;3583.0;249;10;6;;4270.66;4412.99;4276.73;4131.11;4080.56;4286.97;4667.38;4611.62;4689.91;4742.66
401;Aefligen;1036.0;245;6;14;404;2983.61;3182.68;3485.92;3162.37;3330.42;3472.69;3075.43;3073.30;4248.14;3090.02
731;Aegerten;1750.0;242;16;14;371;3919.13;3623.84;3896.96;3865.59;4016.22;4312.25;4217.52;4407.29;4233.60;3937.88
562;Aeschi b.Sp.;2070.0;249;10;7;;3960.68;3715.66;3462.57;3192.19;3558.50;3309.63;3537.31;3691.00;3455.08;3493.54
601;Aeschlen;0.0;246;12;21;;2984.87;3464.13;2825.65;3442.79;2878.22;3584.55;2894.63;3680.21;0.00;0.00
951;Affoltern i.E.;1141.0;245;25;19;;4212.01;4437.24;4869.99;4694.64;7321.21;3782.60;3587.94;3978.06;3671.52;3654.52
851;Albligen;0.0;246;21;20;;3711.92;3296.45;4237.09;2782.03;2876.72;2968.30;2972.34;3261.03;3495.21;0.00
402;Alchenstorf;570.0;245;6;16;;2643.90;3166.82;2813.39;2939.83;3748.91;2755.17;2761.32;2794.18;2927.72;2814.79
630;Allmendingen;515.0;246;12;11;351;4154.04;3490.11;3931.29;3447.42;4047.64;3869.49;4619.17;3636.27;3579.18;3739.11
921;Amsoldingen;797.0;247;24;16;;2584.45;2658.61;2677.15;2557.23;3449.39;2776.55;3088.88;3197.29;4005.03;3447.47
381;Arch;1542.0;243;5;18;;4465.22;4094.49;4449.38;4082.22;4313.15;4376.65;4796.90;4431.82;4462.00;4574.31
602;Arni;955.0;246;12;20;;3807.44;4062.90;3788.32;3651.62;3669.92;3621.87;3877.02;3945.33;3882.18;3931.36
971;Attiswil;1298.0;244;26;16;;2781.99;2802.86;2572.42;2630.78;2895.08;2715.33;2946.71;2966.46;3032.50;2763.50
322;Auswil;460.0;244;2;19;;2996.77;3277.50;2940.02;3223.27;5310.59;3347.23;3605.57;3158.52;3181.92;2862.11
531;Ballmoos;0.0;246;9;21;;1909.53;2640.43;3114.75;3259.34;3951.25;2862.87;3014.92;1869.22;0.00;0.00
532;Bangerten;158.0;243;9;21;;2740.38;2008.65;2691.77;3307.46;3610.54;3328.55;3459.69;3239.80;2740.08;3281.90
323;Bannwil;676.0;244;2;15;;3529.11;3252.91;3784.62;3656.56;4928.13;4376.32;3485.05;4498.04;2627.21;3502.45
302;Bargen;1005.0;243;1;16;;3706.93;4903.14;3801.65;3852.77;3987.81;4233.86;4342.23;4332.66;4880.14;4478.68
571;Beatenberg;1126.0;250;11;7;;4778.39;4472.09;4743.91;4039.42;4311.71;4475.03;4648.40;4369.82;4701.33;4922.71
732;Bellmund;1490.0;242;16;14;371;3830.95;3334.34;3207.69;3637.08;4351.85;4373.10;4465.19;4861.18;5352.22;3974.18
861;Belp;10356.0;246;22;9;351;4561.60;4920.94;5307.38;5607.63;5763.87;6166.32;6661.36;6532.26;6197.13;6328.49
862;Belpberg;418.0;246;22;21;;2465.27;2684.75;2629.07;2781.44;2847.23;3041.14;3118.32;3316.28;2553.33;3598.52
681;Belprahon;300.0;241;15;15;;3816.89;3330.27;2929.70;3122.65;3169.24;3480.67;3930.77;3590.93;3666.74;3669.55
972;Berken;47.0;244;26;22;;3963.37;3152.80;3031.76;2780.56;7542.39;4438.05;3241.38;9827.33;4718.98;2539.86
351;Bern;126664.0;246;3;1;351;7451.76;6913.29;6712.54;6757.79;7230.76;7708.10;7339.09;7806.12;8902.57;8562.93
973;Bettenhausen;686.0;244;26;15;;3333.31;3532.56;3610.65;3727.04;5979.55;3036.38;3260.10;2761.12;2410.46;3089.55
371;Biel;51323.0;242;4;2;371;6310.48;6283.90;5810.19;6562.47;6800.94;7239.61;7325.06;6627.94;6671.78;6336.03
603;Biglen;1729.0;246;12;15;;4535.83;4283.84;4725.80;3941.88;3951.46;3956.50;3965.82;4269.92;4070.26;4013.33
324;Bleienbach;654.0;244;2;19;;3683.81;4130.44;3906.31;4073.13;7700.57;3136.96;3320.72;3247.66;4359.13;6157.23
604;Bleiken b.O.;385.0;246;12;16;;2832.40;2850.20;2791.61;2842.41;2788.06;2926.78;3077.18;2895.17;2915.65;3168.98
922;Blumenstein;1182.0;247;24;17;;4295.25;3773.87;3886.97;3588.18;3490.73;3745.24;3967.59;4202.89;4017.24;5156.44
352;Bolligen;6057.0;246;3;11;351;3957.88;3938.00;3819.29;4094.57;4227.81;5673.87;4465.80;4303.39;4352.46;4322.29
974;Bollodingen;0.0;244;26;19;;3614.24;4096.74;3963.74;3907.66;8258.23;2686.01;3440.99;2985.84;2841.49;0.00
791;Boltigen;1366.0;248;19;21;;3417.44;3386.45;3529.86;3524.11;3407.14;3664.71;3754.50;3814.41;3855.39;3970.60
605;Bowil;1381.0;246;12;19;;2964.39;3095.01;3138.83;2949.65;2717.11;2825.35;3013.17;3091.39;3189.65;3103.39
353;Bremgarten b.B.;4210.0;246;3;11;351;4744.43;4840.59;4727.76;4805.36;4790.60;5003.25;4944.92;4954.08;4772.31;4255.37
606;Brenzikofen;524.0;246;12;15;;3967.21;3095.83;2606.31;2904.92;2936.03;3912.24;2977.56;2829.51;2791.29;3171.16
573;Brienz;3014.0;250;11;7;;5775.76;5679.19;5837.86;5335.81;5199.45;5639.55;5542.67;5578.39;5851.17;6174.96
574;Brienzwiler;511.0;250;11;17;;5103.08;5119.54;5853.78;5095.62;4715.27;4773.70;5182.55;5408.17;5262.75;5210.42
733;Brügg;4155.0;242;16;12;371;8115.76;7094.19;8220.78;7915.53;8675.21;8685.75;8967.33;8735.03;8183.68;8659.09
491;Brüttelen;577.0;243;8;21;;3153.23;3355.20;2851.19;2770.19;3121.75;3594.69;3235.98;3776.99;3687.00;3656.49
923;Buchholterberg;1531.0;247;24;19;;2849.03;2759.65;2792.78;2798.13;2978.35;3077.11;3179.98;3072.20;3018.14;3098.27
404;Burgdorf;15549.0;245;6;3;404;4464.90;4725.94;4632.07;4810.44;4940.56;4964.72;5116.49;5223.80;5442.97;5619.74
863;Burgistein;1026.0;247;22;16;;3085.82;2913.90;3396.53;3400.84;3278.09;3366.69;3760.54;4192.33;4550.74;3548.95
384;Busswil b.B.;0.0;243;5;14;371;3114.61;3159.08;3532.60;2887.65;3055.65;2975.80;3229.36;3150.39;3018.69;0.00
325;Busswil b.M.;201.0;244;2;20;;3496.20;3637.64;3647.26;3552.51;6140.07;2837.00;2796.10;2572.54;2373.59;2792.67
403;Bäriswil;1005.0;246;6;11;351;3367.39;3902.55;3395.62;3397.00;3111.20;3105.92;3470.52;5142.50;3272.13;3225.69
533;Bätterkinden;3171.0;245;9;15;;3514.86;3464.82;2644.24;3046.26;3113.70;3119.62;3255.10;3237.68;3377.44;3033.76
682;Bévilard;1681.0;241;15;18;;3451.13;3268.39;4111.27;2912.08;3692.34;3521.63;3472.01;2239.73;3247.92;3629.58
572;Bönigen;2447.0;250;11;7;;2835.06;2949.76;3206.70;2823.82;2987.38;2840.15;2990.50;3041.54;3052.16;3272.40
382;Büetigen;827.0;243;5;15;;3793.24;3821.75;4048.53;3919.32;3758.58;3533.26;3710.39;3685.62;3194.11;3006.50
734;Bühl;419.0;243;16;16;;3282.75;3623.12;3864.66;3677.42;3840.80;3214.65;3776.03;3139.92;3383.24;3458.72
383;Büren a.A.;3295.0;243;5;17;;3495.02;3699.80;3512.84;5060.04;5890.65;5321.71;5559.71;6307.25;6329.42;5352.61
534;Büren z.H.;468.0;246;9;15;;2761.65;3414.11;2970.84;4370.36;3887.79;3273.49;3617.20;3796.01;3779.40;3205.26
683;Champoz;162.0;241;15;21;;4142.85;3762.59;5015.42;4325.38;4541.42;5317.49;5138.17;4921.52;6447.10;4598.25
684;Châtelat;113.0;241;15;21;;3610.19;3227.72;3077.04;3210.43;4259.63;4546.36;3821.38;3886.14;3913.79;4400.85
661;Clavaleyres;49.0;246;14;21;;3043.74;3171.64;3035.74;2391.60;3054.20;3562.33;4997.43;3468.40;4668.79;4209.36
687;Corcelles;214.0;241;15;15;;2981.15;3195.14;3563.32;3504.35;3361.88;3892.60;3968.60;4149.26;4018.03;4127.75
431;Corgémont;1551.0;241;7;18;;3784.43;3541.20;3664.12;3877.42;5662.28;4029.29;4714.75;3793.10;3390.55;4383.81
432;Cormoret;495.0;241;7;15;;4028.88;3936.93;3527.21;4347.46;3832.00;4092.61;4247.36;3947.36;4070.04;3814.94
433;Cortébert;697.0;241;7;15;;3494.23;3571.04;3890.95;3740.48;3491.34;3913.63;4059.70;3836.06;3634.50;3944.13
690;Court;1390.0;241;15;18;;3157.91;3044.32;3080.58;3165.26;3230.45;3275.50;3684.56;3353.47;3149.10;3334.78
434;Courtelary;1283.0;241;7;18;;3911.00;3847.90;4055.26;4346.07;3850.01;4420.44;4777.71;4512.80;3941.55;3882.81
691;Crémines;550.0;241;15;18;;2550.56;3098.86;3420.69;3626.56;3956.30;3910.65;3929.51;3788.44;3469.71;3575.62
535;Deisswil b.M.;97.0;246;9;15;;2058.86;2376.60;2643.01;2889.11;2414.61;2541.32;2930.33;3454.89;4404.82;2044.65
536;Diemerswil;199.0;246;9;11;351;2664.89;2300.11;3159.75;3747.61;2835.31;3132.91;3424.62;3276.64;3530.55;4422.14
762;Diemtigen;2140.0;249;17;21;;2582.88;2563.26;2560.46;2526.20;2448.06;2710.29;2991.28;3191.73;3719.42;3739.22
385;Diessbach b.B.;923.0;243;5;15;;3642.85;3474.48;3843.63;4270.90;3756.32;3887.16;4183.82;4570.90;4522.49;3878.28
721;Diesse;443.0;241;13;17;;3672.87;3979.90;4744.04;4398.78;4435.39;4736.92;4578.52;5125.79;5217.20;4866.00
386;Dotzigen;1358.0;243;5;15;;3755.97;3364.06;3513.92;3095.12;3413.34;3336.91;3413.27;3285.60;3362.48;3439.33
575;Därligen;416.0;250;11;15;;2833.71;4218.88;2546.99;2038.90;3084.13;3932.58;4140.32;3551.91;3722.09;4126.23
761;Därstetten;833.0;249;17;19;;3673.74;3069.02;3331.31;3313.66;3259.34;3052.08;3213.14;3243.79;3135.02;3011.22
952;Dürrenroth;1064.0;245;25;21;;4259.15;3901.13;4125.21;4379.25;8317.84;3494.47;3380.50;3419.92;3731.20;4000.14
901;Eggiwil;2453.0;245;23;21;;3662.32;3669.30;3907.29;3770.62;3925.93;3947.56;4780.87;4657.95;4781.92;4194.57
864;Englisberg;0.0;246;22;8;;2220.18;2491.73;0.00;0.00;0.00;0.00;0.00;0.00;0.00;0.00
735;Epsach;341.0;243;16;16;;3689.56;3821.76;4341.25;3264.68;3277.85;4201.20;3453.21;3337.84;3148.22;3619.08
953;Eriswil;1347.0;244;25;19;;5267.37;5553.12;5584.43;5814.12;9606.95;3932.70;4096.65;4603.72;4129.04;4633.10
924;Eriz;496.0;247;24;21;;3898.74;4642.60;3391.82;3534.35;4624.34;3994.89;3850.56;4721.47;3961.60;3950.49
492;Erlach;1278.0;243;8;17;;5332.54;5312.25;5345.98;10175.80;10796.91;10562.92;11388.49;10773.18;10659.99;10241.04
763;Erlenbach i.S.;1695.0;249;17;20;;3347.51;3109.07;3143.18;3315.24;3298.80;3737.26;3443.47;3580.97;3472.08;3493.14
405;Ersigen;1589.0;245;6;19;;2980.64;3133.46;2747.42;3210.98;3288.69;3627.34;3321.63;3292.84;3524.23;3383.69
692;Eschert;377.0;241;15;19;;2480.38;2470.03;2850.63;2743.78;2739.72;3391.12;3022.59;3206.05;3153.19;3691.71
537;Etzelkofen;289.0;246;9;18;;2862.43;3539.00;3390.69;3282.94;3253.74;3368.97;3752.91;3718.03;3158.06;3309.06
372;Evilard;2424.0;242;4;5;371;4383.77;3780.69;3646.41;3879.77;4991.44;5066.59;4574.98;4464.21;5090.80;4251.71
925;Fahrni;741.0;247;24;20;;2948.03;2428.80;2815.90;3314.07;2999.07;2966.24;2937.20;3269.55;3341.60;3487.71
975;Farnern;209.0;244;26;15;;3020.83;3649.48;3461.86;3045.11;3372.57;4869.35;3446.01;3176.35;4047.47;3611.90
662;Ferenbalm;1270.0;246;14;15;;2379.60;4287.51;2491.08;2694.36;2666.68;2653.48;2966.82;2425.53;2795.41;2506.52
493;Finsterhennen;501.0;243;8;20;;3350.26;3303.45;3564.93;3217.92;3034.94;3730.37;3917.70;4277.63;3639.50;3540.39
926;Forst;0.0;247;24;15;;3784.93;2749.06;3149.26;2796.46;2886.76;0.00;0.00;0.00;0.00;0.00
948;Forst-Längenbühl;704.0;247;24;19;;0.00;0.00;0.00;0.00;0.00;3227.66;3058.98;3029.35;3513.62;2745.49
538;Fraubrunnen;1791.0;246;9;11;351;3773.49;3705.59;3424.25;3341.50;3244.17;3412.96;3417.87;3208.92;3843.45;3377.10
663;Frauenkappelen;1256.0;246;14;11;351;2983.19;3114.16;3164.59;3074.12;3216.08;4842.80;3542.37;3610.92;3689.79;3553.86
607;Freimettigen;424.0;246;12;15;;2467.66;2585.13;2494.48;2599.43;2587.57;2847.53;3121.38;2925.82;3025.23;2873.33
563;Frutigen;6703.0;249;10;4;;3088.71;3357.42;3501.65;3810.79;3743.12;4015.34;3909.80;4135.44;4232.56;3900.10
781;Gadmen;229.0;250;18;22;;5987.94;5775.75;5539.23;6078.72;6115.88;6391.75;6365.98;6556.29;6045.88;6213.09
494;Gals;729.0;243;8;20;;3096.05;3471.24;3677.27;3279.69;3356.03;3669.73;3729.96;3614.94;4183.61;4086.37
495;Gampelen;791.0;243;8;17;;3509.04;3596.65;3631.90;3115.36;3500.08;3922.24;3748.83;3862.47;3772.34;4552.32
865;Gelterfingen;242.0;246;22;21;;2950.83;3783.58;2892.76;2760.41;2697.55;3195.26;2934.61;2844.81;2728.02;2865.13
866;Gerzensee;1134.0;246;22;20;;3866.06;3638.13;3820.51;3854.26;4110.07;5816.33;4358.61;3558.43;3877.79;3831.14
664;Golaten;303.0;246;14;21;;3587.38;3156.90;4200.01;5314.48;3102.11;3102.00;3145.93;3229.34;3893.04;3743.73
326;Gondiswil;724.0;244;2;19;;3540.79;3672.05;3773.97;4182.25;6716.80;3215.42;3464.90;3340.98;3488.18;3709.54
976;Graben;291.0;244;26;15;;2289.75;3011.19;2851.00;3374.53;5122.93;5158.50;4259.62;3536.64;3128.02;3057.00
539;Grafenried;976.0;246;9;11;351;3153.89;2927.46;3337.80;3499.54;3304.93;3862.25;3786.50;3533.02;3548.77;3243.45
694;Grandval;351.0;241;15;18;;2837.93;2868.21;3281.75;3604.95;3633.10;3980.92;3923.28;3570.75;3420.78;3598.19
576;Grindelwald;4040.0;250;11;6;;5131.55;4877.16;5700.60;4972.85;5058.44;5564.56;5944.88;5557.38;5339.70;5537.85
303;Grossaffoltern;2812.0;243;1;15;;2678.64;2819.10;2792.28;3099.99;2879.18;2941.39;3165.30;2981.37;2971.20;3286.99
608;Grosshöchstetten;3289.0;246;12;11;351;3888.87;3825.67;4028.39;3925.92;3845.31;3795.09;5087.75;4311.95;4028.18;4137.82
841;Gsteig;986.0;248;20;20;;4019.57;3643.63;3622.72;3489.23;4033.13;3937.12;4369.46;4804.58;4988.84;4710.44
577;Gsteigwiler;430.0;250;11;14;;3848.03;3934.03;4392.88;3823.96;4221.47;3963.47;3707.83;3677.86;3803.84;3377.21
852;Guggisberg;1585.0;246;21;21;;3523.34;3616.22;3474.20;3502.96;3729.81;3946.55;3857.78;3847.35;3780.43;4399.72
665;Gurbrü;245.0;246;14;21;;2734.40;3032.18;2653.56;2890.57;2703.46;3170.82;3050.79;3844.88;4283.15;3360.60
867;Gurzelen;798.0;247;22;19;;2864.67;2401.94;2552.61;2858.12;3114.88;3016.08;3183.39;2813.73;3024.94;3027.29
327;Gutenburg;0.0;244;2;15;;3648.43;4019.71;4329.60;4039.42;10327.86;0.00;0.00;0.00;0.00;0.00
782;Guttannen;321.0;250;18;7;;5432.80;5859.50;7647.57;5924.98;7407.53;7011.79;7296.75;7271.01;6957.49;7323.26
578;Gündlischwand;284.0;250;11;17;;3781.35;4764.83;4829.71;3720.20;3447.10;4118.29;4900.41;3767.61;3763.23;3675.87
579;Habkern;640.0;250;11;21;;3785.18;3813.44;4117.58;3790.99;4042.33;4205.99;4393.31;4620.05;4475.20;4382.10
736;Hagneck;415.0;243;16;15;;3295.87;3846.44;4366.60;2957.76;3010.77;3276.40;3084.88;2891.44;2807.01;2843.05
406;Hasle b.B.;3170.0;245;6;16;;3038.14;3034.42;3200.50;2967.23;2991.77;2969.41;3887.02;4162.18;3874.01;2761.97
783;Hasliberg;1229.0;250;18;6;;3828.89;3691.12;4195.62;3930.26;3892.45;4706.63;4232.98;4411.23;4336.41;4477.58
927;Heiligenschwendi;675.0;247;24;7;;3725.61;3179.87;3548.42;3205.73;3912.44;3727.57;4143.27;3704.62;3919.17;4013.80
928;Heimberg;6365.0;247;24;12;942;2990.81;3309.55;3253.14;3471.77;3501.54;3698.38;3848.65;3604.89;3681.99;3650.89
977;Heimenhausen;1016.0;244;26;15;;3874.37;4017.60;4270.92;3954.71;6097.72;3577.00;3442.73;2899.27;2558.46;2518.44
407;Heimiswil;1636.0;245;6;21;;2976.04;3401.06;2995.04;3274.83;3356.20;3437.45;2983.22;3126.45;3045.72;3178.28
408;Hellsau;192.0;245;6;19;;2795.36;3543.71;3354.63;2900.94;2747.02;2998.36;2956.60;2970.51;3281.66;2815.92
610;Herbligen;551.0;246;12;16;;3098.53;3177.18;2817.98;3812.47;2037.79;2526.95;2852.04;3700.46;2895.79;3247.02
978;Hermiswil;96.0;244;26;20;;5193.65;2767.68;3909.83;3769.48;6880.61;3300.07;2813.95;2996.82;3228.27;3834.04
737;Hermrigen;262.0;243;16;16;;2747.79;3387.53;3461.96;3804.34;3441.65;4262.83;3682.51;3539.96;3944.74;3477.85
979;Herzogenbuchsee;6795.0;244;26;4;;3681.93;3790.49;4544.20;4703.87;8815.52;4689.85;4247.58;4132.62;4335.50;4244.59
929;Hilterfingen;3998.0;247;24;13;942;4420.11;4443.00;4208.14;3971.53;3989.91;4583.88;4341.12;4922.76;4722.85;4274.51
409;Hindelbank;2094.0;245;6;17;;4122.94;4300.76;5164.46;5420.08;5542.84;5595.28;5150.41;5416.47;5424.08;4782.73
580;Hofstetten b.B.;567.0;250;11;17;;3359.81;3690.54;3512.87;3120.41;3482.87;3627.05;3711.95;4444.98;4719.03;4743.79
931;Homberg;502.0;247;24;21;;2866.52;2734.07;2928.88;3215.78;3391.99;3458.94;3199.25;3642.03;3775.94;4573.40
932;Horrenbach-Buchen;259.0;247;24;21;;3659.68;3300.88;3270.77;3581.52;3371.88;3349.36;3699.95;3753.72;3389.94;3549.16
954;Huttwil;4726.0;244;25;18;;5181.56;5947.80;3982.50;4482.91;9240.98;4720.97;4285.26;4635.24;4918.65;4679.37
609;Häutligen;239.0;246;12;21;;3834.84;4417.57;3420.25;3280.78;5218.64;3550.04;3854.99;3655.19;4229.15;3912.16
410;Höchstetten;258.0;245;6;19;;2287.68;2627.63;2897.81;2793.14;2750.00;3399.52;3118.03;2616.41;3111.28;3354.66
930;Höfen;441.0;247;24;16;;3226.74;2864.54;2920.48;3744.14;4020.22;3850.11;3444.09;3765.99;4603.74;3673.88
541;Iffwil;409.0;246;9;20;;1993.84;2656.47;2568.62;2302.57;2229.12;2464.73;2802.72;2619.82;2575.12;2946.88
980;Inkwil;638.0;244;26;15;;3154.20;3605.82;3761.37;3649.48;5374.22;3112.23;2942.38;2978.56;2755.56;2867.48
784;Innertkirchen;886.0;250;18;19;;3834.80;3996.46;4148.99;3973.84;4244.87;4228.75;4608.09;4298.06;4943.01;4189.40
496;Ins;3260.0;243;8;20;;4645.07;4713.96;4889.73;4580.94;4651.58;4597.53;4937.72;4858.97;4928.55;4829.79
581;Interlaken;5481.0;250;11;6;;5116.72;5056.07;5134.09;4860.74;5239.72;5109.49;5604.37;5857.25;6179.81;5737.08
739;Ipsach;3913.0;242;16;13;371;3549.19;3299.09;2873.63;3246.23;3429.56;3776.17;3985.16;3941.20;3947.04;3652.84
582;Iseltwald;432.0;250;11;20;;4031.37;4482.86;4826.41;4288.17;4666.38;4576.03;4813.65;4762.19;5367.47;5092.99
362;Ittigen;11006.0;246;3;9;351;4069.14;3937.62;4194.95;5332.24;4675.80;5156.23;5643.24;5685.21;5732.33;5470.60
868;Jaberg;258.0;246;22;15;;3288.62;3073.11;3649.05;3798.47;3468.13;4329.08;3752.44;3248.44;3586.07;3872.91
540;Jegenstorf;4680.0;246;9;10;351;3437.15;3833.28;4402.95;4995.23;3092.12;3443.60;3354.26;3004.09;3129.81;3043.56
738;Jens;681.0;243;16;15;;3646.42;3089.02;3076.89;3232.23;3562.91;3541.19;3516.03;3217.78;3192.46;3383.94
304;Kallnach;1563.0;243;1;19;;3695.03;3320.18;3468.67;3326.39;3527.81;3942.80;3850.77;3859.94;4155.35;4322.19
564;Kandergrund;810.0;249;10;8;;2899.79;2502.27;2858.21;2666.30;2933.92;2422.00;2557.58;2344.50;2922.44;3079.18
565;Kandersteg;1261.0;249;10;6;;4449.08;4221.63;4005.77;4008.04;4433.28;4115.35;4249.96;4085.89;4385.04;4304.85
305;Kappelen;1278.0;243;1;19;;3165.69;3329.88;3092.65;2901.83;2722.34;3490.44;3175.48;3620.06;2945.10;3444.05
869;Kaufdorf;1034.0;246;22;11;351;3445.47;3724.84;3961.68;3278.20;2720.05;3257.41;3092.42;2963.57;2864.86;2752.13
870;Kehrsatz;3964.0;246;22;10;351;3199.33;4330.58;3456.93;2367.98;2236.70;3331.09;3413.20;3079.85;3016.61;3058.19
411;Kernenried;449.0;245;6;15;;3190.75;2744.36;2431.81;2485.10;2770.24;2851.12;2808.77;3035.80;2867.17;2681.46
871;Kienersrüti;52.0;247;22;21;;3869.90;2497.49;3219.86;2287.40;3131.63;2937.99;3674.74;3137.16;3432.01;3035.62
611;Kiesen;857.0;246;12;15;;3722.25;4003.23;3560.43;3858.19;3922.59;4192.34;4016.15;3921.87;4022.36;3574.27
412;Kirchberg;5613.0;245;6;12;404;3215.41;3246.98;3312.72;3631.00;3882.44;3985.63;4382.39;4261.91;5088.08;4354.83
872;Kirchdorf;814.0;246;22;20;;2642.76;2788.34;2711.48;2960.40;3232.62;2916.28;3256.54;3364.98;3503.31;4416.54
873;Kirchenthurnen;271.0;246;22;15;;2624.42;3265.67;3333.07;3305.83;3064.70;3666.36;3315.42;3166.19;3018.01;3086.50
354;Kirchlindach;2815.0;246;3;11;351;3528.54;3243.46;3534.77;4270.41;4471.41;4945.52;3639.68;3417.81;3612.71;3364.63
328;Kleindietwil;0.0;244;2;19;;4305.75;4859.37;4582.73;4895.77;8832.15;4437.21;4112.48;4203.08;4797.46;0.00
612;Konolfingen;4739.0;246;12;9;351;3496.42;3584.58;3881.30;4657.92;5014.73;4993.67;5151.09;5534.18;6692.09;5955.86
413;Koppigen;2070.0;245;6;17;;3065.23;3224.55;3031.64;3302.08;3549.58;4029.78;3587.01;3280.85;3392.67;3344.65
566;Krattigen;989.0;249;10;17;;3515.78;3232.79;3503.48;3596.05;4011.89;3889.92;4243.54;3864.39;3972.93;4244.35
414;Krauchthal;2318.0;245;6;15;;3094.63;3732.50;2932.00;3184.19;3039.16;3157.63;3262.67;3115.65;3070.72;3141.30
666;Kriechenwil;410.0;246;14;20;;2659.35;3338.24;3338.84;3623.05;3255.57;3316.74;3326.28;3770.16;3211.03;2789.23
355;Köniz;38633.0;246;3;9;351;4174.80;4533.12;4717.30;4584.56;4789.27;4915.36;4927.03;4743.34;5004.85;5088.11
435;La Ferrière;545.0;241;7;19;;3423.96;3723.05;3629.85;3662.60;3957.69;3674.38;4164.42;4049.14;4100.28;4167.43
436;La Heutte;486.0;241;7;15;;3534.63;4787.55;2849.89;3914.32;3947.72;4459.27;4669.77;4512.90;4491.51;4052.67
723;La Neuveville;3559.0;241;13;17;;5610.13;5938.34;5700.78;5897.16;5910.60;6591.17;6541.41;6464.25;6563.54;6673.71
722;Lamboing;682.0;241;13;16;;4307.76;4636.72;4670.77;4285.82;4523.25;5042.30;4603.67;4986.38;4766.81;4750.07
613;Landiswil;628.0;246;12;21;;4165.30;3315.36;3155.51;2636.67;2819.82;3289.14;3432.96;3447.04;3121.98;3431.99
329;Langenthal;15017.0;244;2;3;;4780.18;4607.35;5027.04;5647.39;12679.37;5608.63;6263.92;6100.14;5761.11;5688.92
902;Langnau i.E.;9018.0;245;23;3;;3899.47;3940.65;4008.20;3971.76;4160.22;4372.25;4535.97;4425.80;4740.53;4090.32
842;Lauenen;810.0;248;20;21;;4100.02;3262.85;3559.64;4016.43;3972.77;4360.54;4622.46;5089.31;4522.45;4634.08
667;Laupen;2830.0;246;14;10;351;3122.37;3429.78;4068.73;4207.06;3650.25;3766.63;3791.29;3566.62;3677.41;3577.53
903;Lauperswil;2680.0;245;23;19;;3146.12;3330.99;2635.81;2662.86;2712.05;2829.58;2781.89;2952.86;2831.57;2984.61
584;Lauterbrunnen;2741.0;250;11;6;;4866.40;4700.08;4635.66;4653.76;4611.90;6022.72;6044.19;5746.57;5626.76;6130.96
330;Leimiswil;0.0;244;2;19;;3690.88;3499.27;3824.70;3838.58;7588.46;3146.00;3597.58;2858.11;3319.48;0.00
585;Leissigen;932.0;250;11;17;;3933.72;3145.93;3524.50;3339.04;3415.07;3328.13;3447.93;3401.70;4049.22;4102.61
387;Lengnau;4627.0;242;5;14;;4787.53;4791.14;4666.48;4837.48;5872.55;6335.99;5699.99;5557.97;5284.48;5459.04
792;Lenk;2419.0;248;19;6;;5171.60;5356.52;5499.63;5595.01;5390.84;5677.04;5861.60;5971.75;6120.79;6395.11
388;Leuzigen;1200.0;243;5;16;;3997.83;4200.83;3914.56;3716.07;4010.06;3919.03;3926.16;3984.20;4663.22;4256.74
740;Ligerz;521.0;242;16;20;;5304.30;5795.44;4605.70;5123.30;6016.48;5721.44;5135.12;5124.79;4660.78;4445.21
542;Limpach;359.0;246;9;20;;3998.36;4183.32;4270.67;3562.85;3768.09;3792.04;3867.72;3831.19;3517.53;3388.37
614;Linden;1321.0;246;12;19;;3168.79;3182.17;2655.10;2811.69;2920.68;3424.15;3094.56;3647.48;3347.05;3361.18
874;Lohnstorf;224.0;246;22;21;;3147.36;3088.45;3483.89;3149.86;2979.54;2576.86;2773.69;3338.47;3426.40;2732.58
331;Lotzwil;2462.0;244;2;15;;4131.39;4027.39;4184.16;4050.24;7584.39;4670.36;4742.53;4707.86;4774.19;4514.25
696;Loveresse;317.0;241;15;19;;2220.06;3167.19;2941.67;3488.79;3019.16;3654.51;3788.15;3734.15;3346.69;3149.38
306;Lyss;13776.0;243;1;3;;3610.60;4127.24;4019.63;4484.97;4788.86;4948.00;5260.94;5153.00;4952.67;4886.93
415;Lyssach;1427.0;245;6;12;404;3367.23;3227.35;3702.53;3975.19;3835.13;3867.99;3774.64;4325.32;4099.99;4037.56
933;Längenbühl;0.0;247;24;20;;3202.91;3413.06;4045.88;3395.95;3953.11;0.00;0.00;0.00;0.00;0.00
497;Lüscherz;537.0;243;8;20;;4827.97;5133.91;4885.72;4556.06;4511.13;4911.62;4900.48;4856.62;5387.01;4980.19
586;Lütschental;240.0;250;11;20;;4283.24;4021.84;4786.23;3662.64;2920.17;3112.40;4322.93;5588.65;7008.19;5182.40
955;Lützelflüh;4075.0;245;25;19;;3128.49;3097.49;3166.68;3252.34;3635.61;3565.74;3516.63;3543.20;3519.18;3908.07
332;Madiswil;3140.0;244;2;20;;4080.91;3987.62;3892.43;4423.65;7909.45;4479.42;4268.80;4155.55;4433.29;4244.40
697;Malleray;1970.0;241;15;18;;2877.37;3165.98;3297.16;3534.89;4009.81;4017.31;4196.84;4066.55;4123.22;4351.40
587;Matten b.I.;3780.0;250;11;13;;2724.61;3225.12;3342.36;3001.20;2918.36;3062.12;3293.19;3622.11;3659.35;3064.92
543;Mattstetten;588.0;246;9;11;351;3219.33;3145.43;3008.45;3033.39;2914.75;3035.70;3194.16;2807.14;3178.52;2914.48
389;Meienried;53.0;243;5;20;;1701.07;1900.83;2724.47;2477.07;3142.97;3178.51;3287.85;3458.64;3329.94;3961.22
307;Meikirch;2344.0;246;1;11;351;3501.73;3693.91;3400.83;3537.66;3545.07;3203.52;3658.27;4171.16;4397.41;3097.04
390;Meinisberg;1292.0;242;5;15;;3377.58;3110.86;2780.81;3243.97;3141.46;3251.01;3310.04;3216.01;3377.98;2995.80
785;Meiringen;4581.0;250;18;7;;3491.78;3727.48;3772.42;4211.90;4332.46;4678.91;4577.06;4260.18;4399.11;3779.27
333;Melchnau;1567.0;244;2;19;;4122.95;4388.95;4275.69;4738.93;6488.71;4737.37;4612.75;4763.01;4702.06;4449.46
741;Merzligen;411.0;243;16;15;;3460.78;2878.79;3014.62;3272.75;3344.89;3511.52;3287.48;3380.83;3657.36;3332.13
615;Mirchel;578.0;246;12;16;;2541.08;4126.26;2906.83;2590.06;2389.13;2528.98;2626.97;2953.31;2865.63;2254.66
699;Monible;38.0;241;15;21;;4638.68;4230.52;4872.01;6876.65;5230.75;6247.68;7220.01;6183.13;6542.88;5255.61
437;Mont-Tramelan;120.0;241;7;21;;2822.87;1842.25;2020.13;2566.44;3172.86;3126.56;2944.77;3031.55;2799.03;2969.25
544;Moosseedorf;3620.0;246;9;9;351;3770.09;4083.77;3793.37;3548.26;3678.11;3793.97;4075.62;4778.77;3656.85;4160.05
700;Moutier;7479.0;241;15;3;;5521.47;5255.81;5427.62;5697.71;5964.35;6530.93;6464.17;6491.79;6662.96;6885.66
356;Muri b.B.;12369.0;246;3;5;351;5080.58;5074.19;5432.99;5957.20;5074.26;5756.25;5526.33;5168.94;5066.23;5252.10
742;Mörigen;878.0;242;16;5;371;5411.14;5162.17;3866.37;2761.56;3828.82;4397.90;4840.89;5080.77;5683.14;4453.66
416;Mötschwil;142.0;245;6;22;;2385.68;1656.22;2341.20;2464.18;2449.59;2563.01;2292.28;3430.76;2258.46;2500.90
668;Mühleberg;2668.0;246;14;20;;3302.64;3356.62;4863.61;3639.73;4318.37;4047.59;3764.86;4099.08;4619.35;4071.31
875;Mühledorf;248.0;246;22;20;;4130.92;3303.52;3635.35;3789.23;4869.23;3663.07;3449.80;3539.07;3354.17;3677.53
876;Mühlethurnen;1377.0;246;22;15;;2857.74;3099.24;3522.34;3077.23;3349.77;3701.92;3973.39;3879.00;3985.20;2906.47
545;Mülchi;234.0;246;9;16;;3212.76;3469.48;3246.09;3285.96;3169.53;3696.57;3490.55;3763.98;3496.35;3570.60
546;Münchenbuchsee;9703.0;246;9;9;351;4106.36;5083.17;4753.73;4397.56;4402.72;4451.94;4100.60;4418.45;4490.90;4763.21
669;Münchenwiler;468.0;246;14;15;;3408.17;3635.25;3379.56;5073.10;2210.53;3202.34;3638.23;3109.09;3642.84;3816.72
547;Münchringen;593.0;246;9;15;;2246.77;2543.95;2987.22;2572.12;2514.88;2580.24;2815.27;2436.37;2731.90;3877.36
616;Münsingen;10841.0;246;12;9;351;3749.74;4971.68;5235.27;5399.21;5370.08;5393.08;5899.34;6059.56;6018.92;6462.59
498;Müntschemier;1330.0;243;8;20;;3371.00;3717.05;3686.87;3272.01;3513.71;3742.86;3609.88;3345.76;3821.57;3414.25
670;Neuenegg;4913.0;246;14;11;351;3712.31;3450.21;3551.48;3384.05;3397.25;3059.62;3387.63;2850.38;3448.05;3756.87
743;Nidau;6816.0;242;16;12;371;5885.62;5771.75;5914.60;7106.50;6690.09;6954.66;6685.70;6641.18;6934.49;6762.53
981;Niederbipp;4211.0;244;26;17;;4101.22;3993.00;3760.19;4547.23;6296.27;4535.23;4258.23;4490.62;4161.75;3988.13
617;Niederhünigen;641.0;246;12;15;;2675.55;2896.19;2747.52;2846.94;2620.48;2568.80;3250.41;3135.35;3047.46;2969.97
877;Niedermuhlern;505.0;246;22;21;;2606.19;2761.95;2926.52;3056.06;2956.27;3188.85;3262.10;3097.32;3152.91;3302.63
588;Niederried b.I.;338.0;250;11;15;;3975.05;3309.79;3654.24;3339.88;3662.34;3732.21;3759.85;4002.31;3801.14;3480.45
308;Niederried b.K.;297.0;243;1;15;;3569.66;3341.95;3576.83;3708.87;3634.44;3925.20;3950.36;3833.68;4170.10;3919.43
764;Niederstocken;257.0;247;17;15;;3090.58;3475.62;3336.39;3104.42;3523.48;3588.18;3680.75;3608.05;3947.38;3809.59
618;Niederwichtrach;0.0;246;12;11;;3898.64;3931.13;0.00;0.00;0.00;0.00;0.00;0.00;0.00;0.00
982;Niederönz;1554.0;244;26;15;;2490.79;2793.83;2599.93;3350.81;4645.57;4361.18;4783.27;3126.02;3639.65;4517.01
417;Niederösch;240.0;245;6;21;;2920.71;3967.03;2668.52;3299.94;3122.19;3258.42;3577.97;2951.16;2472.13;3279.83
724;Nods;742.0;241;13;20;;5509.19;5215.83;4839.97;5651.65;5578.71;5597.97;5800.31;5436.27;5369.60;5642.36
878;Noflen;260.0;246;22;21;;2370.86;2397.11;3204.46;3339.23;3757.76;3438.60;3152.09;3396.02;4378.70;3329.94
357;Oberbalm;869.0;246;3;21;;3863.41;3288.70;2728.27;2585.72;2675.54;2863.28;2879.55;2906.67;4212.48;3136.41
983;Oberbipp;1568.0;244;26;15;;2865.59;3185.12;3651.82;3355.32;3241.00;3555.36;3411.68;3627.87;4593.73;3481.93
418;Oberburg;2875.0;245;6;13;404;4469.61;4321.26;4121.41;3688.56;3379.05;3344.49;2753.91;2799.34;3092.64;2966.60
619;Oberdiessbach;3102.0;246;12;17;;4672.17;4791.72;4430.28;4979.12;5321.95;5311.31;6166.61;5803.05;5550.67;5796.59
934;Oberhofen;2354.0;247;24;14;942;4223.08;4359.96;4468.67;4716.98;4662.21;4696.20;4551.62;4600.08;4638.50;4757.48
629;Oberhünigen;326.0;246;12;21;;3140.81;3224.63;3395.39;3001.75;2904.53;3189.55;3356.75;3277.77;3202.94;3417.83
935;Oberlangenegg;486.0;247;24;21;;3419.04;3321.50;3366.14;3738.45;3441.80;3518.76;3696.81;3888.57;3801.60;3867.26
589;Oberried a.Br.-S.;479.0;250;11;17;;4599.68;4855.80;4900.48;4457.38;4292.26;4781.52;4782.39;4479.08;4643.30;4465.26
334;Obersteckholz;423.0;244;2;16;;3603.84;3772.20;4138.29;3947.17;5386.42;4427.15;3714.80;3526.11;3332.31;3028.93
765;Oberstocken;282.0;247;17;15;;3126.88;3301.32;3165.30;3197.49;3095.77;3166.23;2938.87;4079.50;3710.87;3151.68
620;Oberthal;781.0;246;12;21;;2587.12;2920.66;2606.02;2505.78;2559.62;2695.53;3113.04;3307.20;3059.74;2977.72
621;Oberwichtrach;0.0;246;12;10;;2994.97;2960.52;0.00;0.00;0.00;0.00;0.00;0.00;0.00;0.00
391;Oberwil b.B.;809.0;243;5;16;;3494.45;3502.37;3367.20;3656.84;3443.61;3841.11;3661.74;3790.04;3977.70;3914.15
766;Oberwil i.S.;795.0;249;17;21;;2979.45;3207.90;2963.60;2789.17;3035.23;2935.93;2824.27;3282.77;3161.46;3250.01
984;Oberönz;0.0;244;26;15;;3037.35;3061.99;3072.23;3079.14;3805.52;2953.69;0.00;0.00;0.00;0.00
419;Oberösch;112.0;245;6;21;;2755.44;2797.73;2075.75;2492.10;2721.98;4022.80;3383.94;2813.67;2934.30;2659.54
985;Ochlenberg;586.0;244;26;21;;3379.56;3622.39;3819.91;3732.17;7401.11;3001.36;3144.60;3257.95;3013.34;3003.48
335;Oeschenbach;237.0;244;2;21;;4770.91;4104.59;3500.89;4065.27;5658.80;3553.71;3391.15;3620.32;3529.26;3165.93
622;Oppligen;669.0;246;12;15;;6082.54;4197.23;3070.40;2678.10;3075.56;2921.24;3147.05;3217.87;3407.86;3163.36
744;Orpund;2637.0;242;16;13;371;3837.69;3879.11;4782.09;5166.77;4897.19;4626.48;4835.97;4796.40;4734.08;5102.49
438;Orvin;1196.0;241;7;17;;4393.17;3832.50;4075.44;4496.33;3907.41;4019.69;4115.09;3222.68;3048.61;3523.70
363;Ostermundigen;15436.0;246;3;10;351;4107.09;4933.19;4995.72;4883.62;5229.66;6350.38;6050.47;6100.03;5737.94;5530.45
701;Perrefitte;471.0;241;15;15;;2851.32;2920.86;3182.36;2498.10;2664.27;3648.34;3173.53;2968.68;3498.59;2652.95
392;Pieterlen;3633.0;242;5;13;371;4437.52;4225.25;4460.98;4461.23;4474.62;4775.41;4900.30;4920.90;5377.38;5413.46
440;Plagne;364.0;241;7;14;371;2592.92;2838.88;3132.63;3585.94;3373.06;3232.62;3386.68;3594.57;3707.38;4424.74
936;Pohlern;278.0;247;24;15;;3361.78;3318.52;3659.38;3291.32;3029.55;3176.44;3108.13;3742.08;3203.17;3384.26
702;Pontenet;216.0;241;15;15;;2635.81;2923.86;3486.74;3781.61;3989.40;4873.31;3846.67;3881.66;3631.62;3957.92
745;Port;3302.0;242;16;14;371;4257.32;4837.76;4394.32;4170.96;3696.65;4349.95;4274.55;4032.54;4107.95;3951.97
725;Prêles;908.0;241;13;17;;3105.94;3192.06;3381.14;3582.05;3735.98;4367.26;4083.52;4059.16;4224.33;4240.60
439;Péry;1359.0;241;7;15;;3732.04;4350.96;4229.41;4940.91;4092.30;4236.60;4181.74;4211.29;4409.40;4275.17
309;Radelfingen;1176.0;243;1;16;;3057.19;3226.37;3329.04;3300.44;3714.86;3381.52;3689.72;3576.91;3597.18;3695.58
310;Rapperswil;2129.0;243;1;20;;3207.69;2906.76;3106.86;3440.98;3240.06;3749.15;3477.34;3306.81;3510.80;3459.33
715;Rebévelier;47.0;241;15;22;;3814.63;4836.14;6287.32;4220.09;4494.48;4940.29;4853.03;5703.37;5174.45;4952.74
703;Reconvilier;2213.0;241;15;18;;3744.92;4087.66;4105.81;4713.15;4815.59;4636.43;4520.64;4367.52;4263.11;4543.23
567;Reichenbach i.K.;3452.0;249;10;19;;2825.03;2780.99;3062.92;3376.60;3167.06;3281.40;3220.57;3233.38;3567.61;3248.40
336;Reisiswil;191.0;244;2;21;;3264.99;3648.64;3520.17;3691.53;6288.03;3206.38;3483.40;3284.49;3163.50;3846.18
441;Renan;838.0;241;7;20;;3855.76;3830.64;4221.70;4442.25;3602.32;3620.51;3733.01;4020.49;3870.55;3910.17
767;Reutigen;963.0;247;17;20;;2687.19;2879.84;3178.36;3296.53;3538.76;3811.87;3186.20;3703.12;3864.97;3553.99
879;Riggisberg;2406.0;246;22;8;;4686.96;4658.44;4848.76;4958.37;4876.04;5315.29;5081.78;5546.04;5599.13;6105.50
590;Ringgenberg;2523.0;250;11;14;;3622.61;3223.16;3494.89;3280.80;3305.64;3315.30;3305.02;3275.34;3597.07;3526.61
704;Roches;228.0;241;15;22;;3893.79;3740.17;3672.71;5043.28;4538.83;5016.90;5035.07;5377.85;6016.02;6025.84
337;Roggwil;3865.0;244;2;17;;4735.35;4999.63;4835.64;4759.60;9379.84;5088.53;4935.48;5070.49;5096.93;4906.24
338;Rohrbach;1431.0;244;2;16;;5005.86;4296.80;5139.03;4623.69;8757.97;5136.00;4675.06;4827.02;4176.31;4071.49
339;Rohrbachgraben;423.0;244;2;21;;3529.85;2798.48;2346.27;2710.00;5154.04;3061.51;3186.64;3296.78;3308.94;3499.67
442;Romont;205.0;241;7;16;;3834.37;2729.93;3673.38;4128.22;3740.44;4284.16;3836.51;3451.30;3769.22;4084.27
623;Rubigen;2865.0;246;12;11;351;3455.14;3550.22;3342.67;4896.43;3925.26;3846.47;3658.40;3593.33;3835.54;3665.59
421;Rumendingen;77.0;245;6;8;;3890.76;3927.81;5044.14;4337.75;3596.49;4168.94;4109.50;4426.64;4330.69;3980.40
987;Rumisberg;476.0;244;26;15;;3408.35;3355.20;3263.14;3235.90;3417.55;3623.98;3379.78;3596.15;3468.63;3836.52
548;Ruppoldsried;259.0;243;9;16;;2678.23;2872.04;2798.90;2981.22;3245.96;3006.26;2536.71;3048.82;3644.17;3227.57
986;Röthenbach b.H.;0.0;244;26;19;;3124.48;3778.11;3232.71;3534.34;5797.96;3055.12;2849.37;0.00;0.00;0.00
904;Röthenbach i.E.;1272.0;245;23;21;;2854.97;2904.37;2976.69;2841.76;2941.81;3028.34;3254.00;3229.83;3420.17;3372.33
905;Rüderswil;2405.0;245;23;19;;2920.63;2804.28;2466.11;2591.47;2617.28;2896.26;2595.13;2767.27;2746.44;3187.44
420;Rüdtligen-Alchenflüh;2179.0;245;6;13;404;3135.60;3429.71;3696.13;3437.28;3473.06;3658.78;3778.13;3893.05;4075.96;4157.93
880;Rüeggisberg;1855.0;246;22;21;;3220.14;3219.11;3345.46;3408.57;3478.94;3655.02;3648.35;3783.00;4050.89;3584.48
956;Rüegsau;3062.0;245;25;20;;3321.85;3046.31;2952.88;3107.19;3446.28;3412.09;3544.29;3522.02;3503.59;3263.27
881;Rümligen;450.0;246;22;20;;2946.22;2481.71;3293.94;3157.48;3079.19;3260.49;2816.30;2595.15;2659.36;2730.77
853;Rüschegg;1689.0;246;21;20;;3799.69;3786.32;3985.16;3798.88;3758.68;3899.55;4427.99;4953.14;4980.79;3969.22
393;Rüti b.B.;835.0;243;5;16;;4955.02;4920.83;4503.64;4381.59;4540.10;5391.90;6041.23;6119.18;5148.03;4591.18
422;Rüti b.L.;162.0;245;6;15;;2025.15;2163.74;2596.42;2371.44;2393.62;2941.09;3364.65;3254.14;3335.68;3188.39
882;Rüti b.R.;0.0;246;22;21;;2979.53;3094.04;3435.07;3503.44;3858.77;3489.90;4426.97;0.00;0.00;0.00
340;Rütschelen;564.0;244;2;19;;4276.15;4487.21;3699.51;3535.16;5264.58;3384.49;3436.25;3391.46;3079.43;3212.08
843;Saanen;7240.0;248;20;6;;7033.48;6678.11;6641.88;8332.36;7479.70;9030.74;8591.81;8862.61;9252.73;9531.24
746;Safnern;1881.0;242;16;14;371;4957.06;4846.40;3966.55;3820.85;4140.39;4030.21;4024.75;4003.46;3885.54;3776.39
706;Saicourt;600.0;241;15;20;;3092.54;3035.96;2872.79;2910.89;3173.87;3264.24;3477.25;3498.05;3690.26;3722.92
443;Saint-Imier;4802.0;241;7;4;;6237.15;5750.70;5920.31;6384.83;6579.71;6675.42;7091.03;7072.74;7179.76;7403.43
707;Saules;153.0;241;15;19;;3071.82;3255.59;3352.89;3522.28;3549.12;3866.56;3515.93;3678.65;3762.74;3830.30
591;Saxeten;101.0;250;11;19;;3854.02;4126.64;5053.84;4469.90;4895.18;5320.96;5160.88;4398.99;4647.95;5836.27
549;Schalunen;366.0;246;9;11;351;2998.13;3285.11;2480.88;2697.48;3125.73;2885.00;2799.46;2583.40;2708.32;2975.84
906;Schangnau;925.0;245;23;21;;3208.85;3100.41;2944.65;3166.52;3235.64;3166.97;3343.94;3606.40;3535.92;3627.20
786;Schattenhalb;600.0;250;18;8;;4496.22;4219.21;3726.54;4250.81;4282.80;4811.57;4511.84;5322.58;4310.13;4874.70
708;Schelten;40.0;241;15;21;;4211.03;3321.14;4476.81;4036.06;4687.78;4121.02;4529.23;4955.51;6587.43;5649.22
550;Scheunen;84.0;246;9;21;;1977.78;1933.62;1924.60;2409.11;2025.77;2108.65;2245.20;2254.10;1820.63;2097.12
747;Scheuren;440.0;242;16;14;371;2738.91;2485.62;2451.83;2344.55;2341.72;2565.80;2745.17;2922.84;3056.51;3106.55
624;Schlosswil;657.0;246;12;15;;2748.72;2604.64;2765.27;2893.08;2820.32;3290.44;3365.03;4441.25;3371.50;3288.47
748;Schwadernau;651.0;242;16;14;371;3987.26;3476.38;3671.44;2998.34;3234.29;3335.51;3315.08;3640.25;3347.82;3345.65
592;Schwanden b.B.;603.0;250;11;15;;3377.62;3836.25;3494.12;3262.91;3130.17;3187.83;3199.14;3442.81;3304.20;3780.82
855;Schwarzenburg;6711.0;246;21;4;;0.00;0.00;0.00;0.00;0.00;0.00;0.00;0.00;0.00;4122.65
341;Schwarzhäusern;485.0;244;2;15;;3223.55;3280.63;3342.30;3313.86;5531.27;2973.97;3088.31;2483.80;2518.61;2824.97
937;Schwendibach;254.0;247;24;15;;2527.14;2674.29;2884.13;2654.33;2799.14;3193.53;3494.43;3327.43;3020.08;3493.09
311;Schüpfen;3530.0;243;1;11;351;3279.56;3263.18;3024.29;3513.71;3462.40;3215.04;3439.30;3142.96;3109.68;3362.34
988;Seeberg;1389.0;244;26;20;;2693.34;2885.94;2802.78;3045.35;6398.99;3469.97;3363.73;3215.64;3162.63;2963.82
312;Seedorf;2987.0;243;1;20;;3539.85;3505.50;3350.76;3558.69;3794.61;3818.73;4242.41;3834.72;3854.60;4166.91
709;Seehof;71.0;241;15;21;;2443.12;2964.38;3952.71;2925.79;3652.06;3747.15;3595.78;5181.55;3899.83;5069.19
883;Seftigen;2110.0;247;22;14;942;3244.98;3179.68;3217.96;2989.15;3107.40;3372.50;3195.68;3209.03;3282.06;3097.63
907;Signau;2749.0;245;23;19;;2835.01;2967.47;2908.04;2836.87;2897.02;2732.63;3006.92;2992.01;3102.86;3050.51
938;Sigriswil;4633.0;247;24;7;;4659.90;4500.47;4756.92;4462.61;4733.45;4996.70;4955.87;5044.80;4989.45;4939.00
499;Siselen;580.0;243;8;20;;4394.46;4088.59;4296.90;4126.62;4124.48;4317.71;4515.14;4477.54;5365.64;5160.22
444;Sonceboz;1804.0;241;7;18;;3506.61;3443.53;3682.74;3995.87;3633.69;3823.77;3804.71;3520.21;3403.76;3854.57
445;Sonvilier;1192.0;241;7;19;;4752.19;3596.17;3603.05;3766.88;3562.91;3846.71;3902.85;3893.56;4006.88;3682.88
710;Sornetan;131.0;241;15;21;;4073.67;3439.58;4103.51;4307.12;3757.04;3952.92;3945.33;4192.60;4191.41;4226.99
711;Sorvilier;268.0;241;15;19;;2769.68;2988.38;3187.49;3331.84;3563.45;3820.73;3842.02;3580.03;3456.10;3785.41
712;Souboz;134.0;241;15;21;;6193.66;5167.29;5362.26;5452.08;5671.82;6407.80;6185.31;6167.93;6069.41;5243.50
768;Spiez;12477.0;249;17;12;942;4084.77;4529.98;4569.76;4845.39;4995.86;4670.56;4596.82;4775.48;4914.56;4690.23
793;St. Stephan;1379.0;248;19;20;;3272.05;3278.66;3413.76;3699.39;3545.78;3533.40;3599.25;3831.86;3794.27;3922.83
939;Steffisburg;15423.0;247;24;13;942;5174.67;3641.28;3486.62;3603.64;4027.79;4017.46;3902.33;4065.29;3810.13;3780.25
358;Stettlen;2891.0;246;3;10;351;4448.85;4209.21;4050.79;4242.71;3499.68;3743.96;4035.29;4075.65;3430.38;4765.08
749;Studen;2837.0;243;16;13;371;4375.46;4062.02;3813.69;3862.20;3948.81;3798.19;4123.80;3681.42;3588.71;3568.00
957;Sumiswald;5039.0;245;25;19;;3402.18;3087.78;3905.59;4134.02;4223.81;4215.34;3930.05;4001.18;3907.55;3893.20
750;Sutz-Lattrigen;1352.0;242;16;14;371;3602.28;3309.52;3384.03;2978.59;3020.00;3842.64;4086.29;4165.04;3970.30;3409.89
713;Tavannes;3542.0;241;15;18;;3808.82;3793.05;3848.32;4697.17;4627.12;4791.75;5154.00;5843.81;5946.95;5670.68
940;Teuffenthal;168.0;247;24;21;;3034.85;3204.28;3059.31;3193.92;3251.73;3540.86;3623.14;3324.26;3847.51;3191.39
941;Thierachern;2302.0;247;24;14;942;3103.23;3288.27;2686.30;3093.78;3730.76;3225.19;3023.26;3195.85;3064.13;3227.13
942;Thun;42623.0;247;24;2;942;4574.91;4703.70;4833.54;4914.14;4961.72;5433.86;5379.39;5348.94;5853.23;5757.62
342;Thunstetten;3063.0;244;2;17;;4177.76;4112.20;4269.15;4623.86;6766.59;4737.35;4630.66;3346.16;3077.79;3374.20
989;Thörigen;1027.0;244;26;15;;3638.18;4125.69;3997.42;4286.36;5431.96;3292.12;3545.35;3832.01;3697.49;3033.31
884;Toffen;2457.0;246;22;11;351;3103.60;2973.26;3348.19;2989.75;3055.64;2944.84;3678.13;3049.47;3070.60;3322.98
958;Trachselwald;1024.0;245;25;21;;3151.67;3059.90;3433.33;3302.45;3477.23;3646.12;3696.66;3788.12;3910.27;3650.10
446;Tramelan;4248.0;241;7;18;;4972.86;4948.63;5090.58;5063.33;5323.93;5316.03;5671.30;5167.32;5109.86;5216.10
500;Treiten;441.0;243;8;21;;3552.72;3472.43;3674.79;3879.94;4523.92;4390.72;4657.74;4944.26;5322.26;4866.60
631;Trimstein;508.0;246;12;11;351;3269.89;2613.88;3239.10;3825.23;3170.31;3182.10;3272.97;3357.85;4816.50;3777.18
908;Trub;1377.0;245;23;21;;3017.40;3564.18;2991.84;2951.14;3832.01;3465.00;3624.60;3383.99;3724.67;3462.38
909;Trubschachen;1392.0;245;23;19;;3158.02;2914.53;3020.17;3175.18;3251.35;3063.68;3348.42;3556.70;3370.84;3058.54
501;Tschugg;449.0;243;8;8;;4190.13;4511.07;5093.09;4569.00;4234.65;3925.17;4802.44;4485.44;4009.15;3864.69
753;Twann;0.0;242;16;20;;5871.66;5868.20;5306.64;5742.43;5525.95;7652.58;5869.19;5590.80;0.00;0.00
756;Twann-Tüscherz;1138.0;242;16;20;;0.00;0.00;0.00;0.00;0.00;0.00;0.00;0.00;5033.25;5469.21
625;Tägertschi;418.0;246;12;21;;2724.41;3001.92;3966.39;2997.43;2716.47;2968.86;3461.65;3143.97;3508.82;2997.85
751;Täuffelen;2655.0;243;16;17;;3613.92;3546.16;3014.69;2838.94;3483.97;3781.76;3567.52;3415.49;3139.43;3185.99
752;Tüscherz-Alfermée;0.0;242;16;5;371;5317.11;4820.73;5075.83;4922.43;4945.41;5389.59;5530.02;5000.41;0.00;0.00
943;Uebeschi;692.0;247;24;15;;3049.00;3226.27;3352.08;2583.24;2551.59;2912.75;2963.39;3288.74;2983.15;3158.02
944;Uetendorf;5946.0;247;24;12;942;3362.72;3452.33;3572.05;3734.53;4009.75;4076.82;3895.67;3810.08;4103.71;3912.96
945;Unterlangenegg;903.0;247;24;21;;3505.80;3398.73;3484.99;3857.88;3709.94;3886.56;4122.68;4149.22;3721.29;3872.94
593;Unterseen;5487.0;250;11;12;;3270.92;3415.81;3766.75;3341.59;3522.90;3672.09;3544.05;3547.98;3760.18;3434.23
343;Untersteckholz;0.0;244;2;21;;2938.46;2795.23;2683.28;2868.41;10115.76;2909.34;5480.20;4941.50;0.00;0.00
344;Ursenbach;908.0;244;2;19;;3691.53;4467.27;4429.75;4205.34;11764.23;5108.32;4642.50;4459.40;4351.81;4688.06
551;Urtenen;5665.0;246;9;9;351;4403.30;4452.32;4540.82;4639.74;4507.24;4784.45;5024.79;4720.79;4969.19;4340.79
885;Uttigen;1809.0;247;22;14;942;2601.01;2521.31;2727.29;3012.29;2670.60;2700.98;2647.14;2829.87;4134.52;2803.00
552;Utzenstorf;4123.0;245;9;17;;3483.48;3469.34;2980.52;2973.47;3076.49;3414.85;3167.79;2867.08;2980.08;2795.96
447;Vauffelin;411.0;241;7;14;371;2799.39;3734.39;3866.91;4661.72;3622.74;4080.14;3767.76;3702.64;3807.49;3909.82
359;Vechigen;4653.0;246;3;11;351;3370.05;3623.12;3800.46;3598.63;3776.57;4117.04;4100.08;4458.73;4309.07;4309.55
448;Villeret;895.0;241;7;18;;3642.43;5659.53;5586.53;4953.18;4739.46;4380.53;5087.30;5007.36;5640.82;4421.30
502;Vinelz;821.0;243;8;15;;3844.88;3967.29;3819.30;3905.11;3592.46;3640.13;3702.49;3881.48;3696.42;3895.46
946;Wachseldorn;232.0;247;24;21;;3211.46;2782.25;3520.98;3346.29;3198.53;2942.91;2887.85;3560.44;3313.02;3642.65
854;Wahlern;0.0;246;21;4;;3150.07;3464.91;3613.29;3759.30;3967.21;4105.82;4247.04;4291.00;4355.87;0.00
888;Wald;1191.0;246;22;8;;0.00;0.00;3115.66;3441.95;3728.06;3648.05;3511.12;3826.82;3259.04;3076.91
626;Walkringen;1828.0;246;12;20;;3004.04;3388.59;3699.02;3162.60;3332.32;3087.70;3378.61;3430.66;3443.51;3298.46
990;Walliswil b.N.;204.0;244;26;16;;4617.28;4805.61;5241.38;4559.82;7386.89;4423.82;4950.58;4798.82;5082.82;5459.99
991;Walliswil b.W.;567.0;244;26;15;;3009.26;3013.11;3115.13;3412.96;4131.66;2963.82;2742.15;3091.14;3018.90;3140.47
754;Walperswil;938.0;243;16;19;;3363.11;2897.41;3992.67;4022.06;3817.28;3585.33;3875.82;3805.45;3554.92;3637.86
959;Walterswil;539.0;244;25;21;;3651.25;3709.21;3467.76;4647.01;5773.08;3450.18;3378.42;3607.42;3493.49;3486.06
992;Wangen a.A.;2088.0;244;26;17;;4152.35;3874.03;3424.00;3660.38;5125.97;3968.95;3895.98;3751.26;4094.85;3988.78
993;Wangenried;395.0;244;26;16;;2930.79;2983.88;2874.44;2805.95;2897.24;3652.07;2818.36;2917.53;3306.63;3180.36
994;Wanzwil;0.0;244;26;18;;3126.19;4007.61;3896.40;3756.87;4210.68;3235.14;3407.24;0.00;0.00;0.00
886;Wattenwil;2692.0;247;22;17;;3300.22;3388.18;3444.13;4251.48;4155.92;4509.53;4257.06;4462.88;4720.32;4859.14
394;Wengi;612.0;243;5;20;;2869.69;3112.59;3035.85;3408.55;3648.19;3097.07;3498.48;4901.33;2934.21;3184.27
632;Wichtrach;4018.0;246;12;10;351;0.00;0.00;3113.80;3420.12;3346.21;3322.05;3404.46;3187.91;3507.68;3542.70
995;Wiedlisbach;2191.0;244;26;8;;3774.90;3832.80;3370.79;3595.13;4773.37;3550.43;3640.17;3661.86;4037.23;3825.94
553;Wiggiswil;100.0;246;9;21;;2885.58;1545.67;2317.65;2831.68;2820.38;3342.05;2489.80;2675.22;2023.46;3292.56
594;Wilderswil;2487.0;250;11;6;;4169.59;3938.41;4053.82;3654.57;3518.28;3592.35;3766.12;3885.98;4013.73;4041.60
554;Wiler b.U.;817.0;245;9;15;;3703.43;3665.90;3598.27;3160.66;2935.53;3359.44;3628.81;3509.58;3310.47;3360.65
671;Wileroltigen;390.0;246;14;21;;3080.12;3122.46;2912.94;3049.36;2883.23;3043.23;3341.88;3138.72;3258.63;3423.09
423;Willadingen;201.0;245;6;15;;2216.39;2854.30;2472.07;2689.65;2541.42;2534.81;2427.86;2589.42;2127.41;2593.04
769;Wimmis;2413.0;249;17;17;;3616.03;3602.16;3006.55;3136.56;3372.88;3229.82;3656.88;3415.10;3725.96;3271.62
360;Wohlen b.B.;8877.0;246;3;11;351;3616.89;3669.39;4022.29;4295.59;4348.72;5116.42;4383.05;4525.90;4564.17;4708.68
996;Wolfisberg;198.0;244;26;16;;2686.46;3679.32;3118.17;3127.05;3119.41;3752.20;3410.48;3356.26;2776.61;5246.43
627;Worb;11236.0;246;12;10;351;3762.66;4006.45;3626.03;3817.59;3834.82;3898.95;3904.74;4066.34;4168.09;3984.81
755;Worben;2288.0;243;16;8;371;3280.40;2812.47;2814.43;2683.68;2521.42;2665.62;3207.99;3019.94;3189.03;2837.85
345;Wynau;1551.0;244;2;15;;5241.29;5549.26;5442.09;5704.74;8631.53;5436.04;5479.60;4437.22;3035.89;2999.66
424;Wynigen;2014.0;245;6;20;;2985.89;3283.91;5179.18;5205.55;7769.72;5524.73;4551.26;4411.93;5299.76;5136.28
960;Wyssachen;1161.0;244;25;19;;3718.23;3511.68;3648.63;3484.69;5092.53;3425.31;3094.65;3227.77;3303.57;3802.15
555;Zauggenried;316.0;246;9;20;;3009.33;2698.65;2775.09;3005.77;3227.42;3551.51;3246.18;3499.53;3239.87;3077.07
556;Zielebach;329.0;245;9;14;;3125.56;2890.58;2281.59;2557.95;3173.32;3416.43;4342.39;2919.46;2627.33;3023.02
887;Zimmerwald;0.0;246;22;21;;2385.82;2503.78;0.00;0.00;0.00;0.00;0.00;0.00;0.00;0.00
361;Zollikofen;9792.0;246;3;9;351;3779.14;3962.76;4015.31;4346.40;4316.62;5252.47;4245.35;3986.35;4463.94;4613.38
557;Zuzwil;578.0;246;9;15;;2508.47;2582.91;2989.23;3258.92;2890.32;2920.45;3153.09;3442.20;3046.63;2795.40
794;Zweisimmen;2998.0;248;19;4;;3514.32;3428.86;3930.38;3992.03;4041.41;4270.79;4562.21;4481.79;4855.25;4386.06
947;Zwieselberg;280.0;247;24;16;;3672.19;3893.44;4081.47;3363.65;3595.45;3264.96;3338.50;2725.73;3092.86;3217.88
628;Zäziwil;1591.0;246;12;15;;3981.96;4026.14;4419.81;3523.82;4006.73;3477.09;5000.13;3024.31;3067.53;2971.68

